{"parent": "block/template_rail", "textures": {"front": "block/activator_rail", "back": "3d/block/activator_rail"}, "elements": [{"name": "Cube", "from": [2, 1, 0], "to": [4, 2, 16], "faces": {"north": {"uv": [2, 15, 4, 16], "rotation": 180, "texture": "#front", "cullface": "north"}, "east": {"uv": [3, 0, 4, 16], "rotation": 90, "texture": "#front"}, "south": {"uv": [2, 0, 4, 1], "texture": "#front", "cullface": "south"}, "west": {"uv": [3, 16, 2, 0], "rotation": 90, "texture": "#front"}, "up": {"uv": [2, 0, 4, 16], "texture": "#front"}, "down": {"uv": [2, 16, 4, 0], "texture": "#front"}}}, {"name": "Cube", "from": [12, 1, 0], "to": [14, 2, 16], "faces": {"north": {"uv": [14, 15, 12, 16], "texture": "#front", "cullface": "north"}, "east": {"uv": [13, 16, 14, 0], "rotation": 270, "texture": "#front"}, "south": {"uv": [14, 0, 12, 1], "rotation": 180, "texture": "#front", "cullface": "south"}, "west": {"uv": [12, 0, 13, 16], "rotation": 270, "texture": "#front"}, "up": {"uv": [14, 16, 12, 0], "rotation": 180, "texture": "#front"}, "down": {"uv": [12, 16, 14, 0], "texture": "#front"}}}, {"name": "Cube", "from": [1, 0, 5], "to": [15, 1, 7], "faces": {"north": {"uv": [1, 6, 15, 5], "rotation": 180, "texture": "#back"}, "east": {"uv": [14, 5, 15, 7], "rotation": 90, "texture": "#back"}, "south": {"uv": [15, 6, 1, 7], "rotation": 180, "texture": "#back"}, "west": {"uv": [1, 7, 2, 5], "rotation": 90, "texture": "#back"}, "up": {"uv": [15, 7, 1, 5], "rotation": 180, "texture": "#back"}, "down": {"uv": [15, 5, 1, 7], "rotation": 180, "texture": "#back", "cullface": "down"}}}, {"name": "Cube", "from": [1, 0, 1], "to": [15, 1, 3], "faces": {"north": {"uv": [1, 2, 15, 1], "rotation": 180, "texture": "#back"}, "east": {"uv": [14, 1, 15, 3], "rotation": 90, "texture": "#back"}, "south": {"uv": [15, 2, 1, 3], "rotation": 180, "texture": "#back"}, "west": {"uv": [1, 3, 2, 1], "rotation": 90, "texture": "#back"}, "up": {"uv": [15, 3, 1, 1], "rotation": 180, "texture": "#back"}, "down": {"uv": [15, 1, 1, 3], "rotation": 180, "texture": "#back", "cullface": "down"}}}, {"name": "Cube", "from": [1, 0, 9], "to": [15, 1, 11], "faces": {"north": {"uv": [1, 10, 15, 9], "rotation": 180, "texture": "#back"}, "east": {"uv": [14, 9, 15, 11], "rotation": 90, "texture": "#back"}, "south": {"uv": [15, 10, 1, 11], "rotation": 180, "texture": "#back"}, "west": {"uv": [1, 11, 2, 9], "rotation": 90, "texture": "#back"}, "up": {"uv": [15, 11, 1, 9], "rotation": 180, "texture": "#back"}, "down": {"uv": [15, 9, 1, 11], "rotation": 180, "texture": "#back", "cullface": "down"}}}, {"name": "Cube", "from": [1, 0, 13], "to": [15, 1, 15], "faces": {"north": {"uv": [1, 14, 15, 13], "rotation": 180, "texture": "#back"}, "east": {"uv": [14, 13, 15, 15], "rotation": 90, "texture": "#back"}, "south": {"uv": [15, 14, 1, 15], "rotation": 180, "texture": "#back"}, "west": {"uv": [1, 15, 2, 13], "rotation": 90, "texture": "#back"}, "up": {"uv": [15, 15, 1, 13], "rotation": 180, "texture": "#back"}, "down": {"uv": [15, 13, 1, 15], "rotation": 180, "texture": "#back", "cullface": "down"}}}, {"name": "Cube", "from": [7, 0, 3], "to": [9, 1, 13], "faces": {"east": {"uv": [8, 3, 9, 13], "rotation": 90, "texture": "#front"}, "west": {"uv": [7, 3, 8, 13], "rotation": 270, "texture": "#front"}, "up": {"uv": [7, 3, 9, 13], "texture": "#front"}, "down": {"uv": [7, 13, 9, 3], "texture": "#front", "cullface": "down"}}}]}