{"parent": "minecraft:block/plant", "textures": {"cross": "minecraft:3d/block/allium"}, "elements": [{"from": [7, 0, 7], "to": [8, 7, 8], "faces": {"north": {"uv": [7, 9, 8, 16], "texture": "#cross"}, "east": {"uv": [7, 9, 8, 16], "texture": "#cross"}, "south": {"uv": [7, 9, 8, 16], "texture": "#cross"}, "west": {"uv": [7, 9, 8, 16], "texture": "#cross"}, "down": {"uv": [7, 15, 8, 16], "texture": "#cross", "cullface": "down"}}}, {"from": [8, 7, 7], "to": [9, 8, 8], "faces": {"north": {"uv": [6, 7, 7, 8], "texture": "#cross"}, "east": {"uv": [7, 7, 8, 8], "texture": "#cross"}, "south": {"uv": [8, 7, 9, 8], "texture": "#cross"}, "down": {"uv": [8, 5, 9, 6], "texture": "#cross"}}}, {"from": [7, 7, 6], "to": [8, 8, 9], "faces": {"north": {"uv": [7, 7, 8, 8], "texture": "#cross"}, "east": {"uv": [6, 7, 9, 8], "texture": "#cross"}, "south": {"uv": [7, 7, 8, 8], "texture": "#cross"}, "west": {"uv": [6, 7, 9, 8], "texture": "#cross"}, "down": {"uv": [7, 4, 8, 7], "texture": "#cross"}}}, {"from": [9, 8, 7], "to": [10, 9, 8], "faces": {"north": {"uv": [5, 6, 6, 7], "texture": "#cross"}, "east": {"uv": [7, 6, 8, 7], "texture": "#cross"}, "south": {"uv": [9, 6, 10, 7], "texture": "#cross"}, "down": {"uv": [9, 5, 10, 6], "texture": "#cross"}}}, {"from": [6, 7, 7], "to": [7, 8, 8], "faces": {"north": {"uv": [8, 7, 9, 8], "texture": "#cross"}, "south": {"uv": [6, 7, 7, 8], "texture": "#cross"}, "west": {"uv": [7, 7, 8, 8], "texture": "#cross"}, "down": {"uv": [6, 5, 7, 6], "texture": "#cross"}}}, {"from": [6, 8, 6], "to": [7, 9, 9], "faces": {"north": {"uv": [8, 6, 9, 7], "texture": "#cross"}, "south": {"uv": [6, 6, 7, 7], "texture": "#cross"}, "west": {"uv": [6, 6, 9, 7], "texture": "#cross"}, "down": {"uv": [6, 4, 7, 7], "texture": "#cross"}}}, {"from": [7, 8, 5], "to": [8, 9, 10], "faces": {"north": {"uv": [7, 6, 8, 7], "texture": "#cross"}, "east": {"uv": [5, 6, 10, 7], "texture": "#cross"}, "south": {"uv": [7, 6, 8, 7], "texture": "#cross"}, "west": {"uv": [5, 6, 10, 7], "texture": "#cross"}, "down": {"uv": [7, 3, 8, 8], "texture": "#cross"}}}, {"from": [8, 8, 6], "to": [9, 9, 9], "faces": {"north": {"uv": [6, 6, 7, 7], "texture": "#cross"}, "east": {"uv": [6, 6, 9, 7], "texture": "#cross"}, "south": {"uv": [8, 6, 9, 7], "texture": "#cross"}, "down": {"uv": [8, 4, 9, 7], "texture": "#cross"}}}, {"from": [5, 8, 7], "to": [6, 9, 8], "faces": {"north": {"uv": [9, 6, 10, 7], "texture": "#cross"}, "south": {"uv": [5, 6, 6, 7], "texture": "#cross"}, "west": {"uv": [7, 6, 8, 7], "texture": "#cross"}, "down": {"uv": [5, 5, 6, 6], "texture": "#cross"}}}, {"from": [8, 9, 5], "to": [9, 10, 10], "faces": {"north": {"uv": [6, 5, 7, 6], "texture": "#cross"}, "east": {"uv": [5, 5, 10, 6], "texture": "#cross"}, "south": {"uv": [8, 5, 9, 6], "texture": "#cross"}, "up": {"uv": [8, 3, 9, 8], "texture": "#cross"}, "down": {"uv": [8, 3, 9, 8], "texture": "#cross"}}}, {"from": [7, 9, 5], "to": [8, 10, 10], "faces": {"north": {"uv": [7, 5, 8, 6], "texture": "#cross"}, "south": {"uv": [7, 5, 8, 6], "texture": "#cross"}}}, {"from": [6, 9, 5], "to": [7, 10, 10], "faces": {"north": {"uv": [8, 5, 9, 6], "texture": "#cross"}, "south": {"uv": [6, 5, 7, 6], "texture": "#cross"}, "west": {"uv": [5, 5, 10, 6], "texture": "#cross"}, "up": {"uv": [6, 3, 7, 8], "texture": "#cross"}, "down": {"uv": [6, 3, 7, 8], "texture": "#cross"}}}, {"from": [5, 9, 6], "to": [6, 10, 9], "faces": {"north": {"uv": [9, 5, 10, 6], "texture": "#cross"}, "south": {"uv": [5, 5, 6, 6], "texture": "#cross"}, "west": {"uv": [6, 5, 9, 6], "texture": "#cross"}, "up": {"uv": [5, 4, 6, 7], "texture": "#cross"}, "down": {"uv": [5, 4, 6, 7], "texture": "#cross"}}}, {"from": [9, 9, 6], "to": [10, 10, 9], "faces": {"north": {"uv": [5, 5, 6, 6], "texture": "#cross"}, "east": {"uv": [6, 5, 9, 6], "texture": "#cross"}, "south": {"uv": [9, 5, 10, 6], "texture": "#cross"}, "up": {"uv": [9, 4, 10, 7], "texture": "#cross"}, "down": {"uv": [9, 4, 10, 7], "texture": "#cross"}}}, {"from": [9, 10, 7], "to": [10, 11, 8], "faces": {"north": {"uv": [5, 4, 6, 5], "texture": "#cross"}, "east": {"uv": [7, 4, 8, 5], "texture": "#cross"}, "south": {"uv": [9, 4, 10, 5], "texture": "#cross"}, "up": {"uv": [9, 5, 10, 6], "texture": "#cross"}}}, {"from": [5, 10, 7], "to": [6, 11, 8], "faces": {"north": {"uv": [9, 4, 10, 5], "texture": "#cross"}, "south": {"uv": [5, 4, 6, 5], "texture": "#cross"}, "west": {"uv": [7, 4, 8, 5], "texture": "#cross"}, "up": {"uv": [5, 5, 6, 6], "texture": "#cross"}}}, {"from": [7, 10, 5], "to": [8, 11, 6], "faces": {"north": {"uv": [7, 4, 8, 5], "texture": "#cross"}, "east": {"uv": [9, 4, 10, 5], "texture": "#cross"}, "west": {"uv": [5, 4, 6, 5], "texture": "#cross"}, "up": {"uv": [7, 3, 8, 4], "texture": "#cross"}}}, {"from": [7, 10, 9], "to": [8, 11, 10], "faces": {"east": {"uv": [5, 4, 6, 5], "texture": "#cross"}, "south": {"uv": [7, 4, 8, 5], "texture": "#cross"}, "west": {"uv": [9, 4, 10, 5], "texture": "#cross"}, "up": {"uv": [7, 7, 8, 8], "texture": "#cross"}}}, {"from": [6, 10, 6], "to": [9, 11, 9], "faces": {"north": {"uv": [6, 4, 9, 5], "texture": "#cross"}, "east": {"uv": [6, 4, 9, 5], "texture": "#cross"}, "south": {"uv": [6, 4, 9, 5], "texture": "#cross"}, "west": {"uv": [6, 4, 9, 5], "texture": "#cross"}, "up": {"uv": [6, 4, 9, 7], "texture": "#cross"}}}, {"from": [7, 11, 6], "to": [8, 12, 9], "faces": {"north": {"uv": [7, 3, 8, 4], "texture": "#cross"}, "east": {"uv": [6, 3, 9, 4], "texture": "#cross"}, "south": {"uv": [7, 3, 8, 4], "texture": "#cross"}, "west": {"uv": [6, 3, 9, 4], "texture": "#cross"}, "up": {"uv": [7, 4, 8, 7], "texture": "#cross"}}}, {"from": [6, 11, 7], "to": [7, 12, 8], "faces": {"north": {"uv": [8, 3, 9, 4], "texture": "#cross"}, "south": {"uv": [6, 3, 7, 4], "texture": "#cross"}, "west": {"uv": [7, 3, 8, 4], "texture": "#cross"}, "up": {"uv": [6, 5, 7, 6], "texture": "#cross"}}}, {"from": [8, 11, 7], "to": [9, 12, 8], "faces": {"north": {"uv": [6, 3, 7, 4], "texture": "#cross"}, "east": {"uv": [7, 3, 8, 4], "texture": "#cross"}, "south": {"uv": [8, 3, 9, 4], "texture": "#cross"}, "up": {"uv": [8, 5, 9, 6], "texture": "#cross"}}}], "groups": [{"name": "stem", "origin": [8, 8, 8], "children": [0]}, {"name": "flower", "origin": [8, 8, 8], "children": [1, 2, 3, 4, 5, 6, 7, 8, 9, 10, 11, 12, 13, 14, 15, 16, 17, 18, 19, 20, 21]}]}