{"texture_size": [64, 64], "textures": {"particle": "minecraft:3d/block/armor_stand", "armor_stand": "minecraft:3d/block/armor_stand"}, "elements": [{"name": "base", "from": [2, 0, 2], "to": [14, 1, 14], "faces": {"north": {"uv": [3, 11, 6, 11.25], "texture": "#armor_stand"}, "east": {"uv": [0, 11, 3, 11.25], "texture": "#armor_stand"}, "south": {"uv": [9, 11, 12, 11.25], "texture": "#armor_stand"}, "west": {"uv": [6, 11, 9, 11.25], "texture": "#armor_stand"}, "up": {"uv": [3, 8, 6, 11], "texture": "#armor_stand"}, "down": {"uv": [6, 8, 9, 11], "texture": "#armor_stand"}}}, {"name": "waist", "from": [4, 12, 7], "to": [12, 14, 9], "faces": {"north": {"uv": [0.5, 12.5, 2.5, 13], "texture": "#armor_stand"}, "east": {"uv": [0, 12.5, 0.5, 13], "texture": "#armor_stand"}, "south": {"uv": [3, 12.5, 5, 13], "texture": "#armor_stand"}, "west": {"uv": [2.5, 12.5, 3, 13], "texture": "#armor_stand"}, "up": {"uv": [0.5, 12, 2.5, 12.5], "texture": "#armor_stand"}, "down": {"uv": [2.5, 12, 4.5, 12.5], "texture": "#armor_stand"}}}, {"name": "left", "from": [5, 14, 7], "to": [7, 21, 9], "faces": {"north": {"uv": [12.5, 4.5, 13, 6.25], "texture": "#armor_stand"}, "east": {"uv": [12, 4.5, 12.5, 6.25], "texture": "#armor_stand"}, "south": {"uv": [13.5, 4.5, 14, 6.25], "texture": "#armor_stand"}, "west": {"uv": [13, 4.5, 13.5, 6.25], "texture": "#armor_stand"}, "up": {"uv": [12.5, 4, 13, 4.5], "texture": "#armor_stand"}, "down": {"uv": [13, 4, 13.5, 4.5], "texture": "#armor_stand"}}}, {"name": "right", "from": [9, 14, 7], "to": [11, 21, 9], "faces": {"north": {"uv": [4.5, 0.5, 5, 2.25], "texture": "#armor_stand"}, "east": {"uv": [4, 0.5, 4.5, 2.25], "texture": "#armor_stand"}, "south": {"uv": [5.5, 0.5, 6, 2.25], "texture": "#armor_stand"}, "west": {"uv": [5, 0.5, 5.5, 2.25], "texture": "#armor_stand"}, "up": {"uv": [4.5, 0, 5, 0.5], "texture": "#armor_stand"}, "down": {"uv": [5, 0, 5.5, 0.5], "texture": "#armor_stand"}}}, {"name": "right_leg", "from": [9, 1, 7], "to": [11, 12, 9], "faces": {"north": {"uv": [2.5, 0.5, 3, 3.25], "texture": "#armor_stand"}, "east": {"uv": [2, 0.5, 2.5, 3.25], "texture": "#armor_stand"}, "south": {"uv": [3.5, 0.5, 4, 3.25], "texture": "#armor_stand"}, "west": {"uv": [3, 0.5, 3.5, 3.25], "texture": "#armor_stand"}, "up": {"uv": [2.5, 0, 3, 0.5], "texture": "#armor_stand"}, "down": {"uv": [3, 0, 3.5, 0.5], "texture": "#armor_stand"}}}, {"name": "left_leg", "from": [5, 1, 7], "to": [7, 12, 9], "faces": {"north": {"uv": [10.5, 4.5, 11, 7.25], "texture": "#armor_stand"}, "east": {"uv": [10, 4.5, 10.5, 7.25], "texture": "#armor_stand"}, "south": {"uv": [11.5, 4.5, 12, 7.25], "texture": "#armor_stand"}, "west": {"uv": [11, 4.5, 11.5, 7.25], "texture": "#armor_stand"}, "up": {"uv": [10.5, 4, 11, 4.5], "texture": "#armor_stand"}, "down": {"uv": [11, 4, 11.5, 4.5], "texture": "#armor_stand"}}}, {"name": "body", "from": [2, 21, 6.5], "to": [14, 24, 9.5], "faces": {"north": {"uv": [0.75, 7.25, 3.75, 8], "texture": "#armor_stand"}, "east": {"uv": [0, 7.25, 0.75, 8], "texture": "#armor_stand"}, "south": {"uv": [4.5, 7.25, 7.5, 8], "texture": "#armor_stand"}, "west": {"uv": [3.75, 7.25, 4.5, 8], "texture": "#armor_stand"}, "up": {"uv": [0.75, 6.5, 3.75, 7.25], "texture": "#armor_stand"}, "down": {"uv": [3.75, 6.5, 6.75, 7.25], "texture": "#armor_stand"}}}, {"name": "head", "from": [7, 24, 7], "to": [9, 31, 9], "faces": {"north": {"uv": [0.5, 0.5, 1, 2.25], "texture": "#armor_stand"}, "east": {"uv": [0, 0.5, 0.5, 2.25], "texture": "#armor_stand"}, "south": {"uv": [1.5, 0.5, 2, 2.25], "texture": "#armor_stand"}, "west": {"uv": [1, 0.5, 1.5, 2.25], "texture": "#armor_stand"}, "up": {"uv": [0.5, 0, 1, 0.5], "texture": "#armor_stand"}, "down": {"uv": [1, 0, 1.5, 0.5], "texture": "#armor_stand"}}}], "display": {"thirdperson_righthand": {"rotation": [75, 45, 0], "translation": [0, 2.5, 3.25], "scale": [0.375, 0.375, 0.375]}, "thirdperson_lefthand": {"rotation": [75, 45, 0], "translation": [0, 2.5, 3.25], "scale": [0.375, 0.375, 0.375]}, "firstperson_righthand": {"rotation": [0, -75, 0], "translation": [3, 0, 0.5], "scale": [0.4, 0.4, 0.4]}, "firstperson_lefthand": {"rotation": [0, -75, 0], "translation": [3, 0, 0.5], "scale": [0.4, 0.4, 0.4]}, "ground": {"translation": [0, 3, 0], "scale": [0.25, 0.25, 0.25]}, "gui": {"rotation": [30, 225, 0], "translation": [0, -2.5, 0], "scale": [0.425, 0.425, 0.425]}, "head": {"rotation": [0, 180, 0], "translation": [0, 13, 7]}, "fixed": {"translation": [0, -2.75, 0], "scale": [0.5, 0.5, 0.5]}}}