{"parent": "block/cube_bottom_top", "textures": {"top": "block/barrel_top", "side": "block/barrel_side", "bottom": "block/barrel_bottom"}, "elements": [{"from": [3, 15.25, 8], "to": [5, 16.25, 10], "faces": {"north": {"uv": [3, 8, 5, 9], "rotation": 180, "texture": "#top", "cullface": "up"}, "east": {"uv": [3, 8, 5, 9], "texture": "#top", "cullface": "up"}, "south": {"uv": [3, 9, 5, 10], "texture": "#top", "cullface": "up"}, "west": {"uv": [3, 9, 5, 10], "texture": "#top", "cullface": "up"}, "up": {"uv": [3, 8, 5, 10], "texture": "#top", "cullface": "up"}}}, {"from": [0, 3, -0.25], "to": [16, 5, 0], "faces": {"north": {"uv": [0, 11, 16, 13], "texture": "#side", "cullface": "north"}, "east": {"uv": [0, 11, 1, 13], "texture": "#side", "cullface": "north"}, "west": {"uv": [15, 11, 16, 13], "texture": "#side", "cullface": "north"}, "up": {"uv": [0, 11, 16, 12], "rotation": 180, "texture": "#side", "cullface": "north"}, "down": {"uv": [0, 12, 16, 13], "rotation": 180, "texture": "#side", "cullface": "north"}}}, {"from": [0, 11, -0.25], "to": [16, 13, 0], "faces": {"north": {"uv": [0, 3, 16, 5], "texture": "#side", "cullface": "north"}, "east": {"uv": [0, 3, 1, 5], "texture": "#side", "cullface": "north"}, "west": {"uv": [15, 3, 16, 5], "texture": "#side", "cullface": "north"}, "up": {"uv": [0, 3, 16, 4], "rotation": 180, "texture": "#side", "cullface": "north"}, "down": {"uv": [0, 4, 16, 5], "rotation": 180, "texture": "#side", "cullface": "north"}}}, {"from": [16, 3, 0], "to": [16.25, 5, 16], "faces": {"north": {"uv": [15, 11, 16, 13], "texture": "#side", "cullface": "east"}, "east": {"uv": [0, 11, 16, 13], "texture": "#side", "cullface": "east"}, "south": {"uv": [0, 11, 1, 13], "texture": "#side", "cullface": "east"}, "up": {"uv": [0, 11, 16, 12], "rotation": 270, "texture": "#side", "cullface": "east"}, "down": {"uv": [0, 12, 16, 13], "rotation": 90, "texture": "#side", "cullface": "east"}}}, {"from": [16, 11, 0], "to": [16.25, 13, 16], "faces": {"north": {"uv": [15, 3, 16, 5], "texture": "#side", "cullface": "east"}, "east": {"uv": [0, 3, 16, 5], "texture": "#side", "cullface": "east"}, "south": {"uv": [0, 3, 1, 5], "texture": "#side", "cullface": "east"}, "up": {"uv": [0, 3, 16, 4], "rotation": 270, "texture": "#side", "cullface": "east"}, "down": {"uv": [0, 4, 16, 5], "rotation": 90, "texture": "#side", "cullface": "east"}}}, {"from": [0, 3, 16], "to": [16, 5, 16.25], "faces": {"east": {"uv": [15, 11, 16, 13], "texture": "#side", "cullface": "south"}, "south": {"uv": [0, 11, 16, 13], "texture": "#side", "cullface": "south"}, "west": {"uv": [0, 11, 1, 13], "texture": "#side", "cullface": "south"}, "up": {"uv": [0, 11, 16, 12], "texture": "#side", "cullface": "south"}, "down": {"uv": [0, 12, 16, 13], "texture": "#side", "cullface": "south"}}}, {"from": [0, 11, 16], "to": [16, 13, 16.25], "faces": {"east": {"uv": [15, 3, 16, 5], "texture": "#side", "cullface": "south"}, "south": {"uv": [0, 3, 16, 5], "texture": "#side", "cullface": "south"}, "west": {"uv": [0, 3, 1, 5], "texture": "#side", "cullface": "south"}, "up": {"uv": [0, 3, 16, 4], "texture": "#side", "cullface": "south"}, "down": {"uv": [0, 4, 16, 5], "texture": "#side", "cullface": "south"}}}, {"from": [-0.25, 3, 0], "to": [0, 5, 16], "faces": {"north": {"uv": [0, 11, 1, 13], "texture": "#side", "cullface": "west"}, "south": {"uv": [15, 11, 16, 13], "texture": "#side", "cullface": "west"}, "west": {"uv": [0, 11, 16, 13], "texture": "#side", "cullface": "west"}, "up": {"uv": [0, 11, 16, 12], "rotation": 90, "texture": "#side", "cullface": "west"}, "down": {"uv": [0, 12, 16, 13], "rotation": 270, "texture": "#side", "cullface": "west"}}}, {"from": [-0.25, 11, 0], "to": [0, 13, 16], "faces": {"north": {"uv": [0, 3, 1, 5], "texture": "#side", "cullface": "west"}, "south": {"uv": [15, 3, 16, 5], "texture": "#side", "cullface": "west"}, "west": {"uv": [0, 3, 16, 5], "texture": "#side", "cullface": "west"}, "up": {"uv": [0, 3, 16, 4], "rotation": 90, "texture": "#side", "cullface": "west"}, "down": {"uv": [0, 4, 16, 5], "rotation": 270, "texture": "#side", "cullface": "west"}}}, {"from": [0, 0, 0], "to": [16, 16, 16], "faces": {"north": {"uv": [0, 0, 16, 16], "texture": "#side"}, "east": {"uv": [0, 0, 16, 16], "texture": "#side"}, "south": {"uv": [0, 0, 16, 16], "texture": "#side"}, "west": {"uv": [0, 0, 16, 16], "texture": "#side"}, "up": {"uv": [0, 0, 16, 16], "texture": "#top"}, "down": {"uv": [0, 0, 16, 16], "texture": "#bottom"}}}], "groups": [0, {"name": "north", "origin": [8, 8, 8], "color": 0, "children": [1, 2]}, {"name": "east", "origin": [8, 8, 8], "color": 0, "children": [3, 4]}, {"name": "south", "origin": [8, 8, 8], "color": 0, "children": [5, 6]}, {"name": "west", "origin": [8, 8, 8], "color": 0, "children": [7, 8]}, 9]}