{"parent": "block/cube_bottom_top", "textures": {"top": "block/barrel_top_open", "side": "block/barrel_side", "bottom": "block/barrel_bottom"}, "elements": [{"from": [0, 0, 0], "to": [16, 15, 16], "faces": {"north": {"uv": [0, 1, 16, 16], "texture": "#side", "cullface": "north"}, "east": {"uv": [0, 1, 16, 16], "texture": "#side", "cullface": "east"}, "south": {"uv": [0, 1, 16, 16], "texture": "#side", "cullface": "south"}, "west": {"uv": [0, 1, 16, 16], "texture": "#side", "cullface": "west"}, "up": {"uv": [0, 0, 16, 16], "texture": "#top", "cullface": "up"}, "down": {"uv": [0, 0, 16, 16], "texture": "#bottom", "cullface": "down"}}}, {"from": [0, 15, 0], "to": [2, 16, 16], "faces": {"north": {"uv": [14, 0, 16, 1], "texture": "#side", "cullface": "north"}, "east": {"uv": [1, 0, 2, 16], "rotation": 90, "texture": "#top", "cullface": "up"}, "south": {"uv": [0, 0, 2, 1], "texture": "#side", "cullface": "south"}, "west": {"uv": [0, 0, 16, 1], "texture": "#side", "cullface": "west"}, "up": {"uv": [0, 0, 2, 16], "texture": "#top", "cullface": "up"}}}, {"from": [14, 15, 0], "to": [16, 16, 16], "faces": {"north": {"uv": [0, 0, 2, 1], "texture": "#side", "cullface": "north"}, "east": {"uv": [0, 0, 16, 1], "texture": "#side", "cullface": "east"}, "south": {"uv": [14, 0, 16, 1], "texture": "#side", "cullface": "south"}, "west": {"uv": [14, 0, 15, 16], "rotation": 270, "texture": "#top", "cullface": "up"}, "up": {"uv": [14, 0, 16, 16], "texture": "#top", "cullface": "up"}}}, {"from": [2, 15, 0], "to": [14, 16, 2], "faces": {"north": {"uv": [2, 0, 14, 1], "texture": "#side", "cullface": "north"}, "south": {"uv": [2, 1, 14, 2], "texture": "#top", "cullface": "up"}, "up": {"uv": [2, 0, 14, 2], "texture": "#top", "cullface": "up"}}}, {"from": [2, 15, 14], "to": [14, 16, 16], "faces": {"north": {"uv": [2, 1, 14, 2], "texture": "#top", "cullface": "up"}, "south": {"uv": [2, 0, 14, 1], "texture": "#side", "cullface": "south"}, "up": {"uv": [2, 14, 14, 16], "texture": "#top", "cullface": "up"}}}, {"from": [2, 15, 13], "to": [5, 16, 14], "faces": {"north": {"uv": [2, 4, 3, 5], "texture": "#top", "cullface": "up"}, "east": {"uv": [2, 4, 3, 5], "texture": "#top", "cullface": "up"}, "up": {"uv": [2, 13, 5, 14], "texture": "#top", "cullface": "up"}}}, {"from": [2, 15, 2], "to": [5, 16, 3], "rotation": {"angle": 0, "axis": "y", "origin": [8, 8, -3]}, "faces": {"east": {"uv": [2, 4, 3, 5], "texture": "#top", "cullface": "up"}, "south": {"uv": [2, 4, 3, 5], "texture": "#top", "cullface": "up"}, "up": {"uv": [2, 2, 5, 3], "texture": "#top", "cullface": "up"}}}, {"from": [11, 15, 13], "to": [14, 16, 14], "faces": {"north": {"uv": [2, 2, 5, 3], "texture": "#top", "cullface": "up"}, "west": {"uv": [2, 4, 3, 5], "texture": "#top", "cullface": "up"}, "up": {"uv": [11, 13, 14, 14], "texture": "#top", "cullface": "up"}}}, {"from": [11, 15, 2], "to": [14, 16, 3], "faces": {"south": {"uv": [2, 4, 3, 5], "texture": "#top", "cullface": "up"}, "west": {"uv": [2, 4, 3, 5], "texture": "#top", "cullface": "up"}, "up": {"uv": [11, 2, 14, 3], "texture": "#top", "cullface": "up"}}}, {"from": [2, 15, 12], "to": [4, 16, 13], "faces": {"north": {"uv": [2, 4, 3, 5], "texture": "#top", "cullface": "up"}, "east": {"uv": [2, 4, 3, 5], "texture": "#top", "cullface": "up"}, "up": {"uv": [2, 12, 4, 13], "texture": "#top", "cullface": "up"}}}, {"from": [2, 15, 3], "to": [4, 16, 4], "faces": {"east": {"uv": [2, 4, 3, 5], "texture": "#top", "cullface": "up"}, "south": {"uv": [2, 4, 3, 5], "texture": "#top", "cullface": "up"}, "up": {"uv": [2, 3, 4, 4], "texture": "#top", "cullface": "up"}}}, {"from": [12, 15, 12], "to": [14, 16, 13], "faces": {"north": {"uv": [2, 3, 4, 4], "texture": "#top", "cullface": "up"}, "west": {"uv": [2, 4, 3, 5], "texture": "#top", "cullface": "up"}, "up": {"uv": [12, 12, 14, 13], "texture": "#top", "cullface": "up"}}}, {"from": [12, 15, 3], "to": [14, 16, 4], "faces": {"south": {"uv": [2, 4, 3, 5], "texture": "#top", "cullface": "up"}, "west": {"uv": [2, 4, 3, 5], "texture": "#top", "cullface": "up"}, "up": {"uv": [12, 3, 14, 4], "texture": "#top", "cullface": "up"}}}, {"from": [2, 15, 11], "to": [3, 16, 12], "faces": {"north": {"uv": [2, 4, 3, 5], "texture": "#top", "cullface": "up"}, "east": {"uv": [2, 4, 3, 5], "texture": "#top", "cullface": "up"}, "up": {"uv": [2, 11, 3, 12], "texture": "#top", "cullface": "up"}}}, {"from": [2, 15, 4], "to": [3, 16, 5], "faces": {"east": {"uv": [2, 4, 3, 5], "texture": "#top", "cullface": "up"}, "south": {"uv": [2, 4, 3, 5], "texture": "#top", "cullface": "up"}, "up": {"uv": [2, 4, 3, 5], "texture": "#top", "cullface": "up"}}}, {"from": [13, 15, 11], "to": [14, 16, 12], "faces": {"north": {"uv": [2, 4, 3, 5], "texture": "#top", "cullface": "up"}, "west": {"uv": [2, 4, 3, 5], "texture": "#top", "cullface": "up"}, "up": {"uv": [13, 11, 14, 12], "texture": "#top", "cullface": "up"}}}, {"from": [13, 15, 4], "to": [14, 16, 5], "faces": {"south": {"uv": [2, 4, 3, 5], "texture": "#top", "cullface": "up"}, "west": {"uv": [2, 4, 3, 5], "texture": "#top", "cullface": "up"}, "up": {"uv": [13, 4, 14, 5], "texture": "#top", "cullface": "up"}}}, {"from": [0, 3, -0.25], "to": [16, 5, 0], "faces": {"north": {"uv": [0, 11, 16, 13], "texture": "#side", "cullface": "north"}, "east": {"uv": [0, 11, 1, 13], "texture": "#side", "cullface": "north"}, "west": {"uv": [15, 11, 16, 13], "texture": "#side", "cullface": "north"}, "up": {"uv": [0, 11, 16, 12], "rotation": 180, "texture": "#side", "cullface": "north"}, "down": {"uv": [0, 12, 16, 13], "rotation": 180, "texture": "#side", "cullface": "north"}}}, {"from": [0, 11, -0.25], "to": [16, 13, 0], "faces": {"north": {"uv": [0, 3, 16, 5], "texture": "#side", "cullface": "north"}, "east": {"uv": [0, 3, 1, 5], "texture": "#side", "cullface": "north"}, "west": {"uv": [15, 3, 16, 5], "texture": "#side", "cullface": "north"}, "up": {"uv": [0, 3, 16, 4], "rotation": 180, "texture": "#side", "cullface": "north"}, "down": {"uv": [0, 4, 16, 5], "rotation": 180, "texture": "#side", "cullface": "north"}}}, {"from": [0, 3, 16], "to": [16, 5, 16.25], "faces": {"east": {"uv": [15, 11, 16, 13], "texture": "#side", "cullface": "south"}, "south": {"uv": [0, 11, 16, 13], "texture": "#side", "cullface": "south"}, "west": {"uv": [0, 11, 1, 13], "texture": "#side", "cullface": "south"}, "up": {"uv": [0, 11, 16, 12], "texture": "#side", "cullface": "south"}, "down": {"uv": [0, 12, 16, 13], "texture": "#side", "cullface": "south"}}}, {"from": [0, 11, 16], "to": [16, 13, 16.25], "faces": {"east": {"uv": [15, 3, 16, 5], "texture": "#side", "cullface": "south"}, "south": {"uv": [0, 3, 16, 5], "texture": "#side", "cullface": "south"}, "west": {"uv": [0, 3, 1, 5], "texture": "#side", "cullface": "south"}, "up": {"uv": [0, 3, 16, 4], "texture": "#side", "cullface": "south"}, "down": {"uv": [0, 4, 16, 5], "texture": "#side", "cullface": "south"}}}, {"from": [-0.25, 3, 0], "to": [0, 5, 16], "faces": {"north": {"uv": [0, 11, 1, 13], "texture": "#side", "cullface": "west"}, "south": {"uv": [15, 11, 16, 13], "texture": "#side", "cullface": "west"}, "west": {"uv": [0, 11, 16, 13], "texture": "#side", "cullface": "west"}, "up": {"uv": [0, 11, 16, 12], "rotation": 90, "texture": "#side", "cullface": "west"}, "down": {"uv": [0, 12, 16, 13], "rotation": 270, "texture": "#side", "cullface": "west"}}}, {"from": [-0.25, 11, 0], "to": [0, 13, 16], "faces": {"north": {"uv": [0, 3, 1, 5], "texture": "#side", "cullface": "west"}, "south": {"uv": [15, 3, 16, 5], "texture": "#side", "cullface": "west"}, "west": {"uv": [0, 3, 16, 5], "texture": "#side", "cullface": "west"}, "up": {"uv": [0, 3, 16, 4], "rotation": 90, "texture": "#side", "cullface": "west"}, "down": {"uv": [0, 4, 16, 5], "rotation": 270, "texture": "#side", "cullface": "west"}}}, {"from": [16, 3, 0], "to": [16.25, 5, 16], "faces": {"north": {"uv": [15, 11, 16, 13], "texture": "#side", "cullface": "east"}, "east": {"uv": [0, 11, 16, 13], "texture": "#side", "cullface": "east"}, "south": {"uv": [0, 11, 1, 13], "texture": "#side", "cullface": "east"}, "up": {"uv": [0, 11, 16, 12], "rotation": 270, "texture": "#side", "cullface": "east"}, "down": {"uv": [0, 12, 16, 13], "rotation": 90, "texture": "#side", "cullface": "east"}}}, {"from": [16, 11, 0], "to": [16.25, 13, 16], "faces": {"north": {"uv": [15, 3, 16, 5], "texture": "#side", "cullface": "east"}, "east": {"uv": [0, 3, 16, 5], "texture": "#side", "cullface": "east"}, "south": {"uv": [0, 3, 1, 5], "texture": "#side", "cullface": "east"}, "up": {"uv": [0, 3, 16, 4], "rotation": 270, "texture": "#side", "cullface": "east"}, "down": {"uv": [0, 4, 16, 5], "rotation": 90, "texture": "#side", "cullface": "east"}}}], "groups": [0, {"name": "top", "origin": [17, 8, 1], "color": 0, "children": [1, 2, 3, 4, 5, 6, 7, 8, 9, 10, 11, 12, 13, 14, 15, 16]}, {"name": "north", "origin": [8, 8, 8], "color": 0, "children": [17, 18]}, {"name": "south", "origin": [8, 8, 8], "color": 0, "children": [19, 20]}, {"name": "west", "origin": [8, 8, 8], "color": 0, "children": [21, 22]}, {"name": "east", "origin": [8, 8, 8], "color": 0, "children": [23, 24]}]}