{"parent": "block/orientable_with_bottom", "textures": {"bottom": "block/beehive_end", "front": "block/beehive_front_honey", "particle": "block/beehive_side", "side": "block/beehive_side"}, "elements": [{"from": [1, 1, 1], "to": [15, 12, 15], "faces": {"north": {"uv": [1, 4, 15, 15], "texture": "#front", "cullface": "north"}, "east": {"uv": [1, 4, 15, 15], "texture": "#side", "cullface": "east"}, "south": {"uv": [1, 4, 15, 15], "texture": "#side", "cullface": "south"}, "west": {"uv": [1, 4, 15, 15], "texture": "#side", "cullface": "west"}}}, {"from": [0, 1, 0], "to": [1, 12, 1], "faces": {"north": {"uv": [15, 4, 16, 15], "texture": "#front", "cullface": "north"}, "east": {"uv": [15, 4, 16, 15], "texture": "#front", "cullface": "north"}, "south": {"uv": [15, 4, 16, 15], "texture": "#front", "cullface": "west"}, "west": {"uv": [15, 4, 16, 15], "texture": "#front", "cullface": "west"}}}, {"from": [15, 1, 0], "to": [16, 12, 1], "faces": {"north": {"uv": [0, 4, 1, 15], "texture": "#front", "cullface": "north"}, "east": {"uv": [0, 4, 1, 15], "texture": "#front", "cullface": "east"}, "south": {"uv": [0, 4, 1, 15], "texture": "#front", "cullface": "east"}, "west": {"uv": [0, 4, 1, 15], "texture": "#front", "cullface": "north"}}}, {"from": [15, 1, 15], "to": [16, 12, 16], "faces": {"north": {"uv": [15, 4, 16, 15], "texture": "#side", "cullface": "east"}, "east": {"uv": [15, 4, 16, 15], "texture": "#side", "cullface": "east"}, "south": {"uv": [15, 4, 16, 15], "texture": "#side", "cullface": "south"}, "west": {"uv": [15, 4, 16, 15], "texture": "#side", "cullface": "south"}}}, {"from": [0, 1, 15], "to": [1, 12, 16], "faces": {"north": {"uv": [0, 4, 1, 15], "texture": "#side", "cullface": "west"}, "east": {"uv": [0, 4, 1, 15], "texture": "#side", "cullface": "south"}, "south": {"uv": [0, 4, 1, 15], "texture": "#side", "cullface": "south"}, "west": {"uv": [0, 4, 1, 15], "texture": "#side", "cullface": "west"}}}, {"from": [1, 11, 0.75], "to": [15, 12, 1], "faces": {"north": {"uv": [1, 4, 15, 5], "texture": "#front", "cullface": "north"}, "down": {"uv": [1, 4, 15, 5], "rotation": 180, "texture": "#front", "cullface": "north"}}}, {"from": [2, 10, 0.75], "to": [3, 11, 1], "faces": {"north": {"uv": [13, 5, 14, 6], "texture": "#front", "cullface": "north"}, "east": {"uv": [13, 5, 14, 6], "texture": "#front", "cullface": "north"}, "west": {"uv": [13, 5, 14, 6], "texture": "#front", "cullface": "north"}, "down": {"uv": [13, 5, 14, 6], "texture": "#front", "cullface": "north"}}}, {"from": [8, 5, 0.75], "to": [10, 6, 1], "faces": {"north": {"uv": [6, 10, 8, 11], "texture": "#front", "cullface": "north"}, "east": {"uv": [6, 10, 8, 11], "texture": "#front", "cullface": "north"}, "up": {"uv": [6, 10, 8, 11], "texture": "#front", "cullface": "north"}, "down": {"uv": [6, 10, 8, 11], "texture": "#front", "cullface": "north"}}}, {"from": [7, 3, 0.75], "to": [8, 6, 1], "faces": {"north": {"uv": [8, 10, 9, 13], "texture": "#front", "cullface": "north"}, "east": {"uv": [8, 10, 9, 13], "texture": "#front", "cullface": "north"}, "up": {"uv": [8, 10, 9, 11], "texture": "#front", "cullface": "north"}, "down": {"uv": [8, 12, 9, 13], "texture": "#front", "cullface": "north"}}}, {"from": [6, 2, 0.75], "to": [7, 6, 1], "faces": {"north": {"uv": [9, 10, 10, 14], "texture": "#front", "cullface": "north"}, "east": {"uv": [9, 10, 10, 14], "texture": "#front", "cullface": "north"}, "west": {"uv": [9, 10, 10, 14], "texture": "#front", "cullface": "north"}, "up": {"uv": [9, 10, 10, 11], "texture": "#front", "cullface": "north"}, "down": {"uv": [9, 13, 10, 14], "texture": "#front", "cullface": "north"}}}, {"from": [1, 0, 1], "to": [15, 1, 15], "faces": {"down": {"uv": [1, 1, 15, 15], "texture": "#bottom", "cullface": "down"}}}, {"from": [1, 12, 1], "to": [15, 16, 15], "faces": {"up": {"uv": [1, 1, 15, 15], "texture": "#bottom", "cullface": "up"}}}, {"from": [0, 0, 0], "to": [1, 1, 16], "faces": {"north": {"uv": [15, 15, 16, 16], "texture": "#front", "cullface": "north"}, "south": {"uv": [0, 15, 1, 16], "texture": "#front", "cullface": "south"}, "west": {"uv": [0, 15, 16, 16], "texture": "#front", "cullface": "west"}, "up": {"uv": [0, 15, 16, 16], "rotation": 90, "texture": "#front", "cullface": "west"}, "down": {"uv": [0, 0, 1, 16], "texture": "#bottom", "cullface": "down"}}}, {"from": [0, 12, 0], "to": [1, 16, 16], "faces": {"north": {"uv": [15, 0, 16, 4], "texture": "#side", "cullface": "north"}, "south": {"uv": [0, 0, 1, 4], "texture": "#side", "cullface": "south"}, "west": {"uv": [0, 0, 16, 4], "texture": "#side", "cullface": "west"}, "up": {"uv": [0, 0, 1, 16], "texture": "#bottom", "cullface": "up"}, "down": {"uv": [0, 3, 16, 4], "rotation": 270, "texture": "#side", "cullface": "west"}}}, {"from": [15, 0, 0], "to": [16, 1, 16], "faces": {"north": {"uv": [0, 15, 1, 16], "texture": "#front", "cullface": "north"}, "east": {"uv": [0, 15, 16, 16], "texture": "#front", "cullface": "east"}, "south": {"uv": [15, 15, 16, 16], "texture": "#front", "cullface": "south"}, "up": {"uv": [0, 15, 16, 16], "rotation": 90, "texture": "#front", "cullface": "east"}, "down": {"uv": [15, 0, 16, 16], "texture": "#bottom", "cullface": "down"}}}, {"from": [15, 12, 0], "to": [16, 16, 16], "faces": {"north": {"uv": [0, 0, 1, 4], "texture": "#side", "cullface": "north"}, "east": {"uv": [0, 0, 16, 4], "texture": "#side", "cullface": "east"}, "south": {"uv": [15, 0, 16, 4], "texture": "#side", "cullface": "south"}, "up": {"uv": [15, 0, 16, 16], "texture": "#bottom", "cullface": "up"}, "down": {"uv": [0, 3, 16, 4], "rotation": 90, "texture": "#side", "cullface": "east"}}}, {"from": [1, 0, 15], "to": [15, 1, 16], "faces": {"south": {"uv": [1, 15, 15, 16], "texture": "#front", "cullface": "south"}, "up": {"uv": [1, 15, 15, 16], "texture": "#front", "cullface": "south"}, "down": {"uv": [1, 0, 15, 1], "texture": "#bottom", "cullface": "down"}}}, {"from": [1, 12, 15], "to": [15, 16, 16], "faces": {"south": {"uv": [1, 0, 15, 4], "texture": "#side", "cullface": "south"}, "up": {"uv": [1, 15, 15, 16], "texture": "#bottom", "cullface": "up"}, "down": {"uv": [1, 3, 15, 4], "texture": "#side", "cullface": "south"}}}, {"from": [1, 0, 0], "to": [15, 1, 1], "faces": {"north": {"uv": [1, 15, 15, 16], "texture": "#front", "cullface": "north"}, "up": {"uv": [1, 15, 15, 16], "texture": "#front", "cullface": "north"}, "down": {"uv": [1, 15, 15, 16], "texture": "#bottom", "cullface": "down"}}}, {"from": [1, 12, 0], "to": [15, 16, 1], "faces": {"north": {"uv": [1, 0, 15, 4], "texture": "#side", "cullface": "north"}, "up": {"uv": [1, 0, 15, 1], "texture": "#bottom", "cullface": "up"}, "down": {"uv": [1, 3, 15, 4], "rotation": 180, "texture": "#side", "cullface": "north"}}}], "groups": [0, 1, 2, 3, 4, {"name": "honey", "origin": [0, 0, 0], "color": 0, "children": [5, 6, 7, 8, 9]}, 10, 11, 12, 13, 14, 15, 16, 17, 18, 19]}