{"parent": "block/template_orientable_trapdoor_open", "textures": {"texture": "block/birch_trapdoor"}, "elements": [{"from": [5, 12, 13], "to": [11, 13, 14], "rotation": {"angle": 0, "axis": "x", "origin": [8, 8, 21]}, "faces": {"north": {"uv": [5, 12, 11, 13], "rotation": 180, "texture": "#texture"}, "east": {"uv": [10, 12, 11, 13], "rotation": 180, "texture": "#texture"}, "west": {"uv": [5, 12, 6, 13], "rotation": 180, "texture": "#texture"}, "down": {"uv": [5, 12, 11, 13], "texture": "#texture"}}}, {"from": [5, 12, 15], "to": [11, 13, 16], "rotation": {"angle": 0, "axis": "x", "origin": [8, 8, 21]}, "faces": {"east": {"uv": [5, 12, 6, 13], "rotation": 180, "texture": "#texture", "cullface": "south"}, "south": {"uv": [5, 12, 11, 13], "rotation": 180, "texture": "#texture", "cullface": "south"}, "west": {"uv": [10, 12, 11, 13], "rotation": 180, "texture": "#texture", "cullface": "south"}, "down": {"uv": [5, 12, 11, 13], "rotation": 180, "texture": "#texture", "cullface": "south"}}}, {"from": [3, 3, 14], "to": [13, 13, 15], "rotation": {"angle": 0, "axis": "x", "origin": [8, 8, 21]}, "faces": {"north": {"uv": [3, 3, 13, 13], "rotation": 180, "texture": "#texture"}, "south": {"uv": [3, 3, 13, 13], "rotation": 180, "texture": "#texture", "cullface": "south"}}}, {"name": "Cube", "from": [0, 3, 13], "to": [3, 13, 16], "rotation": {"angle": 0, "axis": "x", "origin": [8, 8, 21]}, "faces": {"north": {"uv": [0, 3, 3, 13], "rotation": 180, "texture": "#texture"}, "east": {"uv": [13, 3, 16, 13], "texture": "#texture"}, "south": {"uv": [13, 3, 16, 13], "rotation": 180, "texture": "#texture", "cullface": "south"}, "west": {"uv": [3, 0, 13, 3], "rotation": 90, "texture": "#texture", "cullface": "west"}}}, {"name": "Cube", "from": [13, 3, 13], "to": [16, 13, 16], "rotation": {"angle": 0, "axis": "x", "origin": [8, 8, 21]}, "faces": {"north": {"uv": [13, 3, 16, 13], "rotation": 180, "texture": "#texture"}, "east": {"uv": [13, 3, 16, 13], "rotation": 180, "texture": "#texture", "cullface": "east"}, "south": {"uv": [0, 3, 3, 13], "rotation": 180, "texture": "#texture", "cullface": "south"}, "west": {"uv": [0, 13, 3, 3], "texture": "#texture"}}}, {"name": "Cube", "from": [0, 13, 13], "to": [16, 16, 16], "rotation": {"angle": 0, "axis": "x", "origin": [8, 8, 21]}, "faces": {"north": {"uv": [16, 13, 0, 16], "rotation": 180, "texture": "#texture"}, "east": {"uv": [13, 13, 16, 16], "rotation": 180, "texture": "#texture", "cullface": "east"}, "south": {"uv": [0, 13, 16, 16], "rotation": 180, "texture": "#texture", "cullface": "south"}, "west": {"uv": [16, 0, 13, 3], "rotation": 90, "texture": "#texture", "cullface": "west"}, "up": {"uv": [0, 0, 16, 3], "rotation": 180, "texture": "#texture", "cullface": "up"}, "down": {"uv": [0, 13, 16, 16], "texture": "#texture"}}}, {"name": "Cube", "from": [0, 0, 13], "to": [16, 3, 16], "rotation": {"angle": 0, "axis": "x", "origin": [8, 8, 21]}, "faces": {"north": {"uv": [0, 0, 16, 3], "rotation": 180, "texture": "#texture"}, "east": {"uv": [13, 0, 16, 3], "rotation": 180, "texture": "#texture", "cullface": "east"}, "south": {"uv": [0, 0, 16, 3], "rotation": 180, "texture": "#texture", "cullface": "south"}, "west": {"uv": [0, 0, 3, 3], "rotation": 180, "texture": "#texture", "cullface": "west"}, "up": {"uv": [0, 0, 16, 3], "texture": "#texture"}, "down": {"uv": [0, 0, 16, 3], "texture": "#texture", "cullface": "down"}}}, {"from": [6, 14, 16], "to": [10, 15, 16.25], "rotation": {"angle": 0, "axis": "x", "origin": [8, 8, 21]}, "faces": {"east": {"uv": [6, 14, 7, 14.25], "rotation": 270, "texture": "#texture", "cullface": "south"}, "south": {"uv": [6, 14, 10, 15], "texture": "#texture", "cullface": "south"}, "west": {"uv": [6, 14, 7, 14.25], "rotation": 90, "texture": "#texture", "cullface": "south"}, "up": {"uv": [6, 14, 10, 15], "texture": "#texture", "cullface": "south"}, "down": {"uv": [6, 14, 10, 15], "texture": "#texture", "cullface": "south"}}}, {"from": [6, 14, 12.75], "to": [10, 15, 13], "rotation": {"angle": 0, "axis": "x", "origin": [8, 8, 21]}, "faces": {"north": {"uv": [10, 15, 6, 14], "rotation": 180, "texture": "#texture"}, "east": {"uv": [7, 14.25, 6, 14], "rotation": 270, "texture": "#texture"}, "west": {"uv": [7, 14.25, 6, 14], "rotation": 90, "texture": "#texture"}, "up": {"uv": [10, 15, 6, 14], "texture": "#texture"}, "down": {"uv": [10, 15, 6, 14], "texture": "#texture"}}}], "display": {"thirdperson_righthand": {"rotation": [75, 45, 0], "translation": [0, 3.5, 2.5], "scale": [0.375, 0.375, 0.375]}, "thirdperson_lefthand": {"rotation": [75, 45, 0], "translation": [0, 3.5, 2.5], "scale": [0.375, 0.375, 0.375]}, "firstperson_righthand": {"rotation": [0, 45, 0], "translation": [0, 2, 0], "scale": [0.4, 0.4, 0.4]}, "firstperson_lefthand": {"rotation": [0, 45, 0], "translation": [0, 2, 0], "scale": [0.4, 0.4, 0.4]}, "ground": {"translation": [0, 3, 0], "scale": [0.25, 0.25, 0.25]}, "gui": {"rotation": [30, 225, 0], "scale": [0.625, 0.625, 0.625]}, "head": {"rotation": [0, 180, 0], "translation": [0, 13, 7]}, "fixed": {"rotation": [-90, 0, 0], "translation": [0, 0, -4.25], "scale": [0.5, 0.5, 0.5]}}}