{"textures": {"particle": "block/brewing_stand", "stand": "block/brewing_stand", "base": "block/brewing_stand_base"}, "elements": [{"from": [7, 0, 7], "to": [9, 14, 9], "faces": {"north": {"uv": [7, 2, 9, 16], "texture": "#stand"}, "east": {"uv": [7, 2, 9, 16], "texture": "#stand"}, "south": {"uv": [7, 2, 9, 16], "texture": "#stand"}, "west": {"uv": [7, 2, 9, 16], "texture": "#stand"}, "up": {"uv": [7, 7, 9, 9], "texture": "#stand"}, "down": {"uv": [7, 7, 9, 9], "texture": "#stand", "cullface": "down"}}}, {"from": [9, 0, 5], "to": [15, 2, 11], "faces": {"north": {"uv": [9, 14, 15, 16], "texture": "#base"}, "east": {"uv": [5, 14, 11, 16], "texture": "#base"}, "south": {"uv": [9, 14, 15, 16], "texture": "#base"}, "west": {"uv": [5, 14, 11, 16], "texture": "#base"}, "up": {"uv": [9, 5, 15, 11], "texture": "#base"}, "down": {"uv": [9, 5, 15, 11], "texture": "#base", "cullface": "down"}}}, {"from": [2, 0, 1], "to": [8, 2, 7], "faces": {"north": {"uv": [2, 14, 8, 16], "texture": "#base"}, "east": {"uv": [1, 14, 7, 16], "texture": "#base"}, "south": {"uv": [2, 14, 8, 16], "texture": "#base"}, "west": {"uv": [1, 14, 7, 16], "texture": "#base"}, "up": {"uv": [2, 1, 8, 7], "texture": "#base"}, "down": {"uv": [2, 1, 8, 7], "texture": "#base", "cullface": "down"}}}, {"from": [2, 0, 9], "to": [8, 2, 15], "faces": {"north": {"uv": [2, 14, 8, 16], "texture": "#base"}, "east": {"uv": [9, 14, 15, 16], "texture": "#base"}, "south": {"uv": [2, 14, 8, 16], "texture": "#base"}, "west": {"uv": [9, 14, 15, 16], "texture": "#base"}, "up": {"uv": [2, 9, 8, 15], "texture": "#base"}, "down": {"uv": [2, 9, 8, 15], "texture": "#base", "cullface": "down"}}}, {"from": [11, 12, 7.5], "to": [12, 15, 8.5], "faces": {"north": {"uv": [11, 1, 12, 4], "texture": "#stand"}, "south": {"uv": [11, 1, 12, 4], "texture": "#stand"}, "west": {"uv": [11, 1, 12, 4], "texture": "#stand"}, "up": {"uv": [11, 1, 12, 2], "texture": "#stand"}, "down": {"uv": [11, 3, 12, 4], "texture": "#stand"}}}, {"from": [9, 3, 7.5], "to": [11, 14, 8.5], "faces": {"north": {"uv": [11, 2, 9, 13], "texture": "#stand"}, "east": {"uv": [10, 2, 11, 13], "texture": "#stand"}, "south": {"uv": [9, 2, 11, 13], "texture": "#stand"}, "up": {"uv": [9, 2, 11, 3], "texture": "#stand"}, "down": {"uv": [9, 12, 11, 13], "texture": "#stand"}}}, {"from": [13, 11, 7.5], "to": [14, 13, 8.5], "faces": {"north": {"uv": [13, 3, 14, 5], "texture": "#stand"}, "east": {"uv": [13, 3, 14, 5], "texture": "#stand"}, "south": {"uv": [13, 3, 14, 5], "texture": "#stand"}, "up": {"uv": [13, 3, 14, 4], "texture": "#stand"}, "down": {"uv": [13, 4, 14, 5], "texture": "#stand"}}}, {"from": [12, 6, 7.5], "to": [13, 16, 8.5], "faces": {"north": {"uv": [12, 0, 13, 10], "texture": "#stand"}, "east": {"uv": [12, 0, 13, 10], "texture": "#stand"}, "south": {"uv": [12, 0, 13, 10], "texture": "#stand"}, "west": {"uv": [12, 0, 13, 10], "texture": "#stand"}, "up": {"uv": [12, 0, 13, 1], "texture": "#stand"}, "down": {"uv": [12, 9, 13, 10], "texture": "#stand"}}}, {"from": [5, 2.99, 7.5], "to": [7, 13.99, 8.5], "rotation": {"angle": -45, "axis": "y", "origin": [8, 8, 8]}, "faces": {"north": {"uv": [9, 2, 11, 13], "texture": "#stand"}, "east": {"uv": [9, 2, 10, 13], "texture": "#stand"}, "south": {"uv": [11, 2, 9, 13], "texture": "#stand"}, "west": {"uv": [10, 2, 11, 13], "texture": "#stand"}, "up": {"uv": [9, 2, 11, 3], "rotation": 180, "texture": "#stand"}, "down": {"uv": [9, 12, 11, 13], "rotation": 180, "texture": "#stand"}}}, {"from": [2, 11, 7.5], "to": [3, 13, 8.5], "rotation": {"angle": -45, "axis": "y", "origin": [8, 8, 8]}, "faces": {"north": {"uv": [13, 3, 14, 5], "texture": "#stand"}, "south": {"uv": [13, 3, 14, 5], "texture": "#stand"}, "west": {"uv": [13, 3, 14, 5], "texture": "#stand"}, "up": {"uv": [13, 3, 14, 4], "rotation": 180, "texture": "#stand"}, "down": {"uv": [13, 4, 14, 5], "rotation": 180, "texture": "#stand"}}}, {"from": [3, 6, 7.5], "to": [4, 16, 8.5], "rotation": {"angle": -45, "axis": "y", "origin": [8, 8, 8]}, "faces": {"north": {"uv": [12, 0, 13, 10], "texture": "#stand"}, "east": {"uv": [12, 0, 13, 10], "texture": "#stand"}, "south": {"uv": [12, 0, 13, 10], "texture": "#stand"}, "west": {"uv": [12, 0, 13, 10], "texture": "#stand"}, "up": {"uv": [12, 0, 13, 1], "rotation": 180, "texture": "#stand"}, "down": {"uv": [12, 9, 13, 10], "rotation": 180, "texture": "#stand"}}}, {"from": [4, 12, 7.5], "to": [5, 15, 8.5], "rotation": {"angle": -45, "axis": "y", "origin": [8, 8, 8]}, "faces": {"north": {"uv": [11, 1, 12, 4], "texture": "#stand"}, "east": {"uv": [11, 1, 12, 4], "texture": "#stand"}, "south": {"uv": [11, 1, 12, 4], "texture": "#stand"}, "up": {"uv": [11, 1, 12, 2], "rotation": 180, "texture": "#stand"}, "down": {"uv": [11, 3, 12, 4], "rotation": 180, "texture": "#stand"}}}, {"from": [5, 2.99, 7.5], "to": [7, 13.99, 8.5], "rotation": {"angle": 45, "axis": "y", "origin": [8, 8, 8]}, "faces": {"north": {"uv": [9, 2, 11, 13], "texture": "#stand"}, "east": {"uv": [9, 2, 10, 13], "texture": "#stand"}, "south": {"uv": [11, 2, 9, 13], "texture": "#stand"}, "west": {"uv": [10, 2, 11, 13], "texture": "#stand"}, "up": {"uv": [9, 2, 11, 3], "rotation": 180, "texture": "#stand"}, "down": {"uv": [9, 12, 11, 13], "rotation": 180, "texture": "#stand"}}}, {"from": [2, 11, 7.5], "to": [3, 13, 8.5], "rotation": {"angle": 45, "axis": "y", "origin": [8, 8, 8]}, "faces": {"north": {"uv": [13, 3, 14, 5], "texture": "#stand"}, "south": {"uv": [13, 3, 14, 5], "texture": "#stand"}, "west": {"uv": [13, 3, 14, 5], "texture": "#stand"}, "up": {"uv": [13, 3, 14, 4], "rotation": 180, "texture": "#stand"}, "down": {"uv": [13, 4, 14, 5], "rotation": 180, "texture": "#stand"}}}, {"from": [3, 6, 7.5], "to": [4, 16, 8.5], "rotation": {"angle": 45, "axis": "y", "origin": [8, 8, 8]}, "faces": {"north": {"uv": [12, 0, 13, 10], "texture": "#stand"}, "east": {"uv": [12, 0, 13, 10], "texture": "#stand"}, "south": {"uv": [12, 0, 13, 10], "texture": "#stand"}, "west": {"uv": [12, 0, 13, 10], "texture": "#stand"}, "up": {"uv": [12, 0, 13, 1], "rotation": 180, "texture": "#stand"}, "down": {"uv": [12, 9, 13, 10], "rotation": 180, "texture": "#stand"}}}, {"from": [4, 12, 7.5], "to": [5, 15, 8.5], "rotation": {"angle": 45, "axis": "y", "origin": [8, 8, 8]}, "faces": {"north": {"uv": [11, 1, 12, 4], "texture": "#stand"}, "east": {"uv": [11, 1, 12, 4], "texture": "#stand"}, "south": {"uv": [11, 1, 12, 4], "texture": "#stand"}, "up": {"uv": [11, 1, 12, 2], "rotation": 180, "texture": "#stand"}, "down": {"uv": [11, 3, 12, 4], "rotation": 180, "texture": "#stand"}}}], "display": {"thirdperson_righthand": {"rotation": [75, 45, 0], "translation": [0, 2.5, 3.25], "scale": [0.375, 0.375, 0.375]}, "thirdperson_lefthand": {"rotation": [75, 45, 0], "translation": [0, 2.5, 3.25], "scale": [0.375, 0.375, 0.375]}, "firstperson_righthand": {"rotation": [0, 45, 0], "translation": [0, 3.25, 1.25], "scale": [0.4, 0.4, 0.4]}, "firstperson_lefthand": {"rotation": [0, 45, 0], "translation": [0, 3.25, 1.25], "scale": [0.4, 0.4, 0.4]}, "ground": {"translation": [0, 3, 0], "scale": [0.25, 0.25, 0.25]}, "gui": {"rotation": [30, -20, 0], "scale": [0.625, 0.625, 0.625]}, "fixed": {"translation": [0, 0, -1.75], "scale": [0.5, 0.5, 0.5]}}, "groups": [{"name": "base", "origin": [8, 8, 8], "color": 0, "children": [0, 1, 2, 3]}, {"name": "handle_0", "origin": [0, 0, 0], "color": 0, "children": [4, 5, 6, 7]}, {"name": "handle_1", "origin": [8, 8, 8], "color": 0, "children": [8, 9, 10, 11]}, {"name": "handle_2", "origin": [8, 8, 8], "color": 0, "children": [12, 13, 14, 15]}]}