{"textures": {"base": "block/brewing_stand_base", "particle": "block/brewing_stand", "stand": "block/brewing_stand"}, "elements": [{"from": [7, 0, 7], "to": [9, 14, 9], "faces": {"north": {"uv": [7, 2, 9, 16], "texture": "#stand"}, "east": {"uv": [7, 2, 9, 16], "texture": "#stand"}, "south": {"uv": [7, 2, 9, 16], "texture": "#stand"}, "west": {"uv": [7, 2, 9, 16], "texture": "#stand"}, "up": {"uv": [7, 7, 9, 9], "texture": "#stand"}, "down": {"uv": [7, 7, 9, 9], "texture": "#stand"}}}, {"from": [9, 0, 5], "to": [15, 2, 11], "faces": {"north": {"uv": [9, 14, 15, 16], "texture": "#base"}, "east": {"uv": [5, 14, 11, 16], "texture": "#base"}, "south": {"uv": [9, 14, 15, 16], "texture": "#base"}, "west": {"uv": [5, 14, 11, 16], "texture": "#base"}, "up": {"uv": [9, 5, 15, 11], "texture": "#base"}, "down": {"uv": [9, 5, 15, 11], "texture": "#base", "cullface": "down"}}}, {"from": [2, 0, 1], "to": [8, 2, 7], "faces": {"north": {"uv": [2, 14, 8, 16], "texture": "#base"}, "east": {"uv": [1, 14, 7, 16], "texture": "#base"}, "south": {"uv": [2, 14, 8, 16], "texture": "#base"}, "west": {"uv": [1, 14, 7, 16], "texture": "#base"}, "up": {"uv": [2, 1, 8, 7], "texture": "#base"}, "down": {"uv": [2, 1, 8, 7], "texture": "#base", "cullface": "down"}}}, {"from": [2, 0, 9], "to": [8, 2, 15], "faces": {"north": {"uv": [2, 14, 8, 16], "texture": "#base"}, "east": {"uv": [9, 14, 15, 16], "texture": "#base"}, "south": {"uv": [2, 14, 8, 16], "texture": "#base"}, "west": {"uv": [9, 14, 15, 16], "texture": "#base"}, "up": {"uv": [2, 9, 8, 15], "texture": "#base"}, "down": {"uv": [2, 9, 8, 15], "texture": "#base", "cullface": "down"}}}, {"from": [0, 0, 8], "to": [8, 16, 8], "rotation": {"angle": 45, "axis": "y", "origin": [8, 8, 8]}, "faces": {"north": {"uv": [8, 0, 16, 16], "texture": "#stand"}, "south": {"uv": [16, 0, 8, 16], "texture": "#stand"}}}, {"from": [0, 0, 8], "to": [8, 16, 8], "rotation": {"angle": -45, "axis": "y", "origin": [8, 8, 8]}, "faces": {"north": {"uv": [8, 0, 16, 16], "texture": "#stand"}, "south": {"uv": [16, 0, 8, 16], "texture": "#stand"}}}, {"from": [8, 0, 8], "to": [16, 16, 8], "faces": {"north": {"uv": [16, 0, 8, 16], "texture": "#stand"}, "south": {"uv": [8, 0, 16, 16], "texture": "#stand"}}}], "display": {"thirdperson_righthand": {"rotation": [75, 45, 0], "translation": [0, 2.5, 3], "scale": [0.375, 0.375, 0.375]}, "thirdperson_lefthand": {"rotation": [75, 45, 0], "translation": [0, 2.5, 3], "scale": [0.375, 0.375, 0.375]}, "firstperson_righthand": {"rotation": [0, 45, 0], "translation": [0, 3, 0], "scale": [0.4, 0.4, 0.4]}, "firstperson_lefthand": {"rotation": [0, 45, 0], "translation": [0, 3, 0], "scale": [0.4, 0.4, 0.4]}, "ground": {"translation": [0, 3, 0], "scale": [0.25, 0.25, 0.25]}, "gui": {"rotation": [30, 225, 0], "scale": [0.625, 0.625, 0.625]}, "fixed": {"scale": [0.5, 0.5, 0.5]}}, "groups": [0, 1, 2, 3, {"name": "brewing_stand_empty2", "origin": [8, 8, 8], "children": [4]}, {"name": "brewing_stand_empty1", "origin": [8, 8, 8], "children": [5]}, {"name": "brewing_stand_empty0", "origin": [8, 8, 8], "children": [6]}]}