{"textures": {"particle": "block/brewing_stand", "stand": "block/brewing_stand"}, "elements": [{"from": [7.5, 2.99, 5], "to": [8.5, 13.99, 7], "rotation": {"angle": 45, "axis": "y", "origin": [8, 8, 8]}, "faces": {"north": {"uv": [6, 2, 5, 13], "texture": "#stand"}, "east": {"uv": [7, 2, 5, 13], "texture": "#stand"}, "south": {"uv": [6, 2, 7, 13], "texture": "#stand"}, "west": {"uv": [5, 2, 7, 13], "texture": "#stand"}, "up": {"uv": [5, 2, 7, 3], "rotation": 90, "texture": "#stand"}, "down": {"uv": [7, 12, 5, 13], "rotation": 90, "texture": "#stand"}}}, {"from": [7.5, 3, 4], "to": [8.5, 6, 5], "rotation": {"angle": 45, "axis": "y", "origin": [8, 8, 8]}, "faces": {"east": {"uv": [5, 10, 4, 13], "texture": "#stand"}, "west": {"uv": [4, 10, 5, 13], "texture": "#stand"}, "up": {"uv": [4, 10, 5, 11], "rotation": 270, "texture": "#stand"}, "down": {"uv": [4, 12, 5, 13], "rotation": 90, "texture": "#stand"}}}, {"from": [7.5, 3, 0], "to": [8.5, 6, 1], "rotation": {"angle": 45, "axis": "y", "origin": [8, 8, 8]}, "faces": {"north": {"uv": [1, 10, 0, 13], "texture": "#stand"}, "east": {"uv": [1, 10, 0, 13], "texture": "#stand"}, "west": {"uv": [0, 10, 1, 13], "texture": "#stand"}, "up": {"uv": [0, 10, 1, 11], "rotation": 270, "texture": "#stand"}, "down": {"uv": [0, 12, 1, 13], "rotation": 90, "texture": "#stand"}}}, {"from": [7.5, 10, 3], "to": [8.5, 16, 4], "rotation": {"angle": 45, "axis": "y", "origin": [8, 8, 8]}, "faces": {"north": {"uv": [4, 0, 3, 6], "texture": "#stand"}, "east": {"uv": [4, 0, 3, 6], "texture": "#stand"}, "south": {"uv": [4, 0, 3, 6], "texture": "#stand"}, "west": {"uv": [3, 0, 4, 6], "texture": "#stand"}, "up": {"uv": [3, 0, 4, 1], "rotation": 270, "texture": "#stand"}, "down": {"uv": [3, 5, 4, 6], "rotation": 90, "texture": "#stand"}}}, {"from": [7.5, 12, 4], "to": [8.5, 15, 5], "rotation": {"angle": 45, "axis": "y", "origin": [8, 8, 8]}, "faces": {"east": {"uv": [5, 1, 4, 4], "texture": "#stand"}, "south": {"uv": [5, 1, 4, 4], "texture": "#stand"}, "west": {"uv": [4, 1, 5, 4], "texture": "#stand"}, "up": {"uv": [4, 1, 5, 2], "rotation": 270, "texture": "#stand"}, "down": {"uv": [4, 3, 5, 4], "rotation": 90, "texture": "#stand"}}}, {"from": [7.5, 11, 2], "to": [8.5, 13, 3], "rotation": {"angle": 45, "axis": "y", "origin": [8, 8, 8]}, "faces": {"north": {"uv": [3, 3, 2, 5], "texture": "#stand"}, "east": {"uv": [3, 3, 2, 5], "texture": "#stand"}, "west": {"uv": [2, 3, 3, 5], "texture": "#stand"}, "up": {"uv": [2, 3, 3, 4], "rotation": 270, "texture": "#stand"}, "down": {"uv": [2, 4, 3, 5], "rotation": 90, "texture": "#stand"}}}, {"from": [7.5, 2, 1], "to": [8.5, 9, 4], "rotation": {"angle": 45, "axis": "y", "origin": [8, 8, 8]}, "faces": {"north": {"uv": [2, 7, 1, 14], "texture": "#stand"}, "east": {"uv": [4, 7, 1, 14], "texture": "#stand"}, "south": {"uv": [4, 7, 3, 14], "texture": "#stand"}, "west": {"uv": [1, 7, 4, 14], "texture": "#stand"}, "up": {"uv": [1, 7, 4, 8], "rotation": 270, "texture": "#stand"}}}, {"from": [7.5, 9, 2], "to": [8.5, 10, 3], "rotation": {"angle": 45, "axis": "y", "origin": [8, 8, 8]}, "faces": {"north": {"uv": [2, 6, 3, 7], "texture": "#stand"}, "east": {"uv": [3, 6, 2, 7], "texture": "#stand"}, "south": {"uv": [2, 6, 3, 7], "texture": "#stand"}, "west": {"uv": [2, 6, 3, 7], "texture": "#stand"}, "up": {"uv": [2, 6, 3, 7], "rotation": 270, "texture": "#stand"}}}], "groups": [0, 1, 2, 3, 4, 5, 6, 7, {"name": "brewing_stand_bottle1", "origin": [8, 8, 8], "color": 0, "children": []}]}