{"textures": {"particle": "block/brewing_stand", "stand": "block/brewing_stand"}, "elements": [{"from": [9, 2.99, 7.5], "to": [11, 13.99, 8.5], "faces": {"north": {"uv": [11, 2, 9, 13], "texture": "#stand"}, "east": {"uv": [10, 2, 11, 13], "texture": "#stand"}, "south": {"uv": [9, 2, 11, 13], "texture": "#stand"}, "west": {"uv": [9, 2, 10, 13], "texture": "#stand"}, "up": {"uv": [9, 2, 11, 3], "texture": "#stand"}, "down": {"uv": [9, 12, 11, 13], "texture": "#stand"}}}, {"from": [13, 11, 7.5], "to": [14, 13, 8.5], "faces": {"north": {"uv": [13, 3, 14, 5], "texture": "#stand"}, "east": {"uv": [13, 3, 14, 5], "texture": "#stand"}, "south": {"uv": [13, 3, 14, 5], "texture": "#stand"}, "up": {"uv": [13, 3, 14, 4], "texture": "#stand"}, "down": {"uv": [13, 4, 14, 5], "texture": "#stand"}}}, {"from": [12, 6, 7.5], "to": [13, 16, 8.5], "faces": {"north": {"uv": [12, 0, 13, 10], "texture": "#stand"}, "east": {"uv": [12, 0, 13, 10], "texture": "#stand"}, "south": {"uv": [12, 0, 13, 10], "texture": "#stand"}, "west": {"uv": [12, 0, 13, 10], "texture": "#stand"}, "up": {"uv": [12, 0, 13, 1], "texture": "#stand"}, "down": {"uv": [12, 9, 13, 10], "texture": "#stand"}}}, {"from": [11, 12, 7.5], "to": [12, 15, 8.5], "faces": {"north": {"uv": [11, 1, 12, 4], "texture": "#stand"}, "south": {"uv": [11, 1, 12, 4], "texture": "#stand"}, "west": {"uv": [11, 1, 12, 4], "texture": "#stand"}, "up": {"uv": [11, 1, 12, 2], "texture": "#stand"}, "down": {"uv": [11, 3, 12, 4], "texture": "#stand"}}}], "display": {"thirdperson_righthand": {"rotation": [75, 45, 0], "translation": [0, 2.5, 3.25], "scale": [0.375, 0.375, 0.375]}, "thirdperson_lefthand": {"rotation": [75, 45, 0], "translation": [0, 2.5, 3.25], "scale": [0.375, 0.375, 0.375]}, "firstperson_righthand": {"rotation": [0, 45, 0], "translation": [0, 3.25, 1.25], "scale": [0.4, 0.4, 0.4]}, "firstperson_lefthand": {"rotation": [0, 45, 0], "translation": [0, 3.25, 1.25], "scale": [0.4, 0.4, 0.4]}, "ground": {"translation": [0, 3, 0], "scale": [0.25, 0.25, 0.25]}, "gui": {"rotation": [30, -20, 0], "scale": [0.625, 0.625, 0.625]}, "fixed": {"translation": [0, 0, -1.75], "scale": [0.5, 0.5, 0.5]}}, "groups": [{"name": "brewing_stand_empty1", "origin": [8, 8, 8], "color": 0, "children": []}, {"name": "brewing_stand_empty2", "origin": [8, 8, 8], "color": 0, "children": [0, 1, 2, 3]}, {"name": "brewing_stand_3d", "origin": [8, 8, 8], "color": 0, "children": [{"name": "brewing_stand_empty0", "origin": [8, 8, 8], "color": 0, "children": []}, {"name": "brewing_stand_empty1", "origin": [8, 8, 8], "color": 0, "children": []}, {"name": "brewing_stand_empty2", "origin": [8, 8, 8], "color": 0, "children": []}]}]}