{"parent": "block/cube_all", "textures": {"particle": "block/bricks", "wall": "block/bricks"}, "elements": [{"name": "wall", "from": [5, 0, 8], "to": [11, 14, 16], "faces": {"east": {"uv": [0, 2, 8, 16], "texture": "#wall"}, "south": {"uv": [5, 2, 11, 16], "texture": "#wall", "cullface": "south"}, "west": {"uv": [8, 2, 16, 16], "texture": "#wall"}, "up": {"uv": [5, 8, 11, 16], "texture": "#wall"}, "down": {"uv": [5, 0, 11, 8], "texture": "#wall", "cullface": "down"}}}, {"from": [11, 1, 9], "to": [11.5, 4, 16], "faces": {"north": {"uv": [6, 12, 7, 15], "texture": "#wall"}, "east": {"uv": [0, 12, 7, 15], "texture": "#wall"}, "south": {"uv": [0, 12, 1, 15], "texture": "#wall"}, "up": {"uv": [0, 12, 7, 13], "rotation": 270, "texture": "#wall"}, "down": {"uv": [0, 14, 7, 15], "rotation": 90, "texture": "#wall"}}}, {"from": [11, 9, 9], "to": [11.5, 12, 16], "faces": {"north": {"uv": [6, 4, 7, 7], "texture": "#wall"}, "east": {"uv": [0, 4, 7, 7], "texture": "#wall"}, "south": {"uv": [0, 4, 1, 7], "texture": "#wall"}, "up": {"uv": [0, 4, 7, 5], "rotation": 270, "texture": "#wall"}, "down": {"uv": [0, 6, 7, 7], "rotation": 90, "texture": "#wall"}}}, {"from": [11, 13, 8], "to": [11.5, 14, 12], "faces": {"east": {"uv": [4, 2, 8, 3], "texture": "#wall"}, "south": {"uv": [4, 2, 5, 3], "texture": "#wall"}, "up": {"uv": [4, 2, 8, 3], "rotation": 270, "texture": "#wall"}, "down": {"uv": [4, 2, 8, 3], "rotation": 90, "texture": "#wall"}}}, {"from": [11, 5, 8], "to": [11.5, 8, 12], "faces": {"east": {"uv": [4, 8, 8, 11], "texture": "#wall"}, "south": {"uv": [4, 8, 5, 11], "texture": "#wall"}, "up": {"uv": [4, 8, 8, 9], "rotation": 270, "texture": "#wall"}, "down": {"uv": [4, 10, 8, 11], "rotation": 90, "texture": "#wall"}}}, {"from": [11, 5, 13], "to": [11.5, 8, 16], "faces": {"north": {"uv": [2, 8, 3, 11], "texture": "#wall"}, "east": {"uv": [0, 8, 3, 11], "texture": "#wall"}, "south": {"uv": [0, 8, 1, 11], "texture": "#wall"}, "up": {"uv": [0, 8, 3, 9], "rotation": 270, "texture": "#wall"}, "down": {"uv": [0, 10, 3, 11], "rotation": 90, "texture": "#wall"}}}, {"from": [11, 13, 13], "to": [11.5, 14, 16], "faces": {"north": {"uv": [2, 2, 3, 3], "texture": "#wall"}, "east": {"uv": [0, 2, 3, 3], "texture": "#wall"}, "south": {"uv": [0, 2, 1, 3], "texture": "#wall"}, "up": {"uv": [0, 2, 3, 3], "rotation": 270, "texture": "#wall"}, "down": {"uv": [0, 2, 3, 3], "rotation": 90, "texture": "#wall"}}}, {"from": [4.5, 1, 8], "to": [5, 4, 15], "faces": {"north": {"uv": [8, 12, 9, 15], "texture": "#wall"}, "south": {"uv": [14, 12, 15, 15], "texture": "#wall"}, "west": {"uv": [8, 12, 15, 15], "texture": "#wall"}, "up": {"uv": [8, 12, 15, 13], "rotation": 90, "texture": "#wall"}, "down": {"uv": [8, 14, 15, 15], "rotation": 270, "texture": "#wall"}}}, {"from": [4.5, 9, 8], "to": [5, 12, 15], "faces": {"north": {"uv": [8, 4, 9, 7], "texture": "#wall"}, "south": {"uv": [14, 4, 15, 7], "texture": "#wall"}, "west": {"uv": [8, 4, 15, 7], "texture": "#wall"}, "up": {"uv": [8, 4, 15, 5], "rotation": 90, "texture": "#wall"}, "down": {"uv": [8, 6, 15, 7], "rotation": 270, "texture": "#wall"}}}, {"from": [4.5, 13, 8], "to": [5, 14, 11], "faces": {"south": {"uv": [10, 2, 11, 3], "texture": "#wall"}, "west": {"uv": [8, 2, 11, 3], "texture": "#wall"}, "up": {"uv": [8, 2, 11, 3], "rotation": 90, "texture": "#wall"}, "down": {"uv": [8, 2, 11, 3], "rotation": 270, "texture": "#wall"}}}, {"from": [4.5, 5, 8], "to": [5, 8, 11], "faces": {"south": {"uv": [10, 8, 11, 11], "texture": "#wall"}, "west": {"uv": [8, 8, 11, 11], "texture": "#wall"}, "up": {"uv": [8, 8, 11, 9], "rotation": 90, "texture": "#wall"}, "down": {"uv": [8, 10, 11, 11], "rotation": 270, "texture": "#wall"}}}, {"from": [4.5, 13, 12], "to": [5, 14, 16], "faces": {"north": {"uv": [12, 2, 13, 3], "texture": "#wall"}, "south": {"uv": [15, 2, 16, 3], "texture": "#wall"}, "west": {"uv": [12, 2, 16, 3], "texture": "#wall"}, "up": {"uv": [12, 2, 16, 3], "rotation": 90, "texture": "#wall"}, "down": {"uv": [12, 2, 16, 3], "rotation": 270, "texture": "#wall"}}}, {"from": [4.5, 5, 12], "to": [5, 8, 16], "faces": {"north": {"uv": [12, 8, 13, 11], "texture": "#wall"}, "south": {"uv": [15, 8, 16, 11], "texture": "#wall"}, "west": {"uv": [12, 8, 16, 11], "texture": "#wall"}, "up": {"uv": [12, 8, 16, 9], "rotation": 90, "texture": "#wall"}, "down": {"uv": [12, 10, 16, 11], "rotation": 270, "texture": "#wall"}}}, {"from": [8, 1, 16], "to": [11, 4, 16.5], "faces": {"east": {"uv": [14, 12, 15, 15], "texture": "#wall", "cullface": "east"}, "south": {"uv": [8, 12, 11, 15], "texture": "#wall", "cullface": "east"}, "west": {"uv": [8, 12, 9, 15], "texture": "#wall", "cullface": "east"}, "up": {"uv": [8, 12, 11, 13], "texture": "#wall", "cullface": "east"}, "down": {"uv": [8, 14, 11, 15], "texture": "#wall", "cullface": "east"}}}, {"from": [5, 1, 16], "to": [7, 4, 16.5], "faces": {"east": {"uv": [6, 12, 7, 15], "texture": "#wall", "cullface": "east"}, "south": {"uv": [5, 12, 7, 15], "texture": "#wall", "cullface": "east"}, "west": {"uv": [0, 12, 1, 15], "texture": "#wall", "cullface": "east"}, "up": {"uv": [5, 12, 7, 13], "texture": "#wall", "cullface": "east"}, "down": {"uv": [5, 14, 7, 15], "texture": "#wall", "cullface": "east"}}}, {"from": [5, 9, 16], "to": [7, 12, 16.5], "faces": {"east": {"uv": [6, 4, 7, 7], "texture": "#wall", "cullface": "east"}, "south": {"uv": [5, 4, 7, 7], "texture": "#wall", "cullface": "east"}, "west": {"uv": [0, 4, 1, 7], "texture": "#wall", "cullface": "east"}, "up": {"uv": [5, 4, 7, 5], "texture": "#wall", "cullface": "east"}, "down": {"uv": [5, 6, 7, 7], "texture": "#wall", "cullface": "east"}}}, {"from": [8, 9, 16], "to": [11, 12, 16.5], "faces": {"east": {"uv": [14, 4, 15, 7], "texture": "#wall", "cullface": "east"}, "south": {"uv": [8, 4, 11, 7], "texture": "#wall", "cullface": "east"}, "west": {"uv": [8, 4, 9, 7], "texture": "#wall", "cullface": "east"}, "up": {"uv": [8, 4, 11, 5], "texture": "#wall", "cullface": "east"}, "down": {"uv": [8, 6, 11, 7], "texture": "#wall", "cullface": "east"}}}, {"from": [5, 13, 16], "to": [11, 14, 16.5], "faces": {"east": {"uv": [10, 2, 11, 3], "texture": "#wall", "cullface": "east"}, "south": {"uv": [5, 2, 11, 3], "texture": "#wall", "cullface": "east"}, "west": {"uv": [4, 2, 5, 3], "texture": "#wall", "cullface": "east"}, "up": {"uv": [5, 2, 11, 3], "texture": "#wall", "cullface": "east"}, "down": {"uv": [5, 2, 11, 3], "texture": "#wall", "cullface": "east"}}}, {"from": [5, 5, 16], "to": [11, 8, 16.5], "faces": {"east": {"uv": [10, 8, 11, 11], "texture": "#wall", "cullface": "east"}, "south": {"uv": [4, 8, 11, 11], "texture": "#wall", "cullface": "east"}, "west": {"uv": [4, 8, 5, 11], "texture": "#wall", "cullface": "east"}, "up": {"uv": [4, 8, 11, 9], "texture": "#wall", "cullface": "east"}, "down": {"uv": [4, 10, 11, 11], "texture": "#wall", "cullface": "east"}}}, {"from": [8, 14, 12], "to": [11, 14.5, 15], "rotation": {"angle": 0, "axis": "y", "origin": [8, 6, 8]}, "faces": {"north": {"uv": [8, 12, 11, 13], "rotation": 180, "texture": "#wall"}, "east": {"uv": [10, 12, 11, 15], "rotation": 90, "texture": "#wall"}, "south": {"uv": [8, 14, 11, 15], "texture": "#wall"}, "west": {"uv": [8, 12, 9, 15], "rotation": 270, "texture": "#wall"}, "up": {"uv": [8, 12, 11, 15], "texture": "#wall"}}}, {"from": [5, 14, 12], "to": [7, 14.5, 15], "rotation": {"angle": 0, "axis": "y", "origin": [8, 6, 8]}, "faces": {"north": {"uv": [5, 12, 7, 13], "rotation": 180, "texture": "#wall"}, "east": {"uv": [6, 12, 7, 15], "rotation": 90, "texture": "#wall"}, "south": {"uv": [5, 14, 7, 15], "texture": "#wall"}, "west": {"uv": [5, 12, 6, 15], "rotation": 270, "texture": "#wall"}, "up": {"uv": [5.01, 12, 7.01, 15], "texture": "#wall"}}}, {"from": [5, 14, 8], "to": [11, 14.5, 11], "rotation": {"angle": 0, "axis": "y", "origin": [8, 6, 8]}, "faces": {"north": {"uv": [5, 8, 11, 9], "rotation": 180, "texture": "#wall"}, "east": {"uv": [10, 8, 11, 11], "rotation": 90, "texture": "#wall"}, "south": {"uv": [5, 10, 11, 11], "texture": "#wall"}, "west": {"uv": [5, 8, 6, 11], "rotation": 270, "texture": "#wall"}, "up": {"uv": [5.01, 7.99, 10.99, 10.99], "texture": "#wall"}}}, {"from": [8, -0.5, 9], "to": [11, 0, 12], "rotation": {"angle": 0, "axis": "x", "origin": [8, 8, 16]}, "faces": {"north": {"uv": [8, 14, 11, 15], "rotation": 180, "texture": "#wall", "cullface": "down"}, "east": {"uv": [10, 12, 11, 15], "rotation": 270, "texture": "#wall", "cullface": "down"}, "south": {"uv": [8, 12, 11, 13], "texture": "#wall", "cullface": "down"}, "west": {"uv": [8, 12, 9, 15], "rotation": 90, "texture": "#wall", "cullface": "down"}, "down": {"uv": [8, 12, 11, 15], "texture": "#wall", "cullface": "down"}}}, {"from": [5, -0.5, 9], "to": [7, 0, 12], "rotation": {"angle": 0, "axis": "x", "origin": [8, 8, 16]}, "faces": {"north": {"uv": [5, 14, 7, 15], "rotation": 180, "texture": "#wall", "cullface": "down"}, "east": {"uv": [6, 12, 7, 15], "rotation": 270, "texture": "#wall", "cullface": "down"}, "south": {"uv": [5, 12, 7, 13], "texture": "#wall", "cullface": "down"}, "west": {"uv": [5, 12, 6, 15], "rotation": 90, "texture": "#wall", "cullface": "down"}, "down": {"uv": [5.01, 12, 7.01, 15], "texture": "#wall", "cullface": "down"}}}, {"from": [5, -0.5, 13], "to": [11, 0, 16], "rotation": {"angle": 0, "axis": "x", "origin": [8, 8, 16]}, "faces": {"north": {"uv": [5, 10, 11, 11], "rotation": 180, "texture": "#wall", "cullface": "down"}, "east": {"uv": [10, 8, 11, 11], "rotation": 270, "texture": "#wall", "cullface": "down"}, "south": {"uv": [5, 8, 11, 9], "texture": "#wall", "cullface": "down"}, "west": {"uv": [5, 8, 6, 11], "rotation": 90, "texture": "#wall", "cullface": "down"}, "down": {"uv": [5.01, 7.99, 10.99, 10.99], "texture": "#wall", "cullface": "down"}}}], "groups": [0, {"name": "north", "origin": [8, 8, 8], "color": 0, "children": [1, 2, 3, 4, 5, 6]}, {"name": "south", "origin": [8, 8, 8], "color": 0, "children": [7, 8, 9, 10, 11, 12]}, {"name": "east", "origin": [8, 8, 8], "color": 0, "children": [13, 14, 15, 16, 17, 18]}, {"name": "up", "origin": [8, 8, 8], "color": 0, "children": [19, 20, 21]}, {"name": "down", "origin": [8, 8, 8], "color": 0, "children": [22, 23, 24]}]}