{"parent": "block/cube_all", "textures": {"particle": "block/bricks", "all": "block/bricks"}, "elements": [{"from": [0, 0, 0], "to": [16, 8, 16], "faces": {"north": {"uv": [0, 8, 16, 16], "texture": "#all", "cullface": "north"}, "east": {"uv": [0, 8, 16, 16], "texture": "#all", "cullface": "east"}, "south": {"uv": [0, 8, 16, 16], "texture": "#all", "cullface": "south"}, "west": {"uv": [0, 8, 16, 16], "texture": "#all", "cullface": "west"}, "up": {"uv": [0, 0, 16, 16], "texture": "#all"}, "down": {"uv": [0, 0, 16, 16], "texture": "#all", "cullface": "down"}}}, {"from": [0, 8, 0], "to": [8, 16, 16], "faces": {"north": {"uv": [8, 0, 16, 8], "texture": "#all", "cullface": "north"}, "east": {"uv": [0, 0, 16, 8], "texture": "#all"}, "south": {"uv": [0, 0, 8, 8], "texture": "#all", "cullface": "south"}, "west": {"uv": [0, 0, 16, 8], "texture": "#all", "cullface": "west"}, "up": {"uv": [0, 0, 8, 16], "texture": "#all", "cullface": "up"}}}, {"from": [8, -0.5, 1], "to": [15, 0, 4], "faces": {"north": {"uv": [8, 14, 15, 15], "rotation": 180, "texture": "#all", "cullface": "down"}, "east": {"uv": [14, 12, 15, 15], "rotation": 270, "texture": "#all", "cullface": "down"}, "south": {"uv": [8, 12, 15, 13], "texture": "#all", "cullface": "down"}, "west": {"uv": [8, 12, 9, 15], "rotation": 90, "texture": "#all", "cullface": "down"}, "down": {"uv": [8, 12, 15, 15], "texture": "#all", "cullface": "down"}}}, {"from": [0, -0.5, 1], "to": [7, 0, 4], "faces": {"north": {"uv": [0, 14, 7, 15], "rotation": 180, "texture": "#all", "cullface": "down"}, "east": {"uv": [6, 12, 7, 15], "rotation": 270, "texture": "#all", "cullface": "down"}, "south": {"uv": [0, 12, 7, 13], "texture": "#all", "cullface": "down"}, "west": {"uv": [0, 12, 1, 15], "rotation": 90, "texture": "#all", "cullface": "down"}, "down": {"uv": [0, 12, 7, 15], "texture": "#all", "cullface": "down"}}}, {"from": [0, -0.5, 9], "to": [7, 0, 12], "faces": {"north": {"uv": [0, 6, 7, 7], "rotation": 180, "texture": "#all", "cullface": "down"}, "east": {"uv": [6, 4, 7, 7], "rotation": 270, "texture": "#all", "cullface": "down"}, "south": {"uv": [0, 4, 7, 5], "texture": "#all", "cullface": "down"}, "west": {"uv": [0, 4, 1, 7], "rotation": 90, "texture": "#all", "cullface": "down"}, "down": {"uv": [0, 4, 7, 7], "texture": "#all", "cullface": "down"}}}, {"from": [8, -0.5, 9], "to": [15, 0, 12], "faces": {"north": {"uv": [8, 6, 15, 7], "rotation": 180, "texture": "#all", "cullface": "down"}, "east": {"uv": [14, 4, 15, 7], "rotation": 270, "texture": "#all", "cullface": "down"}, "south": {"uv": [8, 4, 15, 5], "texture": "#all", "cullface": "down"}, "west": {"uv": [8, 4, 9, 7], "rotation": 90, "texture": "#all", "cullface": "down"}, "down": {"uv": [8, 4, 15, 7], "texture": "#all", "cullface": "down"}}}, {"from": [4, -0.5, 13], "to": [11, 0, 16], "faces": {"north": {"uv": [4, 2, 11, 3], "rotation": 180, "texture": "#all", "cullface": "down"}, "east": {"uv": [10, 0, 11, 3], "rotation": 270, "texture": "#all", "cullface": "down"}, "south": {"uv": [4, 0, 11, 1], "texture": "#all", "cullface": "down"}, "west": {"uv": [4, 0, 5, 3], "rotation": 90, "texture": "#all", "cullface": "down"}, "down": {"uv": [4, 0, 11, 3], "texture": "#all", "cullface": "down"}}}, {"from": [4, -0.5, 5], "to": [11, 0, 8], "faces": {"north": {"uv": [4, 10, 11, 11], "rotation": 180, "texture": "#all", "cullface": "down"}, "east": {"uv": [10, 8, 11, 11], "rotation": 270, "texture": "#all", "cullface": "down"}, "south": {"uv": [4, 8, 11, 9], "texture": "#all", "cullface": "down"}, "west": {"uv": [4, 8, 5, 11], "rotation": 90, "texture": "#all", "cullface": "down"}, "down": {"uv": [4, 8, 11, 11], "texture": "#all", "cullface": "down"}}}, {"from": [0, -0.5, 5], "to": [3, 0, 8], "faces": {"north": {"uv": [0, 10, 3, 11], "rotation": 180, "texture": "#all", "cullface": "down"}, "east": {"uv": [2, 8, 3, 11], "rotation": 270, "texture": "#all", "cullface": "down"}, "south": {"uv": [0, 8, 3, 9], "texture": "#all", "cullface": "down"}, "west": {"uv": [0, 8, 1, 11], "rotation": 90, "texture": "#all", "cullface": "down"}, "down": {"uv": [0, 8, 3, 11], "texture": "#all", "cullface": "down"}}}, {"from": [0, -0.5, 13], "to": [3, 0, 16], "faces": {"north": {"uv": [0, 2, 3, 3], "rotation": 180, "texture": "#all", "cullface": "down"}, "east": {"uv": [2, 0, 3, 3], "rotation": 270, "texture": "#all", "cullface": "down"}, "south": {"uv": [0, 0, 3, 1], "texture": "#all", "cullface": "down"}, "west": {"uv": [0, 0, 1, 3], "rotation": 90, "texture": "#all", "cullface": "down"}, "down": {"uv": [0, 0, 3, 3], "texture": "#all", "cullface": "down"}}}, {"from": [12, -0.5, 13], "to": [16, 0, 16], "faces": {"north": {"uv": [12, 2, 16, 3], "rotation": 180, "texture": "#all", "cullface": "down"}, "east": {"uv": [15, 0, 16, 3], "rotation": 270, "texture": "#all", "cullface": "down"}, "south": {"uv": [12, 0, 16, 1], "texture": "#all", "cullface": "down"}, "west": {"uv": [12, 0, 13, 3], "rotation": 90, "texture": "#all", "cullface": "down"}, "down": {"uv": [12, 0, 16, 3], "texture": "#all", "cullface": "down"}}}, {"from": [12, -0.5, 5], "to": [16, 0, 8], "faces": {"north": {"uv": [12, 10, 16, 11], "rotation": 180, "texture": "#all", "cullface": "down"}, "east": {"uv": [15, 8, 16, 11], "rotation": 270, "texture": "#all", "cullface": "down"}, "south": {"uv": [12, 8, 16, 9], "texture": "#all", "cullface": "down"}, "west": {"uv": [12, 8, 13, 11], "rotation": 90, "texture": "#all", "cullface": "down"}, "down": {"uv": [12, 8, 16, 11], "texture": "#all", "cullface": "down"}}}, {"from": [0, 16, 12], "to": [7, 16.5, 15], "faces": {"north": {"uv": [0, 12, 7, 13], "rotation": 180, "texture": "#all", "cullface": "up"}, "east": {"uv": [6, 12, 7, 15], "rotation": 90, "texture": "#all", "cullface": "up"}, "south": {"uv": [0, 14, 7, 15], "texture": "#all", "cullface": "up"}, "west": {"uv": [0, 12, 1, 15], "rotation": 270, "texture": "#all", "cullface": "up"}, "up": {"uv": [0, 12, 7, 15], "texture": "#all", "cullface": "up"}}}, {"from": [0, 16, 4], "to": [7, 16.5, 7], "faces": {"north": {"uv": [0, 4, 7, 5], "rotation": 180, "texture": "#all", "cullface": "up"}, "east": {"uv": [6, 4, 7, 7], "rotation": 90, "texture": "#all", "cullface": "up"}, "south": {"uv": [0, 6, 7, 7], "texture": "#all", "cullface": "up"}, "west": {"uv": [0, 4, 1, 7], "rotation": 270, "texture": "#all", "cullface": "up"}, "up": {"uv": [0, 4, 7, 7], "texture": "#all", "cullface": "up"}}}, {"from": [4, 16, 0], "to": [8, 16.5, 3], "faces": {"north": {"uv": [4, 0, 8, 1], "rotation": 180, "texture": "#all", "cullface": "up"}, "east": {"uv": [7, 0, 8, 3], "rotation": 90, "texture": "#all", "cullface": "up"}, "south": {"uv": [4, 2, 8, 3], "texture": "#all", "cullface": "up"}, "west": {"uv": [4, 0, 5, 3], "rotation": 270, "texture": "#all", "cullface": "up"}, "up": {"uv": [3.99, 0.01, 7.99, 3.01], "texture": "#all", "cullface": "up"}}}, {"from": [4, 16, 8], "to": [8, 16.5, 11], "faces": {"north": {"uv": [4, 8, 8, 9], "rotation": 180, "texture": "#all", "cullface": "up"}, "east": {"uv": [7, 8, 8, 11], "rotation": 90, "texture": "#all", "cullface": "up"}, "south": {"uv": [4, 10, 8, 11], "texture": "#all", "cullface": "up"}, "west": {"uv": [4, 8, 5, 11], "rotation": 270, "texture": "#all", "cullface": "up"}, "up": {"uv": [4.01, 7.99, 7.99, 10.99], "texture": "#all", "cullface": "up"}}}, {"from": [0, 16, 8], "to": [3, 16.5, 11], "faces": {"north": {"uv": [0, 8, 3, 9], "rotation": 180, "texture": "#all", "cullface": "up"}, "east": {"uv": [2, 8, 3, 11], "rotation": 90, "texture": "#all", "cullface": "up"}, "south": {"uv": [0, 10, 3, 11], "texture": "#all", "cullface": "up"}, "west": {"uv": [0, 8, 1, 11], "rotation": 270, "texture": "#all", "cullface": "up"}, "up": {"uv": [0, 8, 3, 11], "texture": "#all", "cullface": "up"}}}, {"from": [0, 16, 0], "to": [3, 16.5, 3], "faces": {"north": {"uv": [0, 0, 3, 1], "rotation": 180, "texture": "#all", "cullface": "up"}, "east": {"uv": [2, 0, 3, 3], "rotation": 90, "texture": "#all", "cullface": "up"}, "south": {"uv": [0, 2, 3, 3], "texture": "#all", "cullface": "up"}, "west": {"uv": [0, 0, 1, 3], "rotation": 270, "texture": "#all", "cullface": "up"}, "up": {"uv": [0, 0, 3, 3], "texture": "#all", "cullface": "up"}}}, {"from": [-0.5, 1, 8], "to": [0, 4, 15], "faces": {"north": {"uv": [8, 12, 9, 15], "texture": "#all", "cullface": "west"}, "south": {"uv": [14, 12, 15, 15], "texture": "#all", "cullface": "west"}, "west": {"uv": [8, 12, 15, 15], "texture": "#all", "cullface": "west"}, "up": {"uv": [8, 12, 15, 13], "rotation": 90, "texture": "#all", "cullface": "west"}, "down": {"uv": [8, 14, 15, 15], "rotation": 270, "texture": "#all", "cullface": "west"}}}, {"from": [-0.5, 1, 0], "to": [0, 4, 7], "faces": {"north": {"uv": [0, 12, 1, 15], "texture": "#all", "cullface": "west"}, "south": {"uv": [6, 12, 7, 15], "texture": "#all", "cullface": "west"}, "west": {"uv": [0, 12, 7, 15], "texture": "#all", "cullface": "west"}, "up": {"uv": [0, 12, 7, 13], "rotation": 90, "texture": "#all", "cullface": "west"}, "down": {"uv": [0, 14, 7, 15], "rotation": 270, "texture": "#all", "cullface": "west"}}}, {"from": [-0.5, 9, 0], "to": [0, 12, 7], "faces": {"north": {"uv": [0, 4, 1, 7], "texture": "#all", "cullface": "west"}, "south": {"uv": [6, 4, 7, 7], "texture": "#all", "cullface": "west"}, "west": {"uv": [0, 4, 7, 7], "texture": "#all", "cullface": "west"}, "up": {"uv": [0, 4, 7, 5], "rotation": 90, "texture": "#all", "cullface": "west"}, "down": {"uv": [0, 6, 7, 7], "rotation": 270, "texture": "#all", "cullface": "west"}}}, {"from": [-0.5, 9, 8], "to": [0, 12, 15], "faces": {"north": {"uv": [8, 4, 9, 7], "texture": "#all", "cullface": "west"}, "south": {"uv": [14, 4, 15, 7], "texture": "#all", "cullface": "west"}, "west": {"uv": [8, 4, 15, 7], "texture": "#all", "cullface": "west"}, "up": {"uv": [8, 4, 15, 5], "rotation": 90, "texture": "#all", "cullface": "west"}, "down": {"uv": [8, 6, 15, 7], "rotation": 270, "texture": "#all", "cullface": "west"}}}, {"from": [-0.5, 13, 4], "to": [0, 16, 11], "faces": {"north": {"uv": [4, 0, 5, 3], "texture": "#all", "cullface": "west"}, "south": {"uv": [10, 0, 11, 3], "texture": "#all", "cullface": "west"}, "west": {"uv": [4, 0, 11, 3], "texture": "#all", "cullface": "west"}, "up": {"uv": [4, 0, 11, 1], "rotation": 90, "texture": "#all", "cullface": "west"}, "down": {"uv": [4, 2, 11, 3], "rotation": 270, "texture": "#all", "cullface": "west"}}}, {"from": [-0.5, 5, 4], "to": [0, 8, 11], "faces": {"north": {"uv": [4, 8, 5, 11], "texture": "#all", "cullface": "west"}, "south": {"uv": [10, 8, 11, 11], "texture": "#all", "cullface": "west"}, "west": {"uv": [4, 8, 11, 11], "texture": "#all", "cullface": "west"}, "up": {"uv": [4, 8, 11, 9], "rotation": 90, "texture": "#all", "cullface": "west"}, "down": {"uv": [4, 10, 11, 11], "rotation": 270, "texture": "#all", "cullface": "west"}}}, {"from": [-0.5, 5, 0], "to": [0, 8, 3], "faces": {"north": {"uv": [0, 8, 1, 11], "texture": "#all", "cullface": "west"}, "south": {"uv": [2, 8, 3, 11], "texture": "#all", "cullface": "west"}, "west": {"uv": [0, 8, 3, 11], "texture": "#all", "cullface": "west"}, "up": {"uv": [0, 8, 3, 9], "rotation": 90, "texture": "#all", "cullface": "west"}, "down": {"uv": [0, 10, 3, 11], "rotation": 270, "texture": "#all", "cullface": "west"}}}, {"from": [-0.5, 13, 0], "to": [0, 16, 3], "faces": {"north": {"uv": [0, 0, 1, 3], "texture": "#all", "cullface": "west"}, "south": {"uv": [2, 0, 3, 3], "texture": "#all", "cullface": "west"}, "west": {"uv": [0, 0, 3, 3], "texture": "#all", "cullface": "west"}, "up": {"uv": [0, 0, 3, 1], "rotation": 90, "texture": "#all", "cullface": "west"}, "down": {"uv": [0, 2, 3, 3], "rotation": 270, "texture": "#all", "cullface": "west"}}}, {"from": [-0.5, 13, 12], "to": [0, 16, 16], "faces": {"north": {"uv": [12, 0, 13, 3], "texture": "#all", "cullface": "west"}, "south": {"uv": [15, 0, 16, 3], "texture": "#all", "cullface": "west"}, "west": {"uv": [12, 0, 16, 3], "texture": "#all", "cullface": "west"}, "up": {"uv": [12, 0, 16, 1], "rotation": 90, "texture": "#all", "cullface": "west"}, "down": {"uv": [12, 2, 16, 3], "rotation": 270, "texture": "#all", "cullface": "west"}}}, {"from": [-0.5, 5, 12], "to": [0, 8, 16], "faces": {"north": {"uv": [12, 8, 13, 11], "texture": "#all", "cullface": "west"}, "south": {"uv": [15, 8, 16, 11], "texture": "#all", "cullface": "west"}, "west": {"uv": [12, 8, 16, 11], "texture": "#all", "cullface": "west"}, "up": {"uv": [12, 8, 16, 9], "rotation": 90, "texture": "#all", "cullface": "west"}, "down": {"uv": [12, 10, 16, 11], "rotation": 270, "texture": "#all", "cullface": "west"}}}, {"from": [8, 1, 16], "to": [15, 4, 16.5], "faces": {"east": {"uv": [14, 12, 15, 15], "texture": "#all", "cullface": "south"}, "south": {"uv": [8, 12, 15, 15], "texture": "#all", "cullface": "south"}, "west": {"uv": [8, 12, 9, 15], "texture": "#all", "cullface": "south"}, "up": {"uv": [8, 12, 15, 13], "texture": "#all", "cullface": "south"}, "down": {"uv": [8, 14, 15, 15], "texture": "#all", "cullface": "south"}}}, {"from": [0, 1, 16], "to": [7, 4, 16.5], "faces": {"east": {"uv": [6, 12, 7, 15], "texture": "#all", "cullface": "south"}, "south": {"uv": [0, 12, 7, 15], "texture": "#all", "cullface": "south"}, "west": {"uv": [0, 12, 1, 15], "texture": "#all", "cullface": "south"}, "up": {"uv": [0, 12, 7, 13], "texture": "#all", "cullface": "south"}, "down": {"uv": [0, 14, 7, 15], "texture": "#all", "cullface": "south"}}}, {"from": [0, 9, 16], "to": [7, 12, 16.5], "faces": {"east": {"uv": [6, 4, 7, 7], "texture": "#all", "cullface": "south"}, "south": {"uv": [0, 4, 7, 7], "texture": "#all", "cullface": "south"}, "west": {"uv": [0, 4, 1, 7], "texture": "#all", "cullface": "south"}, "up": {"uv": [0, 4, 7, 5], "texture": "#all", "cullface": "south"}, "down": {"uv": [0, 6, 7, 7], "texture": "#all", "cullface": "south"}}}, {"from": [4, 13, 16], "to": [8, 16, 16.5], "faces": {"east": {"uv": [7, 0, 8, 3], "texture": "#all", "cullface": "south"}, "south": {"uv": [4, 0, 8, 3], "texture": "#all", "cullface": "south"}, "west": {"uv": [4, 0, 5, 3], "texture": "#all", "cullface": "south"}, "up": {"uv": [4, 0, 8, 1], "texture": "#all", "cullface": "south"}, "down": {"uv": [4, 2, 8, 3], "texture": "#all", "cullface": "south"}}}, {"from": [4, 5, 16], "to": [11, 8, 16.5], "faces": {"east": {"uv": [10, 8, 11, 11], "texture": "#all", "cullface": "south"}, "south": {"uv": [4, 8, 11, 11], "texture": "#all", "cullface": "south"}, "west": {"uv": [4, 8, 5, 11], "texture": "#all", "cullface": "south"}, "up": {"uv": [4, 8, 11, 9], "texture": "#all", "cullface": "south"}, "down": {"uv": [4, 10, 11, 11], "texture": "#all", "cullface": "south"}}}, {"from": [0, 5, 16], "to": [3, 8, 16.5], "faces": {"east": {"uv": [2, 8, 3, 11], "texture": "#all", "cullface": "south"}, "south": {"uv": [0, 8, 3, 11], "texture": "#all", "cullface": "south"}, "west": {"uv": [0, 8, 1, 11], "texture": "#all", "cullface": "south"}, "up": {"uv": [0, 8, 3, 9], "texture": "#all", "cullface": "south"}, "down": {"uv": [0, 10, 3, 11], "texture": "#all", "cullface": "south"}}}, {"from": [0, 13, 16], "to": [3, 16, 16.5], "faces": {"east": {"uv": [2, 0, 3, 3], "texture": "#all", "cullface": "south"}, "south": {"uv": [0, 0, 3, 3], "texture": "#all", "cullface": "south"}, "west": {"uv": [0, 0, 1, 3], "texture": "#all", "cullface": "south"}, "up": {"uv": [0, 0, 3, 1], "texture": "#all", "cullface": "south"}, "down": {"uv": [0, 2, 3, 3], "texture": "#all", "cullface": "south"}}}, {"from": [12, 5, 16], "to": [16, 8, 16.5], "faces": {"east": {"uv": [15, 8, 16, 11], "texture": "#all", "cullface": "south"}, "south": {"uv": [12, 8, 16, 11], "texture": "#all", "cullface": "south"}, "west": {"uv": [12, 8, 13, 11], "texture": "#all", "cullface": "south"}, "up": {"uv": [12, 8, 16, 9], "texture": "#all", "cullface": "south"}, "down": {"uv": [12, 10, 16, 11], "texture": "#all", "cullface": "south"}}}, {"from": [16, 1, 1], "to": [16.5, 4, 8], "faces": {"north": {"uv": [14, 12, 15, 15], "texture": "#all", "cullface": "east"}, "east": {"uv": [8, 12, 15, 15], "texture": "#all", "cullface": "east"}, "south": {"uv": [8, 12, 9, 15], "texture": "#all", "cullface": "east"}, "up": {"uv": [8, 12, 15, 13], "rotation": 270, "texture": "#all", "cullface": "east"}, "down": {"uv": [8, 14, 15, 15], "rotation": 90, "texture": "#all", "cullface": "east"}}}, {"from": [16, 1, 9], "to": [16.5, 4, 16], "faces": {"north": {"uv": [6, 12, 7, 15], "texture": "#all", "cullface": "east"}, "east": {"uv": [0, 12, 7, 15], "texture": "#all", "cullface": "east"}, "south": {"uv": [0, 12, 1, 15], "texture": "#all", "cullface": "east"}, "up": {"uv": [0, 12, 7, 13], "rotation": 270, "texture": "#all", "cullface": "east"}, "down": {"uv": [0, 14, 7, 15], "rotation": 90, "texture": "#all", "cullface": "east"}}}, {"from": [16, 5, 5], "to": [16.5, 8, 12], "faces": {"north": {"uv": [10, 8, 11, 11], "texture": "#all", "cullface": "east"}, "east": {"uv": [4, 8, 11, 11], "texture": "#all", "cullface": "east"}, "south": {"uv": [4, 8, 5, 11], "texture": "#all", "cullface": "east"}, "up": {"uv": [4, 8, 11, 9], "rotation": 270, "texture": "#all", "cullface": "east"}, "down": {"uv": [4, 10, 11, 11], "rotation": 90, "texture": "#all", "cullface": "east"}}}, {"from": [16, 5, 13], "to": [16.5, 8, 16], "faces": {"north": {"uv": [2, 8, 3, 11], "texture": "#all", "cullface": "east"}, "east": {"uv": [0, 8, 3, 11], "texture": "#all", "cullface": "east"}, "south": {"uv": [0, 8, 1, 11], "texture": "#all", "cullface": "east"}, "up": {"uv": [0, 8, 3, 9], "rotation": 270, "texture": "#all", "cullface": "east"}, "down": {"uv": [0, 10, 3, 11], "rotation": 90, "texture": "#all", "cullface": "east"}}}, {"from": [16, 5, 0], "to": [16.5, 8, 4], "faces": {"north": {"uv": [15, 8, 16, 11], "texture": "#all", "cullface": "east"}, "east": {"uv": [12, 8, 16, 11], "texture": "#all", "cullface": "east"}, "south": {"uv": [12, 8, 13, 11], "texture": "#all", "cullface": "east"}, "up": {"uv": [12, 8, 16, 9], "rotation": 270, "texture": "#all", "cullface": "east"}, "down": {"uv": [12, 10, 16, 11], "rotation": 90, "texture": "#all", "cullface": "east"}}}, {"from": [1, 1, -0.5], "to": [8, 4, 0], "faces": {"north": {"uv": [8, 12, 15, 15], "texture": "#all", "cullface": "north"}, "east": {"uv": [8, 12, 9, 15], "texture": "#all", "cullface": "north"}, "west": {"uv": [14, 12, 15, 15], "texture": "#all", "cullface": "north"}, "up": {"uv": [8, 12, 15, 13], "rotation": 180, "texture": "#all", "cullface": "north"}, "down": {"uv": [8, 14, 15, 15], "rotation": 180, "texture": "#all", "cullface": "north"}}}, {"from": [9, 1, -0.5], "to": [16, 4, 0], "faces": {"north": {"uv": [0, 12, 7, 15], "texture": "#all", "cullface": "north"}, "east": {"uv": [0, 12, 1, 15], "texture": "#all", "cullface": "north"}, "west": {"uv": [6, 12, 7, 15], "texture": "#all", "cullface": "north"}, "up": {"uv": [0, 12, 7, 13], "rotation": 180, "texture": "#all", "cullface": "north"}, "down": {"uv": [0, 14, 7, 15], "rotation": 180, "texture": "#all", "cullface": "north"}}}, {"from": [1, 9, -0.5], "to": [8, 12, 0], "faces": {"north": {"uv": [8, 4, 15, 7], "texture": "#all", "cullface": "north"}, "east": {"uv": [8, 4, 9, 7], "texture": "#all", "cullface": "north"}, "west": {"uv": [14, 4, 15, 7], "texture": "#all", "cullface": "north"}, "up": {"uv": [8, 4, 15, 5], "rotation": 180, "texture": "#all", "cullface": "north"}, "down": {"uv": [8, 6, 15, 7], "rotation": 180, "texture": "#all", "cullface": "north"}}}, {"from": [5, 13, -0.5], "to": [8, 16, 0], "faces": {"north": {"uv": [8, 0, 11, 3], "texture": "#all", "cullface": "north"}, "east": {"uv": [8, 0, 9, 3], "texture": "#all", "cullface": "north"}, "west": {"uv": [10, 0, 11, 3], "texture": "#all", "cullface": "north"}, "up": {"uv": [8, 0, 11, 1], "rotation": 180, "texture": "#all", "cullface": "north"}, "down": {"uv": [8, 2, 11, 3], "rotation": 180, "texture": "#all", "cullface": "north"}}}, {"from": [5, 5, -0.5], "to": [12, 8, 0], "faces": {"north": {"uv": [4, 8, 11, 11], "texture": "#all", "cullface": "north"}, "east": {"uv": [4, 8, 5, 11], "texture": "#all", "cullface": "north"}, "west": {"uv": [10, 8, 11, 11], "texture": "#all", "cullface": "north"}, "up": {"uv": [4, 8, 11, 9], "rotation": 180, "texture": "#all", "cullface": "north"}, "down": {"uv": [4, 10, 11, 11], "rotation": 180, "texture": "#all", "cullface": "north"}}}, {"from": [13, 5, -0.5], "to": [16, 8, 0], "faces": {"north": {"uv": [0, 8, 3, 11], "texture": "#all", "cullface": "north"}, "east": {"uv": [0, 8, 1, 11], "texture": "#all", "cullface": "north"}, "west": {"uv": [2, 8, 3, 11], "texture": "#all", "cullface": "north"}, "up": {"uv": [0, 8, 3, 9], "rotation": 180, "texture": "#all", "cullface": "north"}, "down": {"uv": [0, 10, 3, 11], "rotation": 180, "texture": "#all", "cullface": "north"}}}, {"from": [0, 13, -0.5], "to": [4, 16, 0], "faces": {"north": {"uv": [12, 0, 16, 3], "texture": "#all", "cullface": "north"}, "east": {"uv": [12, 0, 13, 3], "texture": "#all", "cullface": "north"}, "west": {"uv": [15, 0, 16, 3], "texture": "#all", "cullface": "north"}, "up": {"uv": [12, 0, 16, 1], "rotation": 180, "texture": "#all", "cullface": "north"}, "down": {"uv": [12, 2, 16, 3], "rotation": 180, "texture": "#all", "cullface": "north"}}}, {"from": [0, 5, -0.5], "to": [4, 8, 0], "faces": {"north": {"uv": [12, 8, 16, 11], "texture": "#all", "cullface": "north"}, "east": {"uv": [12, 8, 13, 11], "texture": "#all", "cullface": "north"}, "west": {"uv": [15, 8, 16, 11], "texture": "#all", "cullface": "north"}, "up": {"uv": [12, 8, 16, 9], "rotation": 180, "texture": "#all", "cullface": "north"}, "down": {"uv": [12, 10, 16, 11], "rotation": 180, "texture": "#all", "cullface": "north"}}}, {"from": [12, 8, 0], "to": [16, 8.5, 3], "rotation": {"angle": 0, "axis": "y", "origin": [8, 0, 8]}, "faces": {"north": {"uv": [12, 0, 16, 1], "rotation": 180, "texture": "#all"}, "east": {"uv": [15, 0, 16, 3], "rotation": 90, "texture": "#all"}, "south": {"uv": [12, 2, 16, 3], "texture": "#all"}, "west": {"uv": [12, 0, 13, 3], "rotation": 270, "texture": "#all"}, "up": {"uv": [12, 0, 16, 3], "texture": "#all"}}}, {"from": [8, 8, 4], "to": [15, 8.5, 7], "rotation": {"angle": 0, "axis": "y", "origin": [8, 0, 8]}, "faces": {"north": {"uv": [8, 4, 15, 5], "rotation": 180, "texture": "#all"}, "east": {"uv": [14, 4, 15, 7], "rotation": 90, "texture": "#all"}, "south": {"uv": [8, 6, 15, 7], "texture": "#all"}, "up": {"uv": [8, 4, 15, 7], "texture": "#all"}}}, {"from": [12, 8, 8], "to": [16, 8.5, 11], "rotation": {"angle": 0, "axis": "y", "origin": [8, 0, 8]}, "faces": {"north": {"uv": [12, 8, 16, 9], "rotation": 180, "texture": "#all"}, "east": {"uv": [15, 8, 16, 11], "rotation": 90, "texture": "#all"}, "south": {"uv": [12, 10, 16, 11], "texture": "#all"}, "west": {"uv": [12, 8, 13, 11], "rotation": 270, "texture": "#all"}, "up": {"uv": [12, 8, 16, 11], "texture": "#all"}}}, {"from": [8, 8, 8], "to": [11, 8.5, 11], "rotation": {"angle": 0, "axis": "y", "origin": [3, 0, 8]}, "faces": {"north": {"uv": [8, 8, 11, 9], "rotation": 180, "texture": "#all"}, "east": {"uv": [10, 8, 11, 11], "rotation": 90, "texture": "#all"}, "south": {"uv": [8, 10, 11, 11], "texture": "#all"}, "up": {"uv": [7.99, 7.99, 10.99, 10.99], "texture": "#all"}}}, {"from": [8, 8, 0], "to": [11, 8.5, 3], "rotation": {"angle": 0, "axis": "y", "origin": [3, 0, 0]}, "faces": {"north": {"uv": [8, 0, 11, 1], "rotation": 180, "texture": "#all"}, "east": {"uv": [10, 0, 11, 3], "rotation": 90, "texture": "#all"}, "south": {"uv": [8, 2, 11, 3], "texture": "#all"}, "up": {"uv": [8, 0, 11, 3], "texture": "#all"}}}, {"from": [8, 8, 12], "to": [15, 8.5, 15], "rotation": {"angle": 0, "axis": "y", "origin": [8, 0, 8]}, "faces": {"north": {"uv": [8, 12, 15, 13], "rotation": 180, "texture": "#all"}, "east": {"uv": [14, 12, 15, 15], "rotation": 90, "texture": "#all"}, "south": {"uv": [8, 14, 15, 15], "texture": "#all"}, "up": {"uv": [8, 12, 15, 15], "texture": "#all"}}}, {"from": [8, 13, 0], "to": [8.5, 16, 4], "rotation": {"angle": 0, "axis": "y", "origin": [0, 8, 8]}, "faces": {"north": {"uv": [15, 0, 16, 3], "texture": "#all"}, "east": {"uv": [12, 0, 16, 3], "texture": "#all"}, "south": {"uv": [12, 0, 13, 3], "texture": "#all"}, "up": {"uv": [12, 0, 16, 1], "rotation": 270, "texture": "#all"}, "down": {"uv": [12, 2, 16, 3], "rotation": 90, "texture": "#all"}}}, {"from": [8, 9, 1], "to": [8.5, 12, 8], "rotation": {"angle": 0, "axis": "y", "origin": [0, 8, 8]}, "faces": {"north": {"uv": [14, 4, 15, 7], "texture": "#all"}, "east": {"uv": [8, 4, 15, 7], "texture": "#all"}, "south": {"uv": [8, 4, 9, 7], "texture": "#all"}, "up": {"uv": [8, 4, 15, 5], "rotation": 270, "texture": "#all"}, "down": {"uv": [8, 6, 15, 7], "rotation": 90, "texture": "#all"}}}, {"from": [8, 13, 5], "to": [8.5, 16, 12], "rotation": {"angle": 0, "axis": "y", "origin": [0, 8, 8]}, "faces": {"north": {"uv": [10, 0, 11, 3], "texture": "#all"}, "east": {"uv": [4, 0, 11, 3], "texture": "#all"}, "south": {"uv": [4, 0, 5, 3], "texture": "#all"}, "up": {"uv": [4, 0, 11, 1], "rotation": 270, "texture": "#all"}, "down": {"uv": [4, 2, 11, 3], "rotation": 90, "texture": "#all"}}}, {"from": [8, 13, 13], "to": [8.5, 16, 16], "rotation": {"angle": 0, "axis": "y", "origin": [0, 8, 8]}, "faces": {"north": {"uv": [2, 0, 3, 3], "texture": "#all"}, "east": {"uv": [0, 0, 3, 3], "texture": "#all"}, "south": {"uv": [0, 0, 1, 3], "texture": "#all"}, "up": {"uv": [0, 0, 3, 1], "rotation": 270, "texture": "#all"}, "down": {"uv": [0, 2, 3, 3], "rotation": 90, "texture": "#all"}}}, {"from": [8, 9, 9], "to": [8.5, 12, 16], "rotation": {"angle": 0, "axis": "y", "origin": [0, 8, 8]}, "faces": {"north": {"uv": [6, 4, 7, 7], "texture": "#all"}, "east": {"uv": [0, 4, 7, 7], "texture": "#all"}, "south": {"uv": [0, 4, 1, 7], "texture": "#all"}, "up": {"uv": [0, 4, 7, 5], "rotation": 270, "texture": "#all"}, "down": {"uv": [0, 6, 7, 7], "rotation": 90, "texture": "#all"}}}], "display": {"thirdperson_lefthand": {"rotation": [75, -135, 0], "translation": [0, 2.5, 0], "scale": [0.375, 0.375, 0.375]}, "gui": {"rotation": [30, 135, 0], "scale": [0.625, 0.625, 0.625]}, "head": {"rotation": [0, -90, 0]}}, "groups": [0, 1, {"name": "down", "origin": [8, 8, 8], "color": 0, "children": [2, 3, 4, 5, 6, 7, 8, 9, 10, 11]}, {"name": "up", "origin": [8, 8, 8], "color": 0, "children": [12, 13, 14, 15, 16, 17]}, {"name": "west", "origin": [8, 8, 8], "color": 0, "children": [18, 19, 20, 21, 22, 23, 24, 25, 26, 27]}, {"name": "south", "origin": [8, 8, 8], "color": 0, "children": [28, 29, 30, 31, 32, 33, 34, 35]}, {"name": "east", "origin": [8, 8, 8], "color": 0, "children": [36, 37, 38, 39, 40]}, {"name": "north", "origin": [8, 8, 8], "color": 0, "children": [41, 42, 43, 44, 45, 46, 47, 48]}, {"name": "other up", "origin": [8, 8, 8], "color": 0, "children": [49, 50, 51, 52, 53, 54]}, {"name": "other east", "origin": [8, 8, 8], "color": 0, "children": [55, 56, 57, 58, 59]}]}