{"parent": "block/cube_all", "textures": {"particle": "block/bricks", "wall": "block/bricks"}, "elements": [{"name": "wall", "from": [0, 0, 5], "to": [8, 14, 11], "faces": {"north": {"uv": [8, 2, 16, 16], "texture": "#wall"}, "south": {"uv": [0, 2, 8, 16], "texture": "#wall"}, "west": {"uv": [5, 2, 11, 16], "texture": "#wall", "cullface": "west"}, "up": {"uv": [0, 5, 8, 11], "texture": "#wall"}, "down": {"uv": [0, 5, 8, 11], "texture": "#wall", "cullface": "down"}}}, {"from": [0, 1, 11], "to": [7, 4, 11.5], "rotation": {"angle": 0, "axis": "y", "origin": [8, 8, 3]}, "faces": {"east": {"uv": [6, 12, 7, 15], "texture": "#wall"}, "south": {"uv": [0, 12, 7, 15], "texture": "#wall"}, "west": {"uv": [0, 12, 1, 15], "texture": "#wall"}, "up": {"uv": [7, 13, 0, 12], "rotation": 180, "texture": "#wall"}, "down": {"uv": [7, 15, 0, 14], "rotation": 180, "texture": "#wall"}}}, {"from": [0, 9, 11], "to": [7, 12, 11.5], "rotation": {"angle": 0, "axis": "y", "origin": [8, 8, 3]}, "faces": {"east": {"uv": [6, 4, 7, 7], "texture": "#wall"}, "south": {"uv": [0, 4, 7, 7], "texture": "#wall"}, "west": {"uv": [0, 4, 1, 7], "texture": "#wall"}, "up": {"uv": [7, 5, 0, 4], "rotation": 180, "texture": "#wall"}, "down": {"uv": [7, 7, 0, 6], "rotation": 180, "texture": "#wall"}}}, {"from": [4, 13, 11], "to": [8, 14, 11.5], "rotation": {"angle": 0, "axis": "y", "origin": [8, 8, 3]}, "faces": {"south": {"uv": [4, 2, 8, 3], "texture": "#wall"}, "west": {"uv": [4, 2, 5, 3], "texture": "#wall"}, "up": {"uv": [8, 3, 4, 2], "rotation": 180, "texture": "#wall"}, "down": {"uv": [8, 3, 4, 2], "rotation": 180, "texture": "#wall"}}}, {"from": [4, 5, 11], "to": [8, 8, 11.5], "rotation": {"angle": 0, "axis": "y", "origin": [8, 8, 3]}, "faces": {"south": {"uv": [4, 8, 8, 11], "texture": "#wall"}, "west": {"uv": [4, 8, 5, 11], "texture": "#wall"}, "up": {"uv": [8, 9, 4, 8], "rotation": 180, "texture": "#wall"}, "down": {"uv": [8, 11, 4, 10], "rotation": 180, "texture": "#wall"}}}, {"from": [0, 5, 11], "to": [3, 8, 11.5], "rotation": {"angle": 0, "axis": "y", "origin": [8, 8, 3]}, "faces": {"east": {"uv": [2, 8, 3, 11], "texture": "#wall"}, "south": {"uv": [0, 8, 3, 11], "texture": "#wall"}, "west": {"uv": [0, 8, 1, 11], "texture": "#wall"}, "up": {"uv": [3, 9, 0, 8], "rotation": 180, "texture": "#wall"}, "down": {"uv": [3, 11, 0, 10], "rotation": 180, "texture": "#wall"}}}, {"from": [0, 13, 11], "to": [3, 14, 11.5], "rotation": {"angle": 0, "axis": "y", "origin": [8, 8, 3]}, "faces": {"east": {"uv": [2, 2, 3, 3], "texture": "#wall"}, "south": {"uv": [0, 2, 3, 3], "texture": "#wall"}, "west": {"uv": [0, 2, 1, 3], "texture": "#wall"}, "up": {"uv": [3, 3, 0, 2], "rotation": 180, "texture": "#wall"}, "down": {"uv": [3, 3, 0, 2], "rotation": 180, "texture": "#wall"}}}, {"from": [1, 1, 4.5], "to": [8, 4, 5], "rotation": {"angle": 0, "axis": "y", "origin": [8, 8, 13]}, "faces": {"north": {"uv": [8, 12, 15, 15], "texture": "#wall"}, "east": {"uv": [8, 12, 9, 15], "texture": "#wall"}, "west": {"uv": [14, 12, 15, 15], "texture": "#wall"}, "up": {"uv": [15, 13, 8, 12], "texture": "#wall"}, "down": {"uv": [15, 15, 8, 14], "texture": "#wall"}}}, {"from": [1, 9, 4.5], "to": [8, 12, 5], "rotation": {"angle": 0, "axis": "y", "origin": [8, 8, 13]}, "faces": {"north": {"uv": [8, 4, 15, 7], "texture": "#wall"}, "east": {"uv": [8, 4, 9, 7], "texture": "#wall"}, "west": {"uv": [14, 4, 15, 7], "texture": "#wall"}, "up": {"uv": [15, 5, 8, 4], "texture": "#wall"}, "down": {"uv": [15, 7, 8, 6], "texture": "#wall"}}}, {"from": [5, 13, 4.5], "to": [8, 14, 5], "rotation": {"angle": 0, "axis": "y", "origin": [8, 8, 13]}, "faces": {"north": {"uv": [8, 2, 11, 3], "texture": "#wall"}, "west": {"uv": [10, 2, 11, 3], "texture": "#wall", "cullface": "south"}, "up": {"uv": [11, 3, 8, 2], "texture": "#wall"}, "down": {"uv": [11, 3, 8, 2], "texture": "#wall"}}}, {"from": [5, 5, 4.5], "to": [8, 8, 5], "rotation": {"angle": 0, "axis": "y", "origin": [8, 8, 13]}, "faces": {"north": {"uv": [8, 8, 11, 11], "texture": "#wall"}, "west": {"uv": [10, 8, 11, 11], "texture": "#wall", "cullface": "south"}, "up": {"uv": [11, 9, 8, 8], "texture": "#wall"}, "down": {"uv": [11, 11, 8, 10], "texture": "#wall"}}}, {"from": [0, 13, 4.5], "to": [4, 14, 5], "rotation": {"angle": 0, "axis": "y", "origin": [8, 8, 13]}, "faces": {"north": {"uv": [12, 2, 16, 3], "texture": "#wall"}, "east": {"uv": [12, 2, 13, 3], "texture": "#wall"}, "west": {"uv": [15, 2, 16, 3], "texture": "#wall"}, "up": {"uv": [16, 3, 12, 2], "texture": "#wall"}, "down": {"uv": [16, 3, 12, 2], "texture": "#wall"}}}, {"from": [0, 5, 4.5], "to": [4, 8, 5], "rotation": {"angle": 0, "axis": "y", "origin": [8, 8, 13]}, "faces": {"north": {"uv": [12, 8, 16, 11], "texture": "#wall"}, "east": {"uv": [12, 8, 13, 11], "texture": "#wall"}, "west": {"uv": [15, 8, 16, 11], "texture": "#wall"}, "up": {"uv": [16, 9, 12, 8], "texture": "#wall"}, "down": {"uv": [16, 11, 12, 10], "texture": "#wall"}}}, {"from": [-0.5, 1, 8], "to": [0, 4, 11], "faces": {"north": {"uv": [8, 12, 9, 15], "texture": "#wall", "cullface": "west"}, "south": {"uv": [14, 12, 15, 15], "texture": "#wall", "cullface": "west"}, "west": {"uv": [8, 12, 11, 15], "texture": "#wall", "cullface": "west"}, "up": {"uv": [11, 13, 8, 12], "rotation": 270, "texture": "#wall", "cullface": "west"}, "down": {"uv": [11, 15, 8, 14], "rotation": 90, "texture": "#wall", "cullface": "west"}}}, {"from": [-0.5, 1, 5], "to": [0, 4, 7], "faces": {"north": {"uv": [0, 12, 1, 15], "texture": "#wall", "cullface": "west"}, "south": {"uv": [6, 12, 7, 15], "texture": "#wall", "cullface": "west"}, "west": {"uv": [5, 12, 7, 15], "texture": "#wall", "cullface": "west"}, "up": {"uv": [7, 13, 5, 12], "rotation": 270, "texture": "#wall", "cullface": "west"}, "down": {"uv": [7, 15, 5, 14], "rotation": 90, "texture": "#wall", "cullface": "west"}}}, {"from": [-0.5, 9, 5], "to": [0, 12, 7], "faces": {"north": {"uv": [0, 4, 1, 7], "texture": "#wall", "cullface": "west"}, "south": {"uv": [6, 4, 7, 7], "texture": "#wall", "cullface": "west"}, "west": {"uv": [5, 4, 7, 7], "texture": "#wall", "cullface": "west"}, "up": {"uv": [7, 5, 5, 4], "rotation": 270, "texture": "#wall", "cullface": "west"}, "down": {"uv": [7, 7, 5, 6], "rotation": 90, "texture": "#wall", "cullface": "west"}}}, {"from": [-0.5, 9, 8], "to": [0, 12, 11], "faces": {"north": {"uv": [8, 4, 9, 7], "texture": "#wall", "cullface": "west"}, "south": {"uv": [14, 4, 15, 7], "texture": "#wall", "cullface": "west"}, "west": {"uv": [8, 4, 11, 7], "texture": "#wall", "cullface": "west"}, "up": {"uv": [11, 5, 8, 4], "rotation": 270, "texture": "#wall", "cullface": "west"}, "down": {"uv": [11, 7, 8, 6], "rotation": 90, "texture": "#wall", "cullface": "west"}}}, {"from": [-0.5, 13, 5], "to": [0, 14, 11], "faces": {"north": {"uv": [4, 2, 5, 3], "texture": "#wall", "cullface": "west"}, "south": {"uv": [10, 2, 11, 3], "texture": "#wall", "cullface": "west"}, "west": {"uv": [5, 2, 11, 3], "texture": "#wall", "cullface": "west"}, "up": {"uv": [11, 3, 5, 2], "rotation": 270, "texture": "#wall", "cullface": "west"}, "down": {"uv": [11, 3, 5, 2], "rotation": 90, "texture": "#wall", "cullface": "west"}}}, {"from": [-0.5, 5, 5], "to": [0, 8, 11], "faces": {"north": {"uv": [4, 8, 5, 11], "texture": "#wall", "cullface": "west"}, "south": {"uv": [10, 8, 11, 11], "texture": "#wall", "cullface": "west"}, "west": {"uv": [4, 8, 11, 11], "texture": "#wall", "cullface": "west"}, "up": {"uv": [11, 9, 4, 8], "rotation": 270, "texture": "#wall", "cullface": "west"}, "down": {"uv": [11, 11, 4, 10], "rotation": 90, "texture": "#wall", "cullface": "west"}}}, {"from": [0, 14, 5], "to": [7, 14.5, 7], "rotation": {"angle": 0, "axis": "y", "origin": [8, 6, 8]}, "faces": {"north": {"uv": [0, 5, 7, 6], "rotation": 180, "texture": "#wall"}, "east": {"uv": [6, 5, 7, 7], "rotation": 90, "texture": "#wall"}, "south": {"uv": [0, 6, 7, 7], "texture": "#wall"}, "west": {"uv": [0, 5, 1, 7], "rotation": 270, "texture": "#wall"}, "up": {"uv": [0.01, 5.01, 7.01, 7.01], "texture": "#wall"}}}, {"from": [4, 14, 8], "to": [8, 14.5, 11], "rotation": {"angle": 0, "axis": "y", "origin": [8, 6, 8]}, "faces": {"north": {"uv": [4, 8, 8, 9], "rotation": 180, "texture": "#wall"}, "south": {"uv": [4, 10, 8, 11], "texture": "#wall"}, "west": {"uv": [4, 8, 5, 11], "rotation": 270, "texture": "#wall"}, "up": {"uv": [4.01, 7.99, 7.99, 10.99], "texture": "#wall"}}}, {"from": [0, 14, 8], "to": [3, 14.5, 11], "rotation": {"angle": 0, "axis": "y", "origin": [8, 6, 8]}, "faces": {"north": {"uv": [0, 8, 3, 9], "rotation": 180, "texture": "#wall"}, "east": {"uv": [2, 8, 3, 11], "rotation": 90, "texture": "#wall"}, "south": {"uv": [0, 10, 3, 11], "texture": "#wall"}, "west": {"uv": [0, 8, 1, 11], "rotation": 270, "texture": "#wall"}, "up": {"uv": [0, 8, 3, 11], "texture": "#wall"}}}, {"from": [0, -0.5, 9], "to": [7, 0, 11], "faces": {"north": {"uv": [0, 6, 7, 7], "rotation": 180, "texture": "#wall", "cullface": "down"}, "east": {"uv": [6, 5, 7, 7], "rotation": 270, "texture": "#wall", "cullface": "down"}, "south": {"uv": [0, 5, 7, 6], "texture": "#wall", "cullface": "down"}, "west": {"uv": [0, 5, 1, 7], "rotation": 90, "texture": "#wall", "cullface": "down"}, "down": {"uv": [0.01, 5.01, 7.01, 7.01], "texture": "#wall", "cullface": "down"}}}, {"from": [4, -0.5, 5], "to": [8, 0, 8], "faces": {"north": {"uv": [4, 10, 8, 11], "rotation": 180, "texture": "#wall", "cullface": "down"}, "east": {"uv": [6, 8, 7, 11], "rotation": 270, "texture": "#wall", "cullface": "down"}, "south": {"uv": [4, 8, 8, 9], "texture": "#wall", "cullface": "down"}, "west": {"uv": [4, 8, 5, 11], "rotation": 90, "texture": "#wall", "cullface": "down"}, "down": {"uv": [4.01, 7.99, 7.99, 10.99], "texture": "#wall", "cullface": "down"}}}, {"from": [0, -0.5, 5], "to": [3, 0, 8], "faces": {"north": {"uv": [0, 10, 3, 11], "rotation": 180, "texture": "#wall", "cullface": "down"}, "east": {"uv": [2, 8, 3, 11], "rotation": 270, "texture": "#wall", "cullface": "down"}, "south": {"uv": [0, 8, 3, 9], "texture": "#wall", "cullface": "down"}, "west": {"uv": [0, 8, 1, 11], "rotation": 90, "texture": "#wall", "cullface": "down"}, "down": {"uv": [0, 8, 3, 11], "texture": "#wall", "cullface": "down"}}}], "groups": [0, {"name": "north", "origin": [8, 8, 8], "color": 0, "children": [1, 2, 3, 4, 5, 6]}, {"name": "south", "origin": [8, 8, 8], "color": 0, "children": [7, 8, 9, 10, 11, 12]}, {"name": "east", "origin": [8, 8, 8], "color": 0, "children": [13, 14, 15, 16, 17, 18]}, {"name": "up", "origin": [8, 8, 8], "color": 0, "children": [19, 20, 21]}, {"name": "down", "origin": [8, 8, 8], "color": 0, "children": [22, 23, 24]}]}