{"parent": "block/cube_all", "textures": {"particle": "block/bricks", "wall": "block/bricks"}, "elements": [{"from": [8, 0, 5], "to": [16, 16, 11], "faces": {"north": {"uv": [0, 0, 8, 16], "texture": "#wall"}, "east": {"uv": [5, 0, 11, 16], "texture": "#wall", "cullface": "east"}, "south": {"uv": [8, 0, 16, 16], "texture": "#wall"}, "up": {"uv": [8, 5, 16, 11], "texture": "#wall", "cullface": "up"}, "down": {"uv": [8, 5, 16, 11], "texture": "#wall", "cullface": "down"}}}, {"from": [8, 16, 5], "to": [15, 16.5, 7], "faces": {"north": {"uv": [8, 5, 15, 6], "rotation": 180, "texture": "#wall", "cullface": "up"}, "east": {"uv": [14, 5, 15, 7], "rotation": 90, "texture": "#wall", "cullface": "up"}, "south": {"uv": [8, 6, 15, 7], "texture": "#wall", "cullface": "up"}, "west": {"uv": [8, 5, 9, 7], "rotation": 270, "texture": "#wall", "cullface": "up"}, "up": {"uv": [8, 5.01, 15, 7.01], "texture": "#wall", "cullface": "up"}}}, {"from": [8, 16, 8], "to": [11, 16.5, 11], "faces": {"north": {"uv": [8, 8, 11, 9], "rotation": 180, "texture": "#wall", "cullface": "up"}, "east": {"uv": [10, 8, 11, 11], "rotation": 90, "texture": "#wall", "cullface": "up"}, "south": {"uv": [8, 10, 11, 11], "texture": "#wall", "cullface": "up"}, "up": {"uv": [8.01, 7.99, 10.99, 10.99], "texture": "#wall", "cullface": "up"}}}, {"from": [12, 16, 8], "to": [16, 16.5, 11], "faces": {"north": {"uv": [12, 8, 16, 9], "rotation": 180, "texture": "#wall", "cullface": "up"}, "east": {"uv": [15, 8, 16, 11], "rotation": 90, "texture": "#wall", "cullface": "up"}, "south": {"uv": [12, 10, 16, 11], "texture": "#wall", "cullface": "up"}, "west": {"uv": [12, 8, 13, 11], "rotation": 270, "texture": "#wall", "cullface": "up"}, "up": {"uv": [12, 8, 16, 11], "texture": "#wall", "cullface": "up"}}}, {"from": [8, 1, 11], "to": [15, 4, 11.5], "rotation": {"angle": 0, "axis": "y", "origin": [8, 8, 3]}, "faces": {"east": {"uv": [14, 12, 15, 15], "texture": "#wall"}, "south": {"uv": [8, 12, 15, 15], "texture": "#wall"}, "west": {"uv": [8, 12, 9, 15], "texture": "#wall"}, "up": {"uv": [8, 12, 15, 13], "texture": "#wall"}, "down": {"uv": [8, 14, 15, 15], "texture": "#wall"}}}, {"from": [8, 9, 11], "to": [15, 12, 11.5], "rotation": {"angle": 0, "axis": "y", "origin": [8, 8, 3]}, "faces": {"east": {"uv": [14, 4, 15, 7], "texture": "#wall"}, "south": {"uv": [8, 4, 15, 7], "texture": "#wall"}, "west": {"uv": [8, 4, 9, 7], "texture": "#wall"}, "up": {"uv": [8, 4, 15, 5], "texture": "#wall"}, "down": {"uv": [8, 6, 15, 7], "texture": "#wall"}}}, {"from": [8, 13, 11], "to": [11, 16, 11.5], "rotation": {"angle": 0, "axis": "y", "origin": [8, 8, 3]}, "faces": {"east": {"uv": [10, 0, 11, 3], "texture": "#wall"}, "south": {"uv": [8, 0, 11, 3], "texture": "#wall"}, "up": {"uv": [8, 0, 11, 1], "texture": "#wall"}, "down": {"uv": [8, 2, 11, 3], "texture": "#wall"}}}, {"from": [8, 5, 11], "to": [11, 8, 11.5], "rotation": {"angle": 0, "axis": "y", "origin": [8, 8, 3]}, "faces": {"east": {"uv": [10, 8, 11, 11], "texture": "#wall"}, "south": {"uv": [8, 8, 11, 11], "texture": "#wall"}, "up": {"uv": [8, 8, 11, 9], "texture": "#wall"}, "down": {"uv": [8, 10, 11, 11], "texture": "#wall"}}}, {"from": [12, 13, 11], "to": [16, 16, 11.5], "rotation": {"angle": 0, "axis": "y", "origin": [8, 8, 3]}, "faces": {"east": {"uv": [15, 0, 16, 3], "texture": "#wall"}, "south": {"uv": [12, 0, 16, 3], "texture": "#wall"}, "west": {"uv": [12, 0, 13, 3], "texture": "#wall"}, "up": {"uv": [12, 0, 16, 1], "texture": "#wall"}, "down": {"uv": [12, 2, 16, 3], "texture": "#wall"}}}, {"from": [12, 5, 11], "to": [16, 8, 11.5], "rotation": {"angle": 0, "axis": "y", "origin": [8, 8, 3]}, "faces": {"east": {"uv": [15, 8, 16, 11], "texture": "#wall"}, "south": {"uv": [12, 8, 16, 11], "texture": "#wall"}, "west": {"uv": [12, 8, 13, 11], "texture": "#wall"}, "up": {"uv": [12, 8, 16, 9], "texture": "#wall"}, "down": {"uv": [12, 10, 16, 11], "texture": "#wall"}}}, {"from": [16, 1, 5], "to": [16.5, 4, 8], "faces": {"north": {"uv": [10, 12, 11, 15], "texture": "#wall", "cullface": "east"}, "east": {"uv": [8, 12, 11, 15], "texture": "#wall", "cullface": "east"}, "south": {"uv": [8, 12, 9, 15], "texture": "#wall", "cullface": "east"}, "up": {"uv": [8, 12, 11, 13], "rotation": 270, "texture": "#wall", "cullface": "east"}, "down": {"uv": [8, 14, 11, 15], "rotation": 90, "texture": "#wall", "cullface": "east"}}}, {"from": [16, 1, 9], "to": [16.5, 4, 11], "faces": {"north": {"uv": [6, 12, 7, 15], "texture": "#wall", "cullface": "east"}, "east": {"uv": [5, 12, 7, 15], "texture": "#wall", "cullface": "east"}, "south": {"uv": [5, 12, 6, 15], "texture": "#wall", "cullface": "east"}, "up": {"uv": [5, 12, 7, 13], "rotation": 270, "texture": "#wall", "cullface": "east"}, "down": {"uv": [5, 14, 7, 15], "rotation": 90, "texture": "#wall", "cullface": "east"}}}, {"from": [16, 9, 9], "to": [16.5, 12, 11], "faces": {"north": {"uv": [6, 4, 7, 7], "texture": "#wall", "cullface": "east"}, "east": {"uv": [5, 4, 7, 7], "texture": "#wall", "cullface": "east"}, "south": {"uv": [5, 4, 6, 7], "texture": "#wall", "cullface": "east"}, "up": {"uv": [5, 4, 7, 5], "rotation": 270, "texture": "#wall", "cullface": "east"}, "down": {"uv": [5, 6, 7, 7], "rotation": 90, "texture": "#wall", "cullface": "east"}}}, {"from": [16, 9, 5], "to": [16.5, 12, 8], "faces": {"north": {"uv": [10, 4, 11, 7], "texture": "#wall", "cullface": "east"}, "east": {"uv": [8, 4, 11, 7], "texture": "#wall", "cullface": "east"}, "south": {"uv": [8, 4, 9, 7], "texture": "#wall", "cullface": "east"}, "up": {"uv": [8, 4, 11, 5], "rotation": 270, "texture": "#wall", "cullface": "east"}, "down": {"uv": [8, 6, 11, 7], "rotation": 90, "texture": "#wall", "cullface": "east"}}}, {"from": [16, 13, 5], "to": [16.5, 16, 11], "faces": {"north": {"uv": [10, 0, 11, 3], "texture": "#wall", "cullface": "east"}, "east": {"uv": [5, 0, 11, 3], "texture": "#wall", "cullface": "east"}, "south": {"uv": [5, 0, 6, 3], "texture": "#wall", "cullface": "east"}, "up": {"uv": [5, 0, 11, 1], "rotation": 270, "texture": "#wall", "cullface": "east"}, "down": {"uv": [5, 2, 11, 3], "rotation": 90, "texture": "#wall", "cullface": "east"}}}, {"from": [16, 5, 5], "to": [16.5, 8, 11], "faces": {"north": {"uv": [10, 8, 11, 11], "texture": "#wall", "cullface": "east"}, "east": {"uv": [5, 8, 11, 11], "texture": "#wall", "cullface": "east"}, "south": {"uv": [5, 8, 6, 11], "texture": "#wall", "cullface": "east"}, "up": {"uv": [5, 8, 11, 9], "rotation": 270, "texture": "#wall", "cullface": "east"}, "down": {"uv": [5, 10, 11, 11], "rotation": 90, "texture": "#wall", "cullface": "east"}}}, {"from": [9, 1, 4.5], "to": [16, 4, 5], "rotation": {"angle": 0, "axis": "y", "origin": [8, 8, 13]}, "faces": {"north": {"uv": [0, 12, 7, 15], "texture": "#wall"}, "east": {"uv": [0, 12, 1, 15], "texture": "#wall"}, "west": {"uv": [6, 12, 7, 15], "texture": "#wall"}, "up": {"uv": [0, 12, 7, 13], "rotation": 180, "texture": "#wall"}, "down": {"uv": [0, 14, 7, 15], "rotation": 180, "texture": "#wall"}}}, {"from": [9, 9, 4.5], "to": [16, 12, 5], "rotation": {"angle": 0, "axis": "y", "origin": [8, 8, 13]}, "faces": {"north": {"uv": [0, 4, 7, 7], "texture": "#wall"}, "east": {"uv": [0, 4, 1, 7], "texture": "#wall"}, "west": {"uv": [6, 4, 7, 7], "texture": "#wall"}, "up": {"uv": [0, 4, 7, 5], "rotation": 180, "texture": "#wall"}, "down": {"uv": [0, 6, 7, 7], "rotation": 180, "texture": "#wall"}}}, {"from": [8, 13, 4.5], "to": [12, 16, 5], "rotation": {"angle": 0, "axis": "y", "origin": [8, 8, 13]}, "faces": {"north": {"uv": [4, 0, 8, 3], "texture": "#wall"}, "east": {"uv": [4, 0, 5, 3], "texture": "#wall"}, "up": {"uv": [4, 0, 8, 1], "rotation": 180, "texture": "#wall"}, "down": {"uv": [4, 2, 8, 3], "rotation": 180, "texture": "#wall"}}}, {"from": [8, 5, 4.5], "to": [12, 8, 5], "rotation": {"angle": 0, "axis": "y", "origin": [8, 8, 13]}, "faces": {"north": {"uv": [4, 8, 8, 11], "texture": "#wall"}, "east": {"uv": [4, 8, 5, 11], "texture": "#wall"}, "up": {"uv": [4, 8, 8, 9], "rotation": 180, "texture": "#wall"}, "down": {"uv": [4, 10, 8, 11], "rotation": 180, "texture": "#wall"}}}, {"from": [13, 5, 4.5], "to": [16, 8, 5], "rotation": {"angle": 0, "axis": "y", "origin": [8, 8, 13]}, "faces": {"north": {"uv": [0, 8, 3, 11], "texture": "#wall"}, "east": {"uv": [0, 8, 1, 11], "texture": "#wall"}, "west": {"uv": [2, 8, 3, 11], "texture": "#wall"}, "up": {"uv": [0, 8, 3, 9], "rotation": 180, "texture": "#wall"}, "down": {"uv": [0, 10, 3, 11], "rotation": 180, "texture": "#wall"}}}, {"from": [13, 13, 4.5], "to": [16, 16, 5], "rotation": {"angle": 0, "axis": "y", "origin": [8, 8, 13]}, "faces": {"north": {"uv": [0, 0, 3, 3], "texture": "#wall"}, "east": {"uv": [0, 0, 1, 3], "texture": "#wall"}, "west": {"uv": [2, 0, 3, 3], "texture": "#wall"}, "up": {"uv": [0, 0, 3, 1], "rotation": 180, "texture": "#wall"}, "down": {"uv": [0, 2, 3, 3], "rotation": 180, "texture": "#wall"}}}, {"from": [8, -0.5, 9], "to": [15, 0, 11], "faces": {"north": {"uv": [8, 6, 15, 7], "rotation": 180, "texture": "#wall", "cullface": "down"}, "east": {"uv": [14, 5, 15, 7], "rotation": 270, "texture": "#wall", "cullface": "down"}, "south": {"uv": [8, 5, 15, 6], "texture": "#wall", "cullface": "down"}, "west": {"uv": [8, 5, 9, 7], "rotation": 90, "texture": "#wall", "cullface": "down"}, "down": {"uv": [8, 5.01, 15, 7.01], "texture": "#wall", "cullface": "down"}}}, {"from": [8, -0.5, 5], "to": [11, 0, 8], "faces": {"north": {"uv": [8, 10, 11, 11], "rotation": 180, "texture": "#wall", "cullface": "down"}, "east": {"uv": [10, 8, 11, 11], "rotation": 270, "texture": "#wall", "cullface": "down"}, "south": {"uv": [8, 8, 11, 9], "texture": "#wall", "cullface": "down"}, "down": {"uv": [8.01, 7.99, 10.99, 10.99], "texture": "#wall", "cullface": "down"}}}, {"from": [12, -0.5, 5], "to": [16, 0, 8], "faces": {"north": {"uv": [12, 10, 16, 11], "rotation": 180, "texture": "#wall", "cullface": "down"}, "east": {"uv": [15, 8, 16, 11], "rotation": 270, "texture": "#wall", "cullface": "down"}, "south": {"uv": [12, 8, 16, 9], "texture": "#wall", "cullface": "down"}, "west": {"uv": [12, 8, 13, 11], "rotation": 90, "texture": "#wall", "cullface": "down"}, "down": {"uv": [12, 8, 16, 11], "texture": "#wall", "cullface": "down"}}}], "groups": [0, {"name": "up", "origin": [8, 8, 8], "color": 0, "children": [1, 2, 3]}, {"name": "south", "origin": [8, 8, 8], "color": 0, "children": [4, 5, 6, 7, 8, 9]}, {"name": "east", "origin": [8, 8, 8], "color": 0, "children": [10, 11, 12, 13, 14, 15]}, {"name": "north", "origin": [8, 8, 8], "color": 0, "children": [16, 17, 18, 19, 20, 21]}, {"name": "down", "origin": [8, 8, 8], "color": 0, "children": [22, 23, 24]}]}