{"parent": "block/cube_all", "textures": {"particle": "block/bricks", "wall": "block/bricks"}, "elements": [{"name": "Center post", "from": [4, 0, 4], "to": [12, 16, 12], "faces": {"north": {"uv": [4, 0, 12, 16], "texture": "#wall"}, "east": {"uv": [4, 0, 12, 16], "texture": "#wall"}, "south": {"uv": [4, 0, 12, 16], "texture": "#wall"}, "west": {"uv": [4, 0, 12, 16], "texture": "#wall"}, "up": {"uv": [4, 4, 12, 12], "texture": "#wall", "cullface": "up"}, "down": {"uv": [4, 4, 12, 12], "texture": "#wall", "cullface": "down"}}}, {"from": [4, 1, 3.5], "to": [8, 4, 4], "faces": {"north": {"uv": [8, 12, 12, 15], "texture": "#wall"}, "east": {"uv": [8, 12, 9, 15], "texture": "#wall"}, "west": {"uv": [11, 12, 12, 15], "texture": "#wall"}, "up": {"uv": [8, 12, 12, 13], "rotation": 180, "texture": "#wall"}, "down": {"uv": [8, 14, 12, 15], "rotation": 180, "texture": "#wall"}}}, {"from": [9, 1, 3.5], "to": [12, 4, 4], "faces": {"north": {"uv": [4, 12, 7, 15], "texture": "#wall"}, "east": {"uv": [4, 12, 5, 15], "texture": "#wall"}, "west": {"uv": [6, 12, 7, 15], "texture": "#wall"}, "up": {"uv": [4, 12, 7, 13], "rotation": 180, "texture": "#wall"}, "down": {"uv": [4, 14, 7, 15], "rotation": 180, "texture": "#wall"}}}, {"from": [9, 9, 3.5], "to": [12, 12, 4], "faces": {"north": {"uv": [4, 4, 7, 7], "texture": "#wall"}, "east": {"uv": [4, 4, 5, 7], "texture": "#wall"}, "west": {"uv": [6, 4, 7, 7], "texture": "#wall"}, "up": {"uv": [4, 4, 7, 5], "rotation": 180, "texture": "#wall"}, "down": {"uv": [4, 6, 7, 7], "rotation": 180, "texture": "#wall"}}}, {"from": [4, 9, 3.5], "to": [8, 12, 4], "faces": {"north": {"uv": [8, 4, 12, 7], "texture": "#wall"}, "east": {"uv": [8, 4, 9, 7], "texture": "#wall"}, "west": {"uv": [11, 4, 12, 7], "texture": "#wall"}, "up": {"uv": [8, 4, 12, 5], "rotation": 180, "texture": "#wall"}, "down": {"uv": [8, 6, 12, 7], "rotation": 180, "texture": "#wall"}}}, {"from": [5, 13, 3.5], "to": [12, 16, 4], "faces": {"north": {"uv": [4, 0, 11, 3], "texture": "#wall"}, "east": {"uv": [4, 0, 5, 3], "texture": "#wall"}, "west": {"uv": [10, 0, 11, 3], "texture": "#wall"}, "up": {"uv": [4, 0, 11, 1], "rotation": 180, "texture": "#wall"}, "down": {"uv": [4, 2, 11, 3], "rotation": 180, "texture": "#wall"}}}, {"from": [5, 5, 3.5], "to": [12, 8, 4], "faces": {"north": {"uv": [4, 8, 11, 11], "texture": "#wall"}, "east": {"uv": [4, 8, 5, 11], "texture": "#wall"}, "west": {"uv": [10, 8, 11, 11], "texture": "#wall"}, "up": {"uv": [4, 8, 11, 9], "rotation": 180, "texture": "#wall"}, "down": {"uv": [4, 10, 11, 11], "rotation": 180, "texture": "#wall"}}}, {"from": [12, 1, 4], "to": [12.5, 4, 8], "faces": {"north": {"uv": [11, 12, 12, 15], "texture": "#wall"}, "east": {"uv": [8, 12, 12, 15], "texture": "#wall"}, "south": {"uv": [8, 12, 9, 15], "texture": "#wall"}, "up": {"uv": [8, 12, 12, 13], "rotation": 270, "texture": "#wall"}, "down": {"uv": [8, 14, 12, 15], "rotation": 90, "texture": "#wall"}}}, {"from": [12, 1, 9], "to": [12.5, 4, 12], "faces": {"north": {"uv": [6, 12, 7, 15], "texture": "#wall"}, "east": {"uv": [4, 12, 7, 15], "texture": "#wall"}, "south": {"uv": [4, 12, 5, 15], "texture": "#wall"}, "up": {"uv": [4, 12, 7, 13], "rotation": 270, "texture": "#wall"}, "down": {"uv": [4, 14, 7, 15], "rotation": 90, "texture": "#wall"}}}, {"from": [12, 9, 9], "to": [12.5, 12, 12], "faces": {"north": {"uv": [6, 4, 7, 7], "texture": "#wall"}, "east": {"uv": [4, 4, 7, 7], "texture": "#wall"}, "south": {"uv": [4, 4, 5, 7], "texture": "#wall"}, "up": {"uv": [4, 4, 7, 5], "rotation": 270, "texture": "#wall"}, "down": {"uv": [4, 6, 7, 7], "rotation": 90, "texture": "#wall"}}}, {"from": [12, 9, 4], "to": [12.5, 12, 8], "faces": {"north": {"uv": [11, 4, 12, 7], "texture": "#wall"}, "east": {"uv": [8, 4, 12, 7], "texture": "#wall"}, "south": {"uv": [8, 4, 9, 7], "texture": "#wall"}, "up": {"uv": [8, 4, 12, 5], "rotation": 270, "texture": "#wall"}, "down": {"uv": [8, 6, 12, 7], "rotation": 90, "texture": "#wall"}}}, {"from": [12, 13, 5], "to": [12.5, 16, 12], "faces": {"north": {"uv": [10, 0, 11, 3], "texture": "#wall"}, "east": {"uv": [4, 0, 11, 3], "texture": "#wall"}, "south": {"uv": [4, 0, 5, 3], "texture": "#wall"}, "up": {"uv": [4, 0, 11, 1], "rotation": 270, "texture": "#wall"}, "down": {"uv": [4, 2, 11, 3], "rotation": 90, "texture": "#wall"}}}, {"from": [12, 5, 5], "to": [12.5, 8, 12], "faces": {"north": {"uv": [10, 8, 11, 11], "texture": "#wall"}, "east": {"uv": [4, 8, 11, 11], "texture": "#wall"}, "south": {"uv": [4, 8, 5, 11], "texture": "#wall"}, "up": {"uv": [4, 8, 11, 9], "rotation": 270, "texture": "#wall"}, "down": {"uv": [4, 10, 11, 11], "rotation": 90, "texture": "#wall"}}}, {"from": [8, 1, 12], "to": [12, 4, 12.5], "faces": {"east": {"uv": [11, 12, 12, 15], "texture": "#wall"}, "south": {"uv": [8, 12, 12, 15], "texture": "#wall"}, "west": {"uv": [8, 12, 9, 15], "texture": "#wall"}, "up": {"uv": [8, 12, 12, 13], "texture": "#wall"}, "down": {"uv": [8, 14, 12, 15], "texture": "#wall"}}}, {"from": [4, 1, 12], "to": [7, 4, 12.5], "faces": {"east": {"uv": [6, 12, 7, 15], "texture": "#wall"}, "south": {"uv": [4, 12, 7, 15], "texture": "#wall"}, "west": {"uv": [4, 12, 5, 15], "texture": "#wall"}, "up": {"uv": [4, 12, 7, 13], "texture": "#wall"}, "down": {"uv": [4, 14, 7, 15], "texture": "#wall"}}}, {"from": [4, 9, 12], "to": [7, 12, 12.5], "faces": {"east": {"uv": [6, 4, 7, 7], "texture": "#wall"}, "south": {"uv": [4, 4, 7, 7], "texture": "#wall"}, "west": {"uv": [4, 4, 5, 7], "texture": "#wall"}, "up": {"uv": [4, 4, 7, 5], "texture": "#wall"}, "down": {"uv": [4, 6, 7, 7], "texture": "#wall"}}}, {"from": [8, 9, 12], "to": [12, 12, 12.5], "faces": {"east": {"uv": [11, 4, 12, 7], "texture": "#wall"}, "south": {"uv": [8, 4, 12, 7], "texture": "#wall"}, "west": {"uv": [8, 4, 9, 7], "texture": "#wall"}, "up": {"uv": [8, 4, 12, 5], "texture": "#wall"}, "down": {"uv": [8, 6, 12, 7], "texture": "#wall"}}}, {"from": [4, 13, 12], "to": [11, 16, 12.5], "faces": {"east": {"uv": [10, 0, 11, 3], "texture": "#wall"}, "south": {"uv": [4, 0, 11, 3], "texture": "#wall"}, "west": {"uv": [4, 0, 5, 3], "texture": "#wall"}, "up": {"uv": [4, 0, 11, 1], "texture": "#wall"}, "down": {"uv": [4, 2, 11, 3], "texture": "#wall"}}}, {"from": [4, 5, 12], "to": [11, 8, 12.5], "faces": {"east": {"uv": [10, 8, 11, 11], "texture": "#wall"}, "south": {"uv": [4, 8, 11, 11], "texture": "#wall"}, "west": {"uv": [4, 8, 5, 11], "texture": "#wall"}, "up": {"uv": [4, 8, 11, 9], "texture": "#wall"}, "down": {"uv": [4, 10, 11, 11], "texture": "#wall"}}}, {"from": [3.5, 1, 8], "to": [4, 4, 12], "faces": {"north": {"uv": [8, 12, 9, 15], "texture": "#wall"}, "south": {"uv": [11, 12, 12, 15], "texture": "#wall"}, "west": {"uv": [8, 12, 12, 15], "texture": "#wall"}, "up": {"uv": [8, 12, 12, 13], "rotation": 90, "texture": "#wall"}, "down": {"uv": [8, 14, 12, 15], "rotation": 270, "texture": "#wall"}}}, {"from": [3.5, 1, 4], "to": [4, 4, 7], "faces": {"north": {"uv": [4, 12, 5, 15], "texture": "#wall"}, "south": {"uv": [6, 12, 7, 15], "texture": "#wall"}, "west": {"uv": [4, 12, 7, 15], "texture": "#wall"}, "up": {"uv": [4, 12, 7, 13], "rotation": 90, "texture": "#wall"}, "down": {"uv": [4, 14, 7, 15], "rotation": 270, "texture": "#wall"}}}, {"from": [3.5, 9, 4], "to": [4, 12, 7], "faces": {"north": {"uv": [4, 4, 5, 7], "texture": "#wall"}, "south": {"uv": [6, 4, 7, 7], "texture": "#wall"}, "west": {"uv": [4, 4, 7, 7], "texture": "#wall"}, "up": {"uv": [4, 4, 7, 5], "rotation": 90, "texture": "#wall"}, "down": {"uv": [4, 6, 7, 7], "rotation": 270, "texture": "#wall"}}}, {"from": [3.5, 9, 8], "to": [4, 12, 12], "faces": {"north": {"uv": [8, 4, 9, 7], "texture": "#wall"}, "south": {"uv": [11, 4, 12, 7], "texture": "#wall"}, "west": {"uv": [8, 4, 12, 7], "texture": "#wall"}, "up": {"uv": [8, 4, 12, 5], "rotation": 90, "texture": "#wall"}, "down": {"uv": [8, 6, 12, 7], "rotation": 270, "texture": "#wall"}}}, {"from": [3.5, 13, 4], "to": [4, 16, 11], "faces": {"north": {"uv": [4, 0, 5, 3], "texture": "#wall"}, "south": {"uv": [10, 0, 11, 3], "texture": "#wall"}, "west": {"uv": [4, 0, 11, 3], "texture": "#wall"}, "up": {"uv": [4, 0, 11, 1], "rotation": 90, "texture": "#wall"}, "down": {"uv": [4, 2, 11, 3], "rotation": 270, "texture": "#wall"}}}, {"from": [3.5, 5, 4], "to": [4, 8, 11], "faces": {"north": {"uv": [4, 8, 5, 11], "texture": "#wall"}, "south": {"uv": [10, 8, 11, 11], "texture": "#wall"}, "west": {"uv": [4, 8, 11, 11], "texture": "#wall"}, "up": {"uv": [4, 8, 11, 9], "rotation": 90, "texture": "#wall"}, "down": {"uv": [4, 10, 11, 11], "rotation": 270, "texture": "#wall"}}}, {"from": [4, 16, 4], "to": [7, 16.5, 7], "faces": {"north": {"uv": [4, 4, 7, 5], "rotation": 180, "texture": "#wall", "cullface": "up"}, "east": {"uv": [6, 4, 7, 7], "rotation": 90, "texture": "#wall", "cullface": "up"}, "south": {"uv": [4, 6, 7, 7], "texture": "#wall", "cullface": "up"}, "west": {"uv": [4, 4, 5, 7], "rotation": 270, "texture": "#wall", "cullface": "up"}, "up": {"uv": [4.01, 4.01, 7.01, 7.01], "texture": "#wall", "cullface": "up"}}}, {"from": [8, 16, 4], "to": [12, 16.5, 7], "faces": {"north": {"uv": [8, 4, 12, 5], "rotation": 180, "texture": "#wall", "cullface": "up"}, "east": {"uv": [11, 4, 12, 7], "rotation": 90, "texture": "#wall", "cullface": "up"}, "south": {"uv": [8, 6, 12, 7], "texture": "#wall", "cullface": "up"}, "west": {"uv": [8, 4, 9, 7], "rotation": 270, "texture": "#wall", "cullface": "up"}, "up": {"uv": [8, 4.01, 12, 7.01], "texture": "#wall", "cullface": "up"}}}, {"from": [4, 16, 8], "to": [11, 16.5, 11], "faces": {"north": {"uv": [4, 8, 11, 9], "rotation": 180, "texture": "#wall", "cullface": "up"}, "east": {"uv": [10, 8, 11, 11], "rotation": 90, "texture": "#wall", "cullface": "up"}, "south": {"uv": [4, 10, 11, 11], "texture": "#wall", "cullface": "up"}, "west": {"uv": [4, 8, 5, 11], "rotation": 270, "texture": "#wall", "cullface": "up"}, "up": {"uv": [4, 8, 11, 11], "texture": "#wall", "cullface": "up"}}}, {"from": [4, -0.5, 9], "to": [7, 0, 12], "faces": {"north": {"uv": [4, 6, 7, 7], "rotation": 180, "texture": "#wall", "cullface": "down"}, "east": {"uv": [6, 4, 7, 7], "rotation": 270, "texture": "#wall", "cullface": "down"}, "south": {"uv": [4, 4, 7, 5], "texture": "#wall", "cullface": "down"}, "west": {"uv": [4, 4, 5, 7], "rotation": 90, "texture": "#wall", "cullface": "down"}, "down": {"uv": [4.01, 4.01, 7.01, 7.01], "texture": "#wall", "cullface": "down"}}}, {"from": [8, -0.5, 9], "to": [12, 0, 12], "faces": {"north": {"uv": [8, 6, 12, 7], "rotation": 180, "texture": "#wall", "cullface": "down"}, "east": {"uv": [11, 4, 12, 7], "rotation": 270, "texture": "#wall", "cullface": "down"}, "south": {"uv": [8, 4, 12, 5], "texture": "#wall", "cullface": "down"}, "west": {"uv": [8, 4, 9, 7], "rotation": 90, "texture": "#wall", "cullface": "down"}, "down": {"uv": [8, 4.01, 12, 7.01], "texture": "#wall", "cullface": "down"}}}, {"from": [4, -0.5, 5], "to": [11, 0, 8], "faces": {"north": {"uv": [4, 10, 11, 11], "rotation": 180, "texture": "#wall", "cullface": "down"}, "east": {"uv": [10, 8, 11, 11], "rotation": 270, "texture": "#wall", "cullface": "down"}, "south": {"uv": [4, 8, 11, 9], "texture": "#wall", "cullface": "down"}, "west": {"uv": [4, 8, 5, 11], "rotation": 90, "texture": "#wall", "cullface": "down"}, "down": {"uv": [4, 8, 11, 11], "texture": "#wall", "cullface": "down"}}}], "groups": [0, {"name": "north", "origin": [8, 8, 8], "color": 0, "children": [1, 2, 3, 4, 5, 6]}, {"name": "east", "origin": [8, 8, 8], "color": 0, "children": [7, 8, 9, 10, 11, 12]}, {"name": "south", "origin": [8, 8, 8], "color": 0, "children": [13, 14, 15, 16, 17, 18]}, {"name": "west", "origin": [8, 8, 8], "color": 0, "children": [19, 20, 21, 22, 23, 24]}, {"name": "up", "origin": [8, 8, 8], "color": 0, "children": [25, 26, 27]}, {"name": "down", "origin": [8, 8, 8], "color": 0, "children": [28, 29, 30]}]}