{"textures": {"bottom": "block/cake_bottom", "top": "block/cake_top", "particle": "block/cake_side", "side": "block/cake_side", "inner": "block/cake_inner"}, "elements": [{"from": [11, 8, 5], "to": [12, 8.25, 6], "rotation": {"angle": 0, "axis": "y", "origin": [8, 8, 8]}, "faces": {"north": {"uv": [11, 5, 12, 6], "texture": "#top"}, "east": {"uv": [11, 5, 12, 6], "texture": "#top"}, "south": {"uv": [11, 5, 12, 6], "texture": "#top"}, "west": {"uv": [11, 5, 12, 6], "texture": "#top"}, "up": {"uv": [11, 5, 12, 6], "texture": "#top"}}}, {"from": [11, 8, 2], "to": [12, 8.25, 3], "rotation": {"angle": 0, "axis": "y", "origin": [8, 8, 8]}, "faces": {"north": {"uv": [11, 2, 12, 3], "texture": "#top"}, "east": {"uv": [11, 2, 12, 3], "texture": "#top"}, "south": {"uv": [11, 2, 12, 3], "texture": "#top"}, "west": {"uv": [11, 2, 12, 3], "texture": "#top"}, "up": {"uv": [11, 2, 12, 3], "texture": "#top"}}}, {"from": [13, 8, 9], "to": [14, 8.25, 10], "rotation": {"angle": 0, "axis": "y", "origin": [8, 8, 8]}, "faces": {"north": {"uv": [13, 9, 14, 10], "texture": "#top"}, "east": {"uv": [13, 9, 14, 10], "texture": "#top"}, "south": {"uv": [13, 9, 14, 10], "texture": "#top"}, "west": {"uv": [13, 9, 14, 10], "texture": "#top"}, "up": {"uv": [13, 9, 14, 10], "texture": "#top"}}}, {"from": [10, 8, 12], "to": [11, 8.25, 13], "rotation": {"angle": 0, "axis": "y", "origin": [8, 8, 8]}, "faces": {"north": {"uv": [10, 12, 11, 13], "texture": "#top"}, "east": {"uv": [10, 12, 11, 13], "texture": "#top"}, "south": {"uv": [10, 12, 11, 13], "texture": "#top"}, "west": {"uv": [10, 12, 11, 13], "texture": "#top"}, "up": {"uv": [10, 12, 11, 13], "texture": "#top"}}}, {"from": [7, 8, 6], "to": [9, 8.25, 10], "rotation": {"angle": 0, "axis": "y", "origin": [8, 8, 8]}, "faces": {"north": {"uv": [7, 6, 9, 7], "texture": "#top"}, "east": {"uv": [8, 6, 9, 10], "rotation": 90, "texture": "#top"}, "south": {"uv": [7, 9, 9, 10], "texture": "#top"}, "west": {"uv": [7, 6, 8, 10], "rotation": 270, "texture": "#top"}, "up": {"uv": [7, 6, 9, 10], "texture": "#top"}}}, {"from": [9, 8, 7], "to": [10, 8.25, 9], "rotation": {"angle": 0, "axis": "y", "origin": [8, 8, 8]}, "faces": {"north": {"uv": [9, 7, 10, 8], "texture": "#top"}, "east": {"uv": [9, 7, 10, 9], "rotation": 90, "texture": "#top"}, "south": {"uv": [9, 8, 10, 9], "texture": "#top"}, "up": {"uv": [9, 7, 10, 9], "texture": "#top"}}}, {"from": [7, 5, 0.75], "to": [15, 8, 1], "rotation": {"angle": 0, "axis": "y", "origin": [8, 8, 8]}, "faces": {"north": {"uv": [1, 8, 9, 11], "texture": "#side"}, "east": {"uv": [1, 8, 2, 11], "texture": "#side"}, "west": {"uv": [8, 8, 9, 11], "texture": "#side"}, "up": {"uv": [1, 8, 9, 9], "rotation": 180, "texture": "#side"}, "down": {"uv": [1, 10, 9, 11], "rotation": 180, "texture": "#side"}}}, {"from": [9, 4, 0.75], "to": [11, 5, 1], "rotation": {"angle": 0, "axis": "y", "origin": [8, 8, 8]}, "faces": {"north": {"uv": [5, 11, 7, 12], "texture": "#side"}, "east": {"uv": [5, 11, 6, 12], "texture": "#side"}, "west": {"uv": [6, 11, 7, 12], "texture": "#side"}, "down": {"uv": [5, 11, 7, 12], "rotation": 180, "texture": "#side"}}}, {"from": [13, 4, 0.75], "to": [15, 5, 1], "rotation": {"angle": 0, "axis": "y", "origin": [8, 8, 8]}, "faces": {"north": {"uv": [1, 11, 3, 12], "texture": "#side"}, "east": {"uv": [1, 11, 2, 12], "texture": "#side"}, "west": {"uv": [2, 11, 3, 12], "texture": "#side"}, "down": {"uv": [1, 11, 3, 12], "rotation": 180, "texture": "#side"}}}, {"from": [15, 5, 1], "to": [15.25, 8, 15], "rotation": {"angle": 0, "axis": "y", "origin": [8, 8, 8]}, "faces": {"north": {"uv": [14, 8, 15, 11], "texture": "#side"}, "east": {"uv": [1, 8, 15, 11], "texture": "#side"}, "south": {"uv": [1, 8, 2, 11], "texture": "#side"}, "up": {"uv": [1, 8, 15, 9], "rotation": 270, "texture": "#side"}, "down": {"uv": [1, 10, 15, 11], "rotation": 90, "texture": "#side"}}}, {"from": [15, 4, 9], "to": [15.25, 5, 11], "rotation": {"angle": 0, "axis": "y", "origin": [8, 8, 8]}, "faces": {"north": {"uv": [6, 11, 7, 12], "texture": "#side"}, "east": {"uv": [5, 11, 7, 12], "texture": "#side"}, "south": {"uv": [5, 11, 6, 12], "texture": "#side"}, "down": {"uv": [5, 11, 7, 12], "rotation": 90, "texture": "#side"}}}, {"from": [15, 4, 13], "to": [15.25, 5, 15], "rotation": {"angle": 0, "axis": "y", "origin": [8, 8, 8]}, "faces": {"north": {"uv": [2, 11, 3, 12], "texture": "#side"}, "east": {"uv": [1, 11, 3, 12], "texture": "#side"}, "south": {"uv": [1, 11, 2, 12], "texture": "#side"}, "down": {"uv": [1, 11, 3, 12], "rotation": 90, "texture": "#side"}}}, {"from": [15, 4, 5], "to": [15.25, 5, 7], "rotation": {"angle": 0, "axis": "y", "origin": [8, 8, 8]}, "faces": {"north": {"uv": [10, 11, 11, 12], "texture": "#side"}, "east": {"uv": [9, 11, 11, 12], "texture": "#side"}, "south": {"uv": [9, 11, 10, 12], "texture": "#side"}, "down": {"uv": [9, 11, 11, 12], "rotation": 90, "texture": "#side"}}}, {"from": [15, 4, 1], "to": [15.25, 5, 3], "rotation": {"angle": 0, "axis": "y", "origin": [8, 8, 8]}, "faces": {"north": {"uv": [14, 11, 15, 12], "texture": "#side"}, "east": {"uv": [13, 11, 15, 12], "texture": "#side"}, "south": {"uv": [13, 11, 14, 12], "texture": "#side"}, "down": {"uv": [13, 11, 15, 12], "rotation": 90, "texture": "#side"}}}, {"from": [7, 5, 15], "to": [15, 8, 15.25], "rotation": {"angle": 0, "axis": "y", "origin": [8, 8, 8]}, "faces": {"east": {"uv": [14, 8, 15, 11], "texture": "#side"}, "south": {"uv": [7, 8, 15, 11], "texture": "#side"}, "west": {"uv": [7, 8, 8, 11], "texture": "#side"}, "up": {"uv": [7, 8, 15, 9], "texture": "#side"}, "down": {"uv": [7, 10, 15, 11], "texture": "#side"}}}, {"from": [9, 4, 15], "to": [11, 5, 15.25], "rotation": {"angle": 0, "axis": "y", "origin": [8, 8, 8]}, "faces": {"east": {"uv": [10, 11, 11, 12], "texture": "#side"}, "south": {"uv": [9, 11, 11, 12], "texture": "#side"}, "west": {"uv": [9, 11, 10, 12], "texture": "#side"}, "down": {"uv": [9, 11, 11, 12], "texture": "#side"}}}, {"from": [13, 4, 15], "to": [15, 5, 15.25], "rotation": {"angle": 0, "axis": "y", "origin": [8, 8, 8]}, "faces": {"east": {"uv": [14, 11, 15, 12], "texture": "#side"}, "south": {"uv": [13, 11, 15, 12], "texture": "#side"}, "west": {"uv": [13, 11, 14, 12], "texture": "#side"}, "down": {"uv": [13, 11, 15, 12], "texture": "#side"}}}, {"from": [6.75, 7, 1], "to": [7, 8, 15], "faces": {"north": {"uv": [1, 8, 2, 9], "texture": "#inner"}, "south": {"uv": [14, 8, 15, 9], "texture": "#inner"}, "west": {"uv": [1, 8, 15, 9], "texture": "#inner"}, "up": {"uv": [1, 8, 15, 9], "rotation": 90, "texture": "#inner"}, "down": {"uv": [1, 8, 15, 9], "rotation": 270, "texture": "#inner"}}}, {"from": [6.75, 6, 1], "to": [7, 7, 2], "faces": {"north": {"uv": [1, 9, 2, 10], "texture": "#inner"}, "south": {"uv": [1, 9, 2, 10], "texture": "#inner"}, "west": {"uv": [1, 9, 2, 10], "texture": "#inner"}, "down": {"uv": [1, 9, 2, 10], "rotation": 270, "texture": "#inner"}}}, {"from": [6.75, 6, 3], "to": [7, 7, 5], "faces": {"north": {"uv": [3, 9, 4, 10], "texture": "#inner"}, "south": {"uv": [4, 9, 5, 10], "texture": "#inner"}, "west": {"uv": [3, 9, 5, 10], "texture": "#inner"}, "down": {"uv": [3, 9, 5, 10], "rotation": 270, "texture": "#inner"}}}, {"from": [6.75, 6, 11], "to": [7, 7, 12], "faces": {"north": {"uv": [11, 9, 12, 10], "texture": "#inner"}, "south": {"uv": [11, 9, 12, 10], "texture": "#inner"}, "west": {"uv": [11, 9, 12, 10], "texture": "#inner"}, "down": {"uv": [11, 9, 12, 10], "rotation": 270, "texture": "#inner"}}}, {"from": [6.75, 6, 14], "to": [7, 7, 15], "faces": {"north": {"uv": [14, 9, 15, 10], "texture": "#inner"}, "south": {"uv": [14, 9, 15, 10], "texture": "#inner"}, "west": {"uv": [14, 9, 15, 10], "texture": "#inner"}, "down": {"uv": [0, 0, 1, 1], "rotation": 270, "texture": "#inner"}}}, {"from": [6.75, 5, 4], "to": [7, 6, 5], "faces": {"north": {"uv": [4, 10, 5, 11], "texture": "#inner"}, "south": {"uv": [4, 10, 5, 11], "texture": "#inner"}, "west": {"uv": [4, 10, 5, 11], "texture": "#inner"}, "down": {"uv": [4, 10, 5, 11], "rotation": 270, "texture": "#inner"}}}, {"from": [7, 0, 1], "to": [15, 8, 15], "rotation": {"angle": 0, "axis": "y", "origin": [8, 8, 8]}, "faces": {"north": {"uv": [1, 8, 9, 16], "texture": "#side"}, "east": {"uv": [1, 8, 15, 16], "texture": "#side"}, "south": {"uv": [7, 8, 15, 16], "texture": "#side"}, "west": {"uv": [1, 8, 15, 16], "texture": "#inner"}, "up": {"uv": [7, 1, 15, 15], "texture": "#top"}, "down": {"uv": [7, 1, 15, 15], "texture": "#bottom", "cullface": "down"}}}], "display": {"thirdperson_righthand": {"rotation": [75, 45, 0], "translation": [0, 2.5, 2.25], "scale": [0.375, 0.375, 0.375]}, "thirdperson_lefthand": {"rotation": [75, 45, 0], "translation": [0, 2.5, 2.25], "scale": [0.375, 0.375, 0.375]}, "firstperson_righthand": {"rotation": [0, 45, 0], "translation": [0, 2, 0], "scale": [0.4, 0.4, 0.4]}, "firstperson_lefthand": {"rotation": [0, 45, 0], "translation": [0, 2, 0], "scale": [0.4, 0.4, 0.4]}, "ground": {"translation": [0, 3, 0], "scale": [0.25, 0.25, 0.25]}, "gui": {"rotation": [30, 225, 0], "scale": [0.625, 0.625, 0.625]}, "fixed": {"rotation": [-90, 0, 0], "translation": [0, 0, -4.5], "scale": [0.65, 0.65, 0.65]}}, "groups": [{"name": "cherries", "origin": [8, 8, 8], "color": 0, "children": [0, 1, 2, 3, 4, 5]}, {"name": "north", "origin": [0, 0, 0], "color": 0, "children": [6, 7, 8]}, {"name": "east", "origin": [0, 0, 0], "color": 0, "children": [9, 10, 11, 12, 13]}, {"name": "south", "origin": [0, 0, 0], "color": 0, "children": [14, 15, 16]}, {"name": "west", "origin": [8, 8, 8], "color": 0, "children": [17, 18, 19, 20, 21, 22]}, 23]}