{"parent": "block/cube", "textures": {"down": "block/dark_oak_planks", "up": "block/cartography_table_top", "particle": "block/cartography_table_side3", "north": "block/cartography_table_side3", "south": "block/cartography_table_side1", "west": "block/cartography_table_side2"}, "elements": [{"from": [0, 0, 0], "to": [16, 16, 16], "faces": {"north": {"uv": [0, 0, 16, 16], "texture": "#north", "cullface": "north"}, "east": {"uv": [0, 0, 16, 16], "texture": "#north", "cullface": "east"}, "south": {"uv": [0, 0, 16, 16], "texture": "#south", "cullface": "south"}, "west": {"uv": [0, 0, 16, 16], "texture": "#west", "cullface": "west"}, "up": {"uv": [0, 0, 16, 16], "texture": "#up", "cullface": "up"}, "down": {"uv": [0, 0, 16, 16], "texture": "#down", "cullface": "down"}}}, {"name": "compass", "from": [2, 16, 2], "to": [6, 16.5, 6], "faces": {"north": {"uv": [2, 2, 6, 3], "rotation": 180, "texture": "#up", "cullface": "up"}, "east": {"uv": [5, 2, 6, 6], "rotation": 90, "texture": "#up", "cullface": "up"}, "south": {"uv": [2, 5, 6, 6], "texture": "#up", "cullface": "up"}, "west": {"uv": [2, 2, 3, 6], "rotation": 270, "texture": "#up", "cullface": "up"}, "up": {"uv": [2, 2, 6, 6], "texture": "#up", "cullface": "up"}}}, {"from": [12, 16, 2], "to": [14, 16.25, 11], "rotation": {"angle": 0, "axis": "y", "origin": [8, 7.25, 8]}, "faces": {"north": {"uv": [12, 2, 14, 3], "texture": "#up", "cullface": "up"}, "east": {"uv": [14, 2, 15, 10], "rotation": 90, "texture": "#up", "cullface": "up"}, "south": {"uv": [12, 10, 14, 11], "texture": "#up", "cullface": "up"}, "up": {"uv": [12, 2, 14, 11], "texture": "#up", "cullface": "up"}}}, {"from": [11, 16, 2], "to": [12, 16.25, 4], "rotation": {"angle": 0, "axis": "y", "origin": [8, 7.25, 8]}, "faces": {"north": {"uv": [11, 2, 12, 3], "texture": "#up", "cullface": "up"}, "west": {"uv": [9, 3, 11, 4], "texture": "#up", "cullface": "up"}, "up": {"uv": [11, 2, 12, 4], "texture": "#up", "cullface": "up"}}}, {"from": [9, 16, 3], "to": [11, 16.25, 4], "rotation": {"angle": 0, "axis": "y", "origin": [8, 7.25, 8]}, "faces": {"north": {"uv": [9, 3, 11, 4], "texture": "#up", "cullface": "up"}, "west": {"uv": [9, 3, 10, 4], "texture": "#up", "cullface": "up"}, "up": {"uv": [9, 3, 11, 4], "texture": "#up", "cullface": "up"}}}, {"from": [8, 16, 4], "to": [9, 16.25, 11], "rotation": {"angle": 0, "axis": "y", "origin": [8, 7.25, 8]}, "faces": {"north": {"uv": [8, 4, 9, 5], "texture": "#up", "cullface": "up"}, "south": {"uv": [8, 10, 9, 11], "texture": "#up", "cullface": "up"}, "west": {"uv": [8, 4, 9, 11], "texture": "#up", "cullface": "up"}, "up": {"uv": [8, 4, 9, 11], "texture": "#up", "cullface": "up"}}}, {"from": [9, 16, 4], "to": [12, 16.25, 12], "rotation": {"angle": 0, "axis": "y", "origin": [8, 7.25, 8]}, "faces": {"east": {"uv": [11, 4, 12, 12], "rotation": 90, "texture": "#up", "cullface": "up"}, "south": {"uv": [9, 11, 12, 12], "texture": "#up", "cullface": "up"}, "west": {"uv": [9, 4, 10, 12], "rotation": 270, "texture": "#up", "cullface": "up"}, "up": {"uv": [9, 4, 12, 12], "texture": "#up", "cullface": "up"}}}, {"from": [14, 16, 2], "to": [15, 16.25, 10], "rotation": {"angle": 0, "axis": "y", "origin": [8, 7.25, 8]}, "faces": {"north": {"uv": [14, 2, 15, 3], "texture": "#up", "cullface": "up"}, "east": {"uv": [14, 2, 15, 10], "rotation": 90, "texture": "#up", "cullface": "up"}, "south": {"uv": [14, 9, 15, 10], "texture": "#up", "cullface": "up"}, "up": {"uv": [14, 2, 15, 10], "texture": "#up", "cullface": "up"}}}, {"from": [0, -0.5, 13], "to": [15, 0, 16], "faces": {"north": {"uv": [0, 2, 15, 3], "rotation": 180, "texture": "#down", "cullface": "down"}, "east": {"uv": [14, 0, 15, 3], "rotation": 270, "texture": "#down", "cullface": "down"}, "south": {"uv": [0, 0, 15, 1], "texture": "#down", "cullface": "down"}, "west": {"uv": [0, 0, 1, 3], "rotation": 90, "texture": "#down", "cullface": "west"}, "down": {"uv": [0, 0, 15, 3], "texture": "#down", "cullface": "down"}}}, {"from": [8, -0.5, 1], "to": [16, 0, 4], "faces": {"north": {"uv": [8, 14, 16, 15], "rotation": 180, "texture": "#down", "cullface": "down"}, "east": {"uv": [15, 12, 16, 15], "rotation": 270, "texture": "#down", "cullface": "down"}, "south": {"uv": [8, 12, 16, 13], "texture": "#down", "cullface": "down"}, "west": {"uv": [8, 12, 9, 15], "rotation": 90, "texture": "#down", "cullface": "down"}, "down": {"uv": [8, 12, 16, 15], "texture": "#down", "cullface": "down"}}}, {"from": [8, -0.5, 9], "to": [16, 0, 12], "faces": {"north": {"uv": [8, 6, 16, 7], "rotation": 180, "texture": "#down", "cullface": "down"}, "east": {"uv": [15, 4, 16, 7], "rotation": 270, "texture": "#down", "cullface": "down"}, "south": {"uv": [8, 4, 16, 5], "texture": "#down", "cullface": "down"}, "west": {"uv": [8, 4, 9, 7], "rotation": 90, "texture": "#down", "cullface": "down"}, "down": {"uv": [8, 4, 16, 7], "texture": "#down", "cullface": "down"}}}, {"from": [0, -0.5, 9], "to": [7, 0, 12], "faces": {"north": {"uv": [0, 6, 7, 7], "rotation": 180, "texture": "#down", "cullface": "down"}, "east": {"uv": [6, 4, 7, 7], "rotation": 270, "texture": "#down", "cullface": "down"}, "south": {"uv": [0, 4, 7, 5], "texture": "#down", "cullface": "down"}, "west": {"uv": [0, 4, 1, 7], "rotation": 90, "texture": "#down", "cullface": "west"}, "down": {"uv": [0, 4, 7, 7], "texture": "#down", "cullface": "down"}}}, {"from": [0, -0.5, 1], "to": [7, 0, 4], "faces": {"north": {"uv": [0, 14, 7, 15], "rotation": 180, "texture": "#down", "cullface": "down"}, "east": {"uv": [6, 12, 7, 15], "rotation": 270, "texture": "#down", "cullface": "down"}, "south": {"uv": [0, 12, 7, 13], "texture": "#down", "cullface": "down"}, "west": {"uv": [0, 12, 1, 15], "rotation": 90, "texture": "#down", "cullface": "west"}, "down": {"uv": [0, 12, 7, 15], "texture": "#down", "cullface": "down"}}}, {"from": [0, -0.5, 5], "to": [15, 0, 8], "faces": {"north": {"uv": [0, 10, 15, 11], "rotation": 180, "texture": "#down", "cullface": "down"}, "east": {"uv": [14, 8, 15, 11], "rotation": 270, "texture": "#down", "cullface": "down"}, "south": {"uv": [0, 8, 15, 9], "texture": "#down", "cullface": "down"}, "west": {"uv": [0, 8, 1, 11], "rotation": 90, "texture": "#down", "cullface": "west"}, "down": {"uv": [0, 8, 15, 11], "texture": "#down", "cullface": "down"}}}, {"from": [-0.25, 11, 11], "to": [0, 16, 16], "faces": {"north": {"uv": [11, 0, 12, 5], "texture": "#west", "cullface": "west"}, "south": {"uv": [15, 0, 16, 5], "texture": "#west", "cullface": "west"}, "west": {"uv": [11, 0, 16, 5], "texture": "#west", "cullface": "west"}, "up": {"uv": [11, 0, 16, 1], "rotation": 90, "texture": "#west", "cullface": "west"}, "down": {"uv": [11, 4, 16, 5], "rotation": 90, "texture": "#west", "cullface": "west"}}}, {"from": [0, 11, 16], "to": [5, 16, 16.25], "faces": {"east": {"uv": [4, 0, 5, 5], "texture": "#south", "cullface": "south"}, "south": {"uv": [0, 0, 5, 5], "texture": "#south", "cullface": "south"}, "west": {"uv": [0, 0, 1, 5], "texture": "#south", "cullface": "south"}, "up": {"uv": [0, 0, 5, 1], "texture": "#south", "cullface": "south"}, "down": {"uv": [0, 4, 5, 5], "texture": "#south", "cullface": "south"}}}, {"from": [0, 16, 11], "to": [5, 16.25, 16], "faces": {"north": {"uv": [0, 11, 5, 12], "rotation": 180, "texture": "#up", "cullface": "up"}, "east": {"uv": [4, 11, 5, 16], "rotation": 90, "texture": "#up", "cullface": "up"}, "south": {"uv": [0, 15, 5, 16], "texture": "#up", "cullface": "up"}, "west": {"uv": [0, 11, 1, 16], "rotation": 270, "texture": "#up", "cullface": "up"}, "up": {"uv": [0, 11, 5, 16], "texture": "#up", "cullface": "up"}}}], "groups": [0, 1, {"name": "map", "origin": [8, 7.25, 8], "children": [2, 3, 4, 5, 6, 7]}, {"name": "template_planks", "origin": [8, 8, 8], "children": [{"name": "down", "origin": [8, 8, 8], "children": [8, 9, 10, 11, 12, 13]}]}, {"name": "globe", "origin": [8, 8, 8], "children": [14, 15, 16]}]}