{"parent": "minecraft:block/orientable", "textures": {"inside": "minecraft:3d/block/carved_pumpkin_inside", "side": "minecraft:block/pumpkin_side", "top": "minecraft:block/pumpkin_top", "front": "minecraft:block/carved_pumpkin"}, "elements": [{"from": [7, 16, 8], "to": [9, 16.5, 9], "faces": {"east": {"uv": [8, 8, 9, 8.5], "texture": "#top", "cullface": "up"}, "south": {"uv": [7, 8, 9, 8.5], "texture": "#top", "cullface": "up"}, "west": {"uv": [7, 8, 8, 8.5], "texture": "#top", "cullface": "up"}, "up": {"uv": [7, 8, 9, 9], "rotation": 180, "texture": "#top", "cullface": "up"}}}, {"from": [6, 16, 7], "to": [9, 16.5, 8], "faces": {"north": {"uv": [6, 7, 9, 7.5], "rotation": 180, "texture": "#top", "cullface": "up"}, "east": {"uv": [8, 7, 9, 7.5], "texture": "#top", "cullface": "up"}, "south": {"uv": [6, 7, 9, 7.5], "texture": "#top", "cullface": "up"}, "west": {"uv": [6, 7, 7, 7.5], "texture": "#top", "cullface": "up"}, "up": {"uv": [6, 7, 9, 8], "texture": "#top", "cullface": "up"}}}, {"from": [5, 16, 6], "to": [8, 16.5, 7], "faces": {"north": {"uv": [5, 6, 8, 6.5], "rotation": 180, "texture": "#top", "cullface": "up"}, "east": {"uv": [7, 6, 8, 6.5], "texture": "#top", "cullface": "up"}, "south": {"uv": [5, 6, 8, 6.5], "texture": "#top", "cullface": "up"}, "west": {"uv": [5, 6, 6, 6.5], "texture": "#top", "cullface": "up"}, "up": {"uv": [5, 6, 8, 7], "texture": "#top", "cullface": "up"}}}, {"from": [5, 16, 5], "to": [7, 16.5, 6], "faces": {"north": {"uv": [5, 5, 7, 5.5], "rotation": 180, "texture": "#top", "cullface": "up"}, "east": {"uv": [5, 5, 6, 5.5], "texture": "#top", "cullface": "up"}, "west": {"uv": [5, 5, 6, 5.5], "texture": "#top", "cullface": "up"}, "up": {"uv": [5, 5, 7, 6], "texture": "#top", "cullface": "up"}}}, {"name": "Cube", "from": [0, 0, 0], "to": [1, 16, 16], "faces": {"north": {"uv": [15, 0, 16, 16], "texture": "#front", "cullface": "north"}, "east": {"uv": [0, 0, 16, 16], "texture": "#inside", "cullface": "north"}, "south": {"uv": [0, 0, 1, 16], "texture": "#side", "cullface": "south"}, "west": {"uv": [0, 0, 16, 16], "texture": "#side", "cullface": "west"}, "up": {"uv": [0, 0, 1, 16], "texture": "#top", "cullface": "up"}, "down": {"uv": [0, 0, 1, 16], "texture": "#top", "cullface": "down"}}}, {"name": "Cube", "from": [15, 0, 0], "to": [16, 16, 16], "faces": {"north": {"uv": [0, 0, 1, 16], "texture": "#front", "cullface": "north"}, "east": {"uv": [0, 0, 16, 16], "texture": "#side", "cullface": "east"}, "south": {"uv": [15, 0, 16, 16], "texture": "#side", "cullface": "south"}, "west": {"uv": [0, 0, 16, 16], "texture": "#inside", "cullface": "north"}, "up": {"uv": [15, 0, 16, 16], "texture": "#top", "cullface": "up"}, "down": {"uv": [15, 0, 16, 16], "texture": "#top", "cullface": "down"}}}, {"name": "Cube", "from": [1, 0, 15], "to": [15, 16, 16], "faces": {"north": {"uv": [1, 0, 15, 16], "texture": "#inside", "cullface": "north"}, "south": {"uv": [1, 0, 15, 16], "texture": "#side", "cullface": "south"}, "up": {"uv": [1, 15, 15, 16], "texture": "#top", "cullface": "up"}, "down": {"uv": [1, 0, 15, 1], "texture": "#top", "cullface": "down"}}}, {"name": "Cube", "from": [1, 0, 1], "to": [15, 1, 15], "faces": {"up": {"uv": [1, 1, 15, 15], "texture": "#inside", "cullface": "north"}, "down": {"uv": [1, 1, 15, 15], "texture": "#top", "cullface": "down"}}}, {"name": "Cube", "from": [1, 15, 1], "to": [15, 16, 15], "faces": {"up": {"uv": [1, 1, 15, 15], "texture": "#top", "cullface": "up"}, "down": {"uv": [1, 1, 15, 15], "texture": "#inside", "cullface": "north"}}}, {"name": "Cube", "from": [1, 0, 0], "to": [15, 2, 1], "faces": {"north": {"uv": [1, 14, 15, 16], "texture": "#front", "cullface": "north"}, "south": {"uv": [1, 14, 15, 16], "texture": "#inside", "cullface": "north"}, "up": {"uv": [0, 0, 14, 1], "texture": "#front", "cullface": "north"}, "down": {"uv": [1, 15, 15, 16], "texture": "#top", "cullface": "down"}}}, {"name": "Cube", "from": [14, 2, 0], "to": [15, 16, 1], "faces": {"north": {"uv": [1, 0, 2, 14], "texture": "#front", "cullface": "north"}, "south": {"uv": [14, 0, 15, 14], "texture": "#inside", "cullface": "north"}, "west": {"uv": [1, 0, 2, 14], "texture": "#front", "cullface": "north"}, "up": {"uv": [14, 0, 15, 1], "texture": "#top", "cullface": "up"}}}, {"name": "Cube", "from": [1, 2, 0], "to": [4, 3, 1], "faces": {"north": {"uv": [12, 13, 15, 14], "texture": "#front", "cullface": "north"}, "east": {"uv": [12, 13, 13, 14], "texture": "#front", "cullface": "north"}, "south": {"uv": [1, 13, 4, 14], "texture": "#inside", "cullface": "north"}, "up": {"uv": [12, 13, 15, 14], "rotation": 180, "texture": "#front", "cullface": "north"}}}, {"name": "Cube", "from": [5, 2, 0], "to": [9, 3, 1], "faces": {"north": {"uv": [7, 13, 11, 14], "texture": "#front", "cullface": "north"}, "east": {"uv": [7, 13, 8, 14], "texture": "#front", "cullface": "north"}, "south": {"uv": [5, 13, 9, 14], "texture": "#inside", "cullface": "north"}, "west": {"uv": [10, 13, 11, 14], "texture": "#front", "cullface": "north"}, "up": {"uv": [7, 13, 11, 14], "rotation": 180, "texture": "#front", "cullface": "north"}}}, {"name": "Cube", "from": [10, 2, 0], "to": [12, 3, 1], "faces": {"north": {"uv": [4, 13, 6, 14], "texture": "#front", "cullface": "north"}, "east": {"uv": [4, 13, 5, 14], "texture": "#front", "cullface": "north"}, "south": {"uv": [10, 13, 12, 14], "texture": "#inside", "cullface": "north"}, "west": {"uv": [5, 13, 6, 14], "texture": "#front", "cullface": "north"}, "up": {"uv": [4, 13, 6, 14], "texture": "#front", "cullface": "north"}}}, {"name": "Cube", "from": [10, 3, 0], "to": [11, 4, 1], "faces": {"north": {"uv": [5, 12, 6, 13], "texture": "#front", "cullface": "north"}, "east": {"uv": [5, 12, 6, 13], "texture": "#front", "cullface": "north"}, "south": {"uv": [10, 12, 11, 13], "texture": "#inside", "cullface": "north"}, "west": {"uv": [5, 12, 6, 13], "texture": "#front", "cullface": "north"}, "up": {"uv": [5, 12, 6, 13], "texture": "#front", "cullface": "north"}}}, {"name": "Cube", "from": [7, 3, 0], "to": [8, 4, 1], "faces": {"north": {"uv": [8, 12, 9, 13], "texture": "#front", "cullface": "north"}, "east": {"uv": [8, 12, 9, 13], "texture": "#front", "cullface": "north"}, "south": {"uv": [7, 12, 8, 13], "texture": "#inside", "cullface": "north"}, "west": {"uv": [8, 12, 9, 13], "texture": "#front", "cullface": "north"}, "up": {"uv": [8, 12, 9, 13], "texture": "#front", "cullface": "north"}}}, {"name": "Cube", "from": [3, 3, 0], "to": [4, 4, 1], "faces": {"north": {"uv": [12, 12, 13, 13], "texture": "#front", "cullface": "north"}, "east": {"uv": [12, 12, 13, 13], "texture": "#front", "cullface": "north"}, "south": {"uv": [3, 12, 4, 13], "texture": "#inside", "cullface": "north"}, "west": {"uv": [12, 12, 13, 13], "texture": "#front", "cullface": "north"}, "up": {"uv": [12, 12, 13, 13], "texture": "#front", "cullface": "north"}}}, {"name": "Cube", "from": [13, 2, 0], "to": [14, 4, 1], "faces": {"north": {"uv": [2, 12, 3, 14], "texture": "#front", "cullface": "north"}, "south": {"uv": [13, 12, 14, 14], "texture": "#inside", "cullface": "north"}, "west": {"uv": [2, 12, 3, 14], "texture": "#front", "cullface": "north"}, "up": {"uv": [2, 12, 3, 13], "texture": "#front", "cullface": "north"}}}, {"name": "Cube", "from": [13, 6, 0], "to": [14, 14, 1], "faces": {"north": {"uv": [2, 2, 3, 10], "texture": "#front", "cullface": "north"}, "south": {"uv": [13, 2, 14, 10], "texture": "#inside", "cullface": "north"}, "west": {"uv": [2, 2, 3, 10], "texture": "#front", "cullface": "north"}, "down": {"uv": [2, 9, 3, 10], "texture": "#front", "cullface": "north"}}}, {"name": "Cube", "from": [1, 14, 0], "to": [14, 16, 1], "faces": {"north": {"uv": [2, 0, 15, 2], "texture": "#front", "cullface": "north"}, "south": {"uv": [1, 0, 14, 2], "texture": "#inside", "cullface": "north"}, "up": {"uv": [1, 0, 14, 1], "texture": "#top", "cullface": "up"}, "down": {"uv": [2, 1, 15, 2], "texture": "#front", "cullface": "north"}}}, {"name": "Cube", "from": [12, 12, 0], "to": [13, 14, 1], "faces": {"north": {"uv": [3, 2, 4, 4], "texture": "#front", "cullface": "north"}, "south": {"uv": [12, 2, 13, 4], "texture": "#inside", "cullface": "north"}, "west": {"uv": [3, 2, 4, 4], "texture": "#front", "cullface": "north"}, "down": {"uv": [3, 3, 4, 4], "texture": "#front", "cullface": "north"}}}, {"name": "Cube", "from": [3, 12, 0], "to": [4, 14, 1], "faces": {"north": {"uv": [12, 2, 13, 4], "texture": "#front", "cullface": "north"}, "east": {"uv": [12, 2, 13, 4], "texture": "#front", "cullface": "north"}, "south": {"uv": [3, 2, 4, 4], "texture": "#inside", "cullface": "north"}, "down": {"uv": [12, 3, 13, 4], "texture": "#front", "cullface": "north"}}}, {"name": "Cube", "from": [2, 10, 0], "to": [3, 14, 1], "faces": {"north": {"uv": [13, 2, 14, 6], "texture": "#front", "cullface": "north"}, "east": {"uv": [13, 2, 14, 6], "texture": "#front", "cullface": "north"}, "south": {"uv": [2, 2, 3, 6], "texture": "#inside", "cullface": "north"}, "down": {"uv": [13, 5, 14, 6], "texture": "#front", "cullface": "north"}}}, {"name": "Cube", "from": [4, 13, 0], "to": [5, 14, 1], "faces": {"north": {"uv": [11, 2, 12, 3], "texture": "#front", "cullface": "north"}, "east": {"uv": [11, 2, 12, 3], "texture": "#front", "cullface": "north"}, "south": {"uv": [4, 2, 5, 3], "texture": "#inside", "cullface": "north"}, "down": {"uv": [11, 2, 12, 3], "texture": "#front", "cullface": "north"}}}, {"name": "Cube", "from": [6, 13, 0], "to": [7, 14, 1], "faces": {"north": {"uv": [9, 2, 10, 3], "texture": "#front", "cullface": "north"}, "south": {"uv": [6, 2, 7, 3], "texture": "#inside", "cullface": "north"}, "west": {"uv": [9, 2, 10, 3], "texture": "#front", "cullface": "north"}, "down": {"uv": [9, 2, 10, 3], "texture": "#front", "cullface": "north"}}}, {"name": "Cube", "from": [9, 13, 0], "to": [10, 14, 1], "faces": {"north": {"uv": [6, 2, 7, 3], "texture": "#front", "cullface": "north"}, "east": {"uv": [6, 2, 7, 3], "texture": "#front", "cullface": "north"}, "south": {"uv": [9, 2, 10, 3], "texture": "#inside", "cullface": "north"}, "down": {"uv": [6, 2, 7, 3], "texture": "#front", "cullface": "north"}}}, {"name": "Cube", "from": [9, 8, 0], "to": [10, 9, 1], "faces": {"north": {"uv": [6, 7, 7, 8], "texture": "#front", "cullface": "north"}, "east": {"uv": [6, 7, 7, 8], "texture": "#front", "cullface": "north"}, "south": {"uv": [9, 7, 10, 8], "texture": "#inside", "cullface": "north"}, "up": {"uv": [6, 7, 7, 8], "texture": "#front", "cullface": "north"}}}, {"name": "Cube", "from": [12, 8, 0], "to": [13, 9, 1], "faces": {"north": {"uv": [3, 7, 4, 8], "texture": "#front", "cullface": "north"}, "south": {"uv": [12, 7, 13, 8], "texture": "#inside", "cullface": "north"}, "west": {"uv": [3, 7, 4, 8], "texture": "#front", "cullface": "north"}, "up": {"uv": [3, 7, 4, 8], "texture": "#front", "cullface": "north"}}}, {"name": "Cube", "from": [11, 6, 0], "to": [12, 7, 1], "faces": {"north": {"uv": [4, 9, 5, 10], "texture": "#front", "cullface": "north"}, "east": {"uv": [4, 9, 5, 10], "texture": "#front", "cullface": "north"}, "south": {"uv": [11, 9, 12, 10], "texture": "#inside", "cullface": "north"}, "west": {"uv": [4, 9, 5, 10], "texture": "#front", "cullface": "north"}, "down": {"uv": [4, 9, 5, 10], "texture": "#front", "cullface": "north"}}}, {"name": "Cube", "from": [8, 6, 0], "to": [10, 7, 1], "faces": {"north": {"uv": [6, 9, 8, 10], "texture": "#front", "cullface": "north"}, "east": {"uv": [6, 9, 7, 10], "texture": "#front", "cullface": "north"}, "south": {"uv": [8, 9, 10, 10], "texture": "#inside", "cullface": "north"}, "west": {"uv": [7, 9, 8, 10], "texture": "#front", "cullface": "north"}, "down": {"uv": [6, 9, 8, 10], "rotation": 180, "texture": "#front", "cullface": "north"}}}, {"name": "Cube", "from": [5, 6, 0], "to": [7, 7, 1], "faces": {"north": {"uv": [9, 9, 11, 10], "texture": "#front", "cullface": "north"}, "east": {"uv": [9, 9, 10, 10], "texture": "#front", "cullface": "north"}, "south": {"uv": [5, 9, 7, 10], "texture": "#inside", "cullface": "north"}, "west": {"uv": [10, 9, 11, 10], "texture": "#front", "cullface": "north"}, "down": {"uv": [9, 9, 11, 10], "rotation": 180, "texture": "#front", "cullface": "north"}}}, {"name": "Cube", "from": [3, 6, 0], "to": [4, 7, 1], "faces": {"north": {"uv": [12, 9, 13, 10], "texture": "#front", "cullface": "north"}, "east": {"uv": [12, 9, 13, 10], "texture": "#front", "cullface": "north"}, "south": {"uv": [3, 9, 4, 10], "texture": "#inside", "cullface": "north"}, "west": {"uv": [12, 9, 13, 10], "texture": "#front", "cullface": "north"}, "down": {"uv": [12, 9, 13, 10], "texture": "#front", "cullface": "north"}}}, {"name": "Cube", "from": [2, 7, 0], "to": [13, 8, 1], "faces": {"north": {"uv": [3, 8, 14, 9], "texture": "#front", "cullface": "north"}, "south": {"uv": [2, 8, 13, 9], "texture": "#inside", "cullface": "north"}, "up": {"uv": [3, 8, 14, 9], "rotation": 180, "texture": "#front", "cullface": "north"}, "down": {"uv": [3, 8, 14, 9], "rotation": 180, "texture": "#front", "cullface": "north"}}}, {"name": "Cube", "from": [6, 8, 0], "to": [7, 9, 1], "faces": {"north": {"uv": [9, 7, 10, 8], "texture": "#front", "cullface": "north"}, "south": {"uv": [6, 7, 7, 8], "texture": "#inside", "cullface": "north"}, "west": {"uv": [9, 7, 10, 8], "texture": "#front", "cullface": "north"}, "up": {"uv": [9, 7, 10, 8], "texture": "#front", "cullface": "north"}}}, {"name": "Cube", "from": [7, 8, 0], "to": [9, 14, 1], "faces": {"north": {"uv": [7, 2, 9, 8], "texture": "#front", "cullface": "north"}, "east": {"uv": [7, 2, 8, 8], "texture": "#front", "cullface": "north"}, "south": {"uv": [7, 2, 9, 8], "texture": "#inside", "cullface": "north"}, "west": {"uv": [8, 2, 9, 8], "texture": "#front", "cullface": "north"}}}, {"name": "Cube", "from": [1, 5, 0], "to": [2, 14, 1], "faces": {"north": {"uv": [14, 2, 15, 11], "texture": "#front", "cullface": "north"}, "east": {"uv": [14, 2, 15, 11], "texture": "#front", "cullface": "north"}, "south": {"uv": [1, 2, 2, 11], "texture": "#inside", "cullface": "north"}, "down": {"uv": [14, 10, 15, 11], "texture": "#front", "cullface": "north"}}}], "groups": [{"name": "top", "origin": [16, 24, 18], "color": 0, "children": [0, 1, 2, 3]}, {"name": "carved_pumpkin", "origin": [8, 8, 8], "color": 0, "children": [4, 5, 6, 7, 8, 9, 10, 11, 12, 13, 14, 15, 16, 17, 18, 19, 20, 21, 22, 23, 24, 25, 26, 27, 28, 29, 30, 31, 32, 33, 34, 35]}]}