{"parent": "block/block", "textures": {"particle": "block/anvil", "body": "block/anvil", "top": "block/chipped_anvil_top"}, "elements": [{"name": "Anvil base", "from": [2, 0, 2], "to": [14, 4, 14], "faces": {"north": {"uv": [2, 12, 14, 16], "texture": "#body"}, "east": {"uv": [4, 2, 0, 14], "rotation": 270, "texture": "#body"}, "south": {"uv": [2, 12, 14, 16], "texture": "#body"}, "west": {"uv": [0, 2, 4, 14], "rotation": 90, "texture": "#body"}, "up": {"uv": [2, 2, 14, 14], "rotation": 180, "texture": "#body"}, "down": {"uv": [2, 2, 14, 14], "rotation": 180, "texture": "#body", "cullface": "down"}}}, {"name": "Lower narrow portion", "from": [4, 4, 3], "to": [12, 5, 13], "faces": {"north": {"uv": [4, 11, 12, 12], "texture": "#body"}, "east": {"uv": [5, 3, 4, 13], "rotation": 270, "texture": "#body"}, "south": {"uv": [4, 11, 12, 12], "texture": "#body"}, "west": {"uv": [4, 3, 5, 13], "rotation": 90, "texture": "#body"}, "up": {"uv": [4, 3, 12, 13], "rotation": 180, "texture": "#body"}}}, {"name": "Wider section beneath top portion", "from": [6, 5, 4], "to": [10, 10, 12], "faces": {"north": {"uv": [6, 6, 10, 11], "texture": "#body"}, "east": {"uv": [10, 4, 5, 12], "rotation": 270, "texture": "#body"}, "south": {"uv": [6, 6, 10, 11], "texture": "#body"}, "west": {"uv": [5, 4, 10, 12], "rotation": 90, "texture": "#body"}}}, {"name": "Anvil top", "from": [3, 10, 0], "to": [13, 15.5, 16], "faces": {"north": {"uv": [3, 0.5, 13, 6], "texture": "#body", "cullface": "north"}, "east": {"uv": [10.5, 0, 16, 16], "rotation": 90, "texture": "#body"}, "south": {"uv": [3, 0.5, 13, 6], "texture": "#body", "cullface": "south"}, "west": {"uv": [10.5, 0, 16, 16], "rotation": 90, "texture": "#body"}, "up": {"uv": [3, 0, 13, 16], "rotation": 180, "texture": "#top"}, "down": {"uv": [3, 0, 13, 16], "rotation": 180, "texture": "#body"}}}, {"from": [3, 15.5, 0], "to": [7, 16, 8], "faces": {"north": {"uv": [9, 0, 13, 1], "texture": "#body"}, "east": {"uv": [9, 8, 10, 16], "rotation": 270, "texture": "#top", "cullface": "up"}, "south": {"uv": [9, 8, 13, 9], "rotation": 180, "texture": "#top"}, "west": {"uv": [10, 8, 11, 16], "rotation": 90, "texture": "#body"}, "up": {"uv": [9, 8, 13, 16], "rotation": 180, "texture": "#top", "cullface": "up"}}}, {"from": [7, 15.5, 0], "to": [13, 16, 4], "faces": {"north": {"uv": [3, 0, 9, 1], "texture": "#body"}, "east": {"uv": [11, 0, 10, 4], "rotation": 90, "texture": "#body"}, "south": {"uv": [3, 12, 9, 13], "rotation": 180, "texture": "#top", "cullface": "up"}, "up": {"uv": [3, 12, 9, 16], "rotation": 180, "texture": "#top", "cullface": "up"}}}, {"from": [11, 15.5, 4], "to": [13, 16, 5], "faces": {"east": {"uv": [11, 4, 10, 5], "rotation": 90, "texture": "#body"}, "south": {"uv": [3, 11, 5, 12], "rotation": 180, "texture": "#top"}, "west": {"uv": [4, 11, 5, 12], "rotation": 180, "texture": "#top", "cullface": "up"}, "up": {"uv": [3, 11, 5, 12], "rotation": 180, "texture": "#top", "cullface": "up"}}}, {"from": [7, 15.5, 4], "to": [8, 16, 5], "faces": {"east": {"uv": [8, 11, 9, 12], "texture": "#top", "cullface": "up"}, "south": {"uv": [8, 11, 9, 12], "texture": "#top", "cullface": "up"}, "up": {"uv": [8, 11, 9, 12], "texture": "#top", "cullface": "up"}}}, {"from": [8, 15.5, 5], "to": [11, 16, 6], "faces": {"north": {"uv": [5, 10, 8, 11], "texture": "#top", "cullface": "up"}, "east": {"uv": [5, 10, 6, 11], "texture": "#top"}, "west": {"uv": [7, 10, 8, 11], "texture": "#top", "cullface": "up"}, "up": {"uv": [5, 10, 8, 11], "texture": "#top", "cullface": "up"}}}, {"from": [8, 15.5, 6], "to": [13, 16, 8], "faces": {"north": {"uv": [3, 9, 8, 10], "rotation": 180, "texture": "#top"}, "east": {"uv": [11, 6, 10, 8], "rotation": 90, "texture": "#body"}, "south": {"uv": [3, 8, 8, 9], "rotation": 180, "texture": "#top"}, "west": {"uv": [7, 8, 8, 10], "rotation": 90, "texture": "#top", "cullface": "up"}, "up": {"uv": [3, 8, 8, 10], "rotation": 180, "texture": "#top", "cullface": "up"}}}, {"from": [10, 15.5, 8], "to": [12, 16, 9], "faces": {"east": {"uv": [4, 7, 5, 8], "texture": "#top"}, "south": {"uv": [4, 7, 6, 8], "rotation": 180, "texture": "#top", "cullface": "up"}, "west": {"uv": [5, 7, 6, 8], "rotation": 180, "texture": "#top", "cullface": "up"}, "up": {"uv": [4, 7, 6, 8], "rotation": 180, "texture": "#top", "cullface": "up"}}}, {"from": [12, 15.5, 9], "to": [13, 16, 14], "faces": {"north": {"uv": [3, 6, 4, 7], "rotation": 180, "texture": "#top"}, "east": {"uv": [11, 9, 10, 14], "rotation": 90, "texture": "#body"}, "west": {"uv": [3, 2, 4, 7], "rotation": 90, "texture": "#top", "cullface": "up"}, "up": {"uv": [3, 2, 4, 7], "rotation": 180, "texture": "#top", "cullface": "up"}}}, {"from": [11, 15.5, 10], "to": [12, 16, 13], "faces": {"north": {"uv": [4, 5, 5, 6], "rotation": 180, "texture": "#top", "cullface": "up"}, "south": {"uv": [4, 3, 5, 4], "rotation": 180, "texture": "#top", "cullface": "up"}, "west": {"uv": [4, 3, 5, 6], "rotation": 90, "texture": "#top", "cullface": "up"}, "up": {"uv": [4, 3, 5, 6], "rotation": 180, "texture": "#top", "cullface": "up"}}}, {"from": [10, 15.5, 10], "to": [11, 16, 12], "faces": {"north": {"uv": [5, 5, 6, 6], "rotation": 180, "texture": "#top", "cullface": "up"}, "south": {"uv": [5, 4, 6, 5], "rotation": 180, "texture": "#top", "cullface": "up"}, "west": {"uv": [5, 4, 6, 6], "rotation": 90, "texture": "#top", "cullface": "up"}, "up": {"uv": [5, 4, 6, 6], "rotation": 180, "texture": "#top", "cullface": "up"}}}, {"from": [8, 15.5, 9], "to": [9, 16, 12], "faces": {"north": {"uv": [7, 6, 8, 7], "texture": "#top", "cullface": "up"}, "east": {"uv": [7, 4, 8, 7], "rotation": 270, "texture": "#top", "cullface": "up"}, "south": {"uv": [7, 4, 8, 5], "texture": "#top", "cullface": "up"}, "up": {"uv": [7, 4, 8, 7], "rotation": 180, "texture": "#top", "cullface": "up"}}}, {"from": [9, 15.5, 9], "to": [10, 16, 10], "faces": {"north": {"uv": [6, 6, 7, 7], "texture": "#top", "cullface": "up"}, "east": {"uv": [6, 6, 7, 7], "texture": "#top", "cullface": "up"}, "south": {"uv": [6, 6, 7, 7], "texture": "#top", "cullface": "up"}, "up": {"uv": [6, 6, 7, 7], "texture": "#top", "cullface": "up"}}}, {"from": [6, 15.5, 9], "to": [7, 16, 10], "faces": {"north": {"uv": [9, 6, 10, 7], "texture": "#top", "cullface": "up"}, "south": {"uv": [9, 6, 10, 7], "texture": "#top", "cullface": "up"}, "west": {"uv": [9, 6, 10, 7], "texture": "#top", "cullface": "up"}, "up": {"uv": [9, 6, 10, 7], "texture": "#top", "cullface": "up"}}}, {"from": [4, 15.5, 8], "to": [6, 16, 9], "faces": {"east": {"uv": [10, 7, 11, 8], "texture": "#top", "cullface": "up"}, "south": {"uv": [10, 7, 12, 8], "rotation": 180, "texture": "#top", "cullface": "up"}, "west": {"uv": [11, 7, 12, 8], "texture": "#top"}, "up": {"uv": [10, 7, 12, 8], "rotation": 180, "texture": "#top", "cullface": "up"}}}, {"from": [3, 15.5, 9], "to": [4, 16, 10], "faces": {"north": {"uv": [12, 6, 13, 7], "texture": "#top"}, "east": {"uv": [12, 6, 13, 7], "texture": "#top", "cullface": "up"}, "south": {"uv": [12, 6, 13, 7], "texture": "#top"}, "west": {"uv": [10, 6, 11, 7], "rotation": 90, "texture": "#body"}, "up": {"uv": [12, 6, 13, 7], "texture": "#top", "cullface": "up"}}}, {"from": [3, 15.5, 11], "to": [4, 16, 14], "faces": {"north": {"uv": [12, 4, 13, 5], "texture": "#top"}, "west": {"uv": [10, 2, 11, 5], "rotation": 90, "texture": "#body"}, "up": {"uv": [12, 2, 13, 5], "rotation": 180, "texture": "#top", "cullface": "up"}}}, {"from": [4, 15.5, 10], "to": [6, 16, 14], "faces": {"north": {"uv": [10, 5, 12, 6], "texture": "#top", "cullface": "up"}, "east": {"uv": [10, 2, 11, 6], "rotation": 270, "texture": "#top", "cullface": "up"}, "west": {"uv": [11, 2, 12, 6], "rotation": 270, "texture": "#top"}, "up": {"uv": [10, 2, 12, 6], "rotation": 180, "texture": "#top", "cullface": "up"}}}, {"from": [6, 15.5, 12], "to": [7, 16, 14], "faces": {"north": {"uv": [9, 3, 10, 4], "texture": "#top", "cullface": "up"}, "east": {"uv": [9, 2, 10, 4], "rotation": 90, "texture": "#top", "cullface": "up"}, "up": {"uv": [9, 2, 10, 4], "texture": "#top", "cullface": "up"}}}, {"from": [9, 15.5, 12], "to": [10, 16, 13], "faces": {"north": {"uv": [6, 3, 7, 4], "texture": "#top", "cullface": "up"}, "east": {"uv": [6, 3, 7, 4], "texture": "#top", "cullface": "up"}, "west": {"uv": [6, 3, 7, 4], "texture": "#top", "cullface": "up"}, "up": {"uv": [6, 3, 7, 4], "texture": "#top", "cullface": "up"}}}, {"from": [8, 15.5, 13], "to": [11, 16, 14], "faces": {"north": {"uv": [5, 2, 8, 3], "texture": "#top", "cullface": "up"}, "east": {"uv": [5, 2, 6, 3], "texture": "#top", "cullface": "up"}, "west": {"uv": [7, 2, 8, 3], "texture": "#top", "cullface": "up"}, "up": {"uv": [5, 2, 8, 3], "rotation": 180, "texture": "#top", "cullface": "up"}}}, {"from": [3, 15.5, 14], "to": [13, 16, 16], "faces": {"north": {"uv": [8, 1, 9, 2], "texture": "#top", "cullface": "up"}, "east": {"uv": [11, 14, 10, 16], "rotation": 90, "texture": "#body"}, "south": {"uv": [3, 0, 13, 1], "texture": "#body"}, "west": {"uv": [10, 0, 11, 2], "rotation": 90, "texture": "#body"}, "up": {"uv": [3, 0, 13, 2], "rotation": 180, "texture": "#top", "cullface": "up"}}}, {"from": [7, 15.5, 8], "to": [8, 16, 13], "faces": {"north": {"uv": [8, 7, 9, 8], "rotation": 180, "texture": "#top", "cullface": "up"}, "east": {"uv": [8, 3, 9, 8], "rotation": 270, "texture": "#top", "cullface": "up"}, "south": {"uv": [8, 3, 9, 4], "texture": "#top", "cullface": "up"}, "west": {"uv": [8, 3, 9, 8], "rotation": 90, "texture": "#top", "cullface": "up"}, "up": {"uv": [8, 3, 9, 8], "rotation": 180, "texture": "#top", "cullface": "up"}}}], "display": {"fixed": {"rotation": [0, 90, 0], "scale": [0.5, 0.5, 0.5]}}, "groups": [0, 1, 2, 3, {"name": "top", "origin": [8, 8, 8], "color": 0, "children": [4, 5, 6, 7, 8, 9, 10, 11, 12, 13, 14, 15, 16, 17, 18, 19, 20, 21, 22, 23, 24, 25]}]}