{"parent": "block/cube_all", "textures": {"particle": "block/chiseled_deepslate", "all": "block/chiseled_deepslate"}, "elements": [{"from": [0, 0, 0], "to": [16, 16, 16], "faces": {"north": {"uv": [0, 0, 16, 16], "texture": "#all", "cullface": "north"}, "east": {"uv": [0, 0, 16, 16], "texture": "#all", "cullface": "east"}, "south": {"uv": [0, 0, 16, 16], "texture": "#all", "cullface": "south"}, "west": {"uv": [0, 0, 16, 16], "texture": "#all", "cullface": "west"}, "up": {"uv": [0, 0, 16, 16], "texture": "#all", "cullface": "up"}, "down": {"uv": [0, 0, 16, 16], "texture": "#all", "cullface": "down"}}}, {"from": [0, 1, -0.5], "to": [16, 7, 0], "rotation": {"angle": 0, "axis": "y", "origin": [8, 8, 8]}, "faces": {"north": {"uv": [0, 9, 16, 15], "texture": "#all", "cullface": "north"}, "east": {"uv": [0, 9, 1, 15], "texture": "#all", "cullface": "north"}, "west": {"uv": [15, 9, 16, 15], "texture": "#all", "cullface": "north"}, "up": {"uv": [0, 9, 16, 10], "rotation": 180, "texture": "#all", "cullface": "north"}, "down": {"uv": [0, 14, 16, 15], "rotation": 180, "texture": "#all", "cullface": "north"}}}, {"from": [10, 7, -0.5], "to": [16, 10, 0], "rotation": {"angle": 0, "axis": "y", "origin": [8, 8, 8]}, "faces": {"north": {"uv": [0, 6, 6, 9], "texture": "#all", "cullface": "north"}, "east": {"uv": [0, 6, 1, 9], "texture": "#all", "cullface": "north"}, "west": {"uv": [5, 6, 6, 9], "texture": "#all", "cullface": "north"}, "up": {"uv": [0, 6, 6, 7], "rotation": 180, "texture": "#all", "cullface": "north"}}}, {"from": [0, 7, -0.5], "to": [6, 10, 0], "rotation": {"angle": 0, "axis": "y", "origin": [8, 8, 8]}, "faces": {"north": {"uv": [10, 6, 16, 9], "texture": "#all", "cullface": "north"}, "east": {"uv": [10, 6, 11, 9], "texture": "#all", "cullface": "north"}, "west": {"uv": [15, 6, 16, 9], "texture": "#all", "cullface": "north"}, "up": {"uv": [10, 6, 16, 7], "rotation": 180, "texture": "#all", "cullface": "north"}}}, {"from": [0, 12, -0.5], "to": [16, 15, 0], "rotation": {"angle": 0, "axis": "y", "origin": [8, 8, 8]}, "faces": {"north": {"uv": [0, 1, 16, 4], "texture": "#all", "cullface": "north"}, "east": {"uv": [0, 1, 1, 4], "texture": "#all", "cullface": "north"}, "west": {"uv": [15, 0, 16, 3], "texture": "#all", "cullface": "north"}, "up": {"uv": [0, 1, 16, 2], "rotation": 180, "texture": "#all", "cullface": "north"}, "down": {"uv": [0, 3, 16, 4], "rotation": 180, "texture": "#all", "cullface": "north"}}}, {"from": [5, 10, -0.5], "to": [11, 12, 0], "rotation": {"angle": 0, "axis": "y", "origin": [8, 8, 8]}, "faces": {"north": {"uv": [5, 4, 11, 6], "texture": "#all", "cullface": "north"}, "east": {"uv": [5, 4, 6, 6], "texture": "#all", "cullface": "north"}, "west": {"uv": [10, 4, 11, 6], "texture": "#all", "cullface": "north"}, "down": {"uv": [5, 5, 11, 6], "rotation": 180, "texture": "#all", "cullface": "north"}}}, {"from": [15, 10, -0.5], "to": [16, 12, 0], "rotation": {"angle": 0, "axis": "y", "origin": [8, 8, 8]}, "faces": {"north": {"uv": [0, 4, 1, 6], "texture": "#all", "cullface": "north"}, "east": {"uv": [0, 4, 1, 6], "texture": "#all", "cullface": "north"}, "west": {"uv": [0, 4, 1, 6], "texture": "#all", "cullface": "north"}}}, {"from": [0, 10, -0.5], "to": [1, 12, 0], "rotation": {"angle": 0, "axis": "y", "origin": [8, 8, 8]}, "faces": {"north": {"uv": [15, 4, 16, 6], "texture": "#all", "cullface": "north"}, "east": {"uv": [15, 4, 16, 6], "texture": "#all", "cullface": "north"}, "west": {"uv": [15, 4, 16, 6], "texture": "#all", "cullface": "north"}}}, {"from": [16, 1, 0], "to": [16.5, 7, 16], "rotation": {"angle": 0, "axis": "y", "origin": [8, 8, 8]}, "faces": {"north": {"uv": [15, 9, 16, 15], "texture": "#all", "cullface": "east"}, "east": {"uv": [0, 9, 16, 15], "texture": "#all", "cullface": "east"}, "south": {"uv": [0, 9, 1, 15], "texture": "#all", "cullface": "east"}, "up": {"uv": [0, 9, 16, 10], "rotation": 270, "texture": "#all", "cullface": "east"}, "down": {"uv": [0, 14, 16, 15], "rotation": 90, "texture": "#all", "cullface": "east"}}}, {"from": [16, 7, 10], "to": [16.5, 10, 16], "rotation": {"angle": 0, "axis": "y", "origin": [8, 8, 8]}, "faces": {"north": {"uv": [5, 6, 6, 9], "texture": "#all", "cullface": "east"}, "east": {"uv": [0, 6, 6, 9], "texture": "#all", "cullface": "east"}, "south": {"uv": [0, 6, 1, 9], "texture": "#all", "cullface": "east"}, "up": {"uv": [0, 6, 6, 7], "rotation": 270, "texture": "#all", "cullface": "east"}}}, {"from": [16, 7, 0], "to": [16.5, 10, 6], "rotation": {"angle": 0, "axis": "y", "origin": [8, 8, 8]}, "faces": {"north": {"uv": [15, 6, 16, 9], "texture": "#all", "cullface": "east"}, "east": {"uv": [10, 6, 16, 9], "texture": "#all", "cullface": "east"}, "south": {"uv": [10, 6, 11, 9], "texture": "#all", "cullface": "east"}, "up": {"uv": [10, 6, 16, 7], "rotation": 270, "texture": "#all", "cullface": "east"}}}, {"from": [16, 12, 0], "to": [16.5, 15, 16], "rotation": {"angle": 0, "axis": "y", "origin": [8, 8, 8]}, "faces": {"north": {"uv": [15, 0, 16, 3], "texture": "#all", "cullface": "east"}, "east": {"uv": [0, 1, 16, 4], "texture": "#all", "cullface": "east"}, "south": {"uv": [0, 1, 1, 4], "texture": "#all", "cullface": "east"}, "up": {"uv": [0, 1, 16, 2], "rotation": 270, "texture": "#all", "cullface": "east"}, "down": {"uv": [0, 3, 16, 4], "rotation": 90, "texture": "#all", "cullface": "east"}}}, {"from": [16, 10, 5], "to": [16.5, 12, 11], "rotation": {"angle": 0, "axis": "y", "origin": [8, 8, 8]}, "faces": {"north": {"uv": [10, 4, 11, 6], "texture": "#all", "cullface": "east"}, "east": {"uv": [5, 4, 11, 6], "texture": "#all", "cullface": "east"}, "south": {"uv": [5, 4, 6, 6], "texture": "#all", "cullface": "east"}, "down": {"uv": [5, 5, 11, 6], "rotation": 90, "texture": "#all", "cullface": "east"}}}, {"from": [16, 10, 15], "to": [16.5, 12, 16], "rotation": {"angle": 0, "axis": "y", "origin": [8, 8, 8]}, "faces": {"north": {"uv": [0, 4, 1, 6], "texture": "#all", "cullface": "east"}, "east": {"uv": [0, 4, 1, 6], "texture": "#all", "cullface": "east"}, "south": {"uv": [0, 4, 1, 6], "texture": "#all", "cullface": "east"}}}, {"from": [16, 10, 0], "to": [16.5, 12, 1], "rotation": {"angle": 0, "axis": "y", "origin": [8, 8, 8]}, "faces": {"north": {"uv": [15, 4, 16, 6], "texture": "#all", "cullface": "east"}, "east": {"uv": [15, 4, 16, 6], "texture": "#all", "cullface": "east"}, "south": {"uv": [15, 4, 16, 6], "texture": "#all", "cullface": "east"}}}, {"from": [0, 1, 16], "to": [16, 7, 16.5], "rotation": {"angle": 0, "axis": "y", "origin": [8, 8, 8]}, "faces": {"east": {"uv": [15, 9, 16, 15], "texture": "#all", "cullface": "south"}, "south": {"uv": [0, 9, 16, 15], "texture": "#all", "cullface": "south"}, "west": {"uv": [0, 9, 1, 15], "texture": "#all", "cullface": "south"}, "up": {"uv": [0, 9, 16, 10], "texture": "#all", "cullface": "south"}, "down": {"uv": [0, 14, 16, 15], "texture": "#all", "cullface": "south"}}}, {"from": [0, 7, 16], "to": [6, 10, 16.5], "rotation": {"angle": 0, "axis": "y", "origin": [8, 8, 8]}, "faces": {"east": {"uv": [5, 6, 6, 9], "texture": "#all", "cullface": "south"}, "south": {"uv": [0, 6, 6, 9], "texture": "#all", "cullface": "south"}, "west": {"uv": [0, 6, 1, 9], "texture": "#all", "cullface": "south"}, "up": {"uv": [0, 6, 6, 7], "texture": "#all", "cullface": "south"}}}, {"from": [10, 7, 16], "to": [16, 10, 16.5], "rotation": {"angle": 0, "axis": "y", "origin": [8, 8, 8]}, "faces": {"east": {"uv": [15, 6, 16, 9], "texture": "#all", "cullface": "south"}, "south": {"uv": [10, 6, 16, 9], "texture": "#all", "cullface": "south"}, "west": {"uv": [10, 6, 11, 9], "texture": "#all", "cullface": "south"}, "up": {"uv": [10, 6, 16, 7], "texture": "#all", "cullface": "south"}}}, {"from": [0, 12, 16], "to": [16, 15, 16.5], "rotation": {"angle": 0, "axis": "y", "origin": [8, 8, 8]}, "faces": {"east": {"uv": [15, 0, 16, 3], "texture": "#all", "cullface": "south"}, "south": {"uv": [0, 1, 16, 4], "texture": "#all", "cullface": "south"}, "west": {"uv": [0, 1, 1, 4], "texture": "#all", "cullface": "south"}, "up": {"uv": [0, 1, 16, 2], "texture": "#all", "cullface": "south"}, "down": {"uv": [0, 3, 16, 4], "texture": "#all", "cullface": "south"}}}, {"from": [5, 10, 16], "to": [11, 12, 16.5], "rotation": {"angle": 0, "axis": "y", "origin": [8, 8, 8]}, "faces": {"east": {"uv": [10, 4, 11, 6], "texture": "#all", "cullface": "south"}, "south": {"uv": [5, 4, 11, 6], "texture": "#all", "cullface": "south"}, "west": {"uv": [5, 4, 6, 6], "texture": "#all", "cullface": "south"}, "down": {"uv": [5, 5, 11, 6], "texture": "#all", "cullface": "south"}}}, {"from": [0, 10, 16], "to": [1, 12, 16.5], "rotation": {"angle": 0, "axis": "y", "origin": [8, 8, 8]}, "faces": {"east": {"uv": [0, 4, 1, 6], "texture": "#all", "cullface": "south"}, "south": {"uv": [0, 4, 1, 6], "texture": "#all", "cullface": "south"}, "west": {"uv": [0, 4, 1, 6], "texture": "#all", "cullface": "south"}}}, {"from": [15, 10, 16], "to": [16, 12, 16.5], "rotation": {"angle": 0, "axis": "y", "origin": [8, 8, 8]}, "faces": {"east": {"uv": [15, 4, 16, 6], "texture": "#all", "cullface": "south"}, "south": {"uv": [15, 4, 16, 6], "texture": "#all", "cullface": "south"}, "west": {"uv": [15, 4, 16, 6], "texture": "#all", "cullface": "south"}}}, {"from": [-0.5, 1, 0], "to": [0, 7, 16], "rotation": {"angle": 0, "axis": "y", "origin": [8, 8, 8]}, "faces": {"north": {"uv": [0, 9, 1, 15], "texture": "#all", "cullface": "west"}, "south": {"uv": [15, 9, 16, 15], "texture": "#all", "cullface": "west"}, "west": {"uv": [0, 9, 16, 15], "texture": "#all", "cullface": "west"}, "up": {"uv": [0, 9, 16, 10], "rotation": 90, "texture": "#all", "cullface": "west"}, "down": {"uv": [0, 14, 16, 15], "rotation": 270, "texture": "#all", "cullface": "west"}}}, {"from": [-0.5, 7, 0], "to": [0, 10, 6], "rotation": {"angle": 0, "axis": "y", "origin": [8, 8, 8]}, "faces": {"north": {"uv": [0, 6, 1, 9], "texture": "#all", "cullface": "west"}, "south": {"uv": [5, 6, 6, 9], "texture": "#all", "cullface": "west"}, "west": {"uv": [0, 6, 6, 9], "texture": "#all", "cullface": "west"}, "up": {"uv": [0, 6, 6, 7], "rotation": 90, "texture": "#all", "cullface": "west"}}}, {"from": [-0.5, 7, 10], "to": [0, 10, 16], "rotation": {"angle": 0, "axis": "y", "origin": [8, 8, 8]}, "faces": {"north": {"uv": [10, 6, 11, 9], "texture": "#all", "cullface": "west"}, "south": {"uv": [15, 6, 16, 9], "texture": "#all", "cullface": "west"}, "west": {"uv": [10, 6, 16, 9], "texture": "#all", "cullface": "west"}, "up": {"uv": [10, 6, 16, 7], "rotation": 90, "texture": "#all", "cullface": "west"}}}, {"from": [-0.5, 12, 0], "to": [0, 15, 16], "rotation": {"angle": 0, "axis": "y", "origin": [8, 8, 8]}, "faces": {"north": {"uv": [0, 1, 1, 4], "texture": "#all", "cullface": "west"}, "south": {"uv": [15, 0, 16, 3], "texture": "#all", "cullface": "west"}, "west": {"uv": [0, 1, 16, 4], "texture": "#all", "cullface": "west"}, "up": {"uv": [0, 1, 16, 2], "rotation": 90, "texture": "#all", "cullface": "west"}, "down": {"uv": [0, 3, 16, 4], "rotation": 270, "texture": "#all", "cullface": "west"}}}, {"from": [-0.5, 10, 5], "to": [0, 12, 11], "rotation": {"angle": 0, "axis": "y", "origin": [8, 8, 8]}, "faces": {"north": {"uv": [5, 4, 6, 6], "texture": "#all", "cullface": "west"}, "south": {"uv": [10, 4, 11, 6], "texture": "#all", "cullface": "west"}, "west": {"uv": [5, 4, 11, 6], "texture": "#all", "cullface": "west"}, "down": {"uv": [5, 5, 11, 6], "rotation": 270, "texture": "#all", "cullface": "west"}}}, {"from": [-0.5, 10, 0], "to": [0, 12, 1], "rotation": {"angle": 0, "axis": "y", "origin": [8, 8, 8]}, "faces": {"north": {"uv": [0, 4, 1, 6], "texture": "#all", "cullface": "west"}, "south": {"uv": [0, 4, 1, 6], "texture": "#all", "cullface": "west"}, "west": {"uv": [0, 4, 1, 6], "texture": "#all", "cullface": "west"}}}, {"from": [-0.5, 10, 15], "to": [0, 12, 16], "rotation": {"angle": 0, "axis": "y", "origin": [8, 8, 8]}, "faces": {"north": {"uv": [15, 4, 16, 6], "texture": "#all", "cullface": "west"}, "south": {"uv": [15, 4, 16, 6], "texture": "#all", "cullface": "west"}, "west": {"uv": [15, 4, 16, 6], "texture": "#all", "cullface": "west"}}}, {"from": [0, 16, 9], "to": [16, 16.5, 15], "rotation": {"angle": 0, "axis": "x", "origin": [8, 8, 8]}, "faces": {"north": {"uv": [0, 9, 16, 10], "rotation": 180, "texture": "#all", "cullface": "up"}, "east": {"uv": [15, 9, 16, 15], "rotation": 90, "texture": "#all", "cullface": "up"}, "south": {"uv": [0, 14, 16, 15], "texture": "#all", "cullface": "up"}, "west": {"uv": [0, 9, 1, 15], "rotation": 270, "texture": "#all", "cullface": "up"}, "up": {"uv": [0, 9, 16, 15], "texture": "#all", "cullface": "up"}}}, {"from": [0, 16, 6], "to": [6, 16.5, 9], "rotation": {"angle": 0, "axis": "x", "origin": [8, 8, 8]}, "faces": {"north": {"uv": [0, 6, 6, 7], "rotation": 180, "texture": "#all", "cullface": "up"}, "east": {"uv": [5, 6, 6, 9], "rotation": 90, "texture": "#all", "cullface": "up"}, "west": {"uv": [0, 6, 1, 9], "rotation": 270, "texture": "#all", "cullface": "up"}, "up": {"uv": [0, 6, 6, 9], "texture": "#all", "cullface": "up"}}}, {"from": [10, 16, 6], "to": [16, 16.5, 9], "rotation": {"angle": 0, "axis": "x", "origin": [8, 8, 8]}, "faces": {"north": {"uv": [10, 6, 16, 7], "rotation": 180, "texture": "#all", "cullface": "up"}, "east": {"uv": [15, 6, 16, 9], "rotation": 90, "texture": "#all", "cullface": "up"}, "west": {"uv": [10, 6, 11, 9], "rotation": 270, "texture": "#all", "cullface": "up"}, "up": {"uv": [10, 6, 16, 9], "texture": "#all", "cullface": "up"}}}, {"from": [0, 16, 1], "to": [16, 16.5, 4], "rotation": {"angle": 0, "axis": "x", "origin": [8, 8, 8]}, "faces": {"north": {"uv": [0, 1, 16, 2], "rotation": 180, "texture": "#all", "cullface": "up"}, "east": {"uv": [15, 0, 16, 3], "rotation": 90, "texture": "#all", "cullface": "up"}, "south": {"uv": [0, 3, 16, 4], "texture": "#all", "cullface": "up"}, "west": {"uv": [0, 1, 1, 4], "rotation": 270, "texture": "#all", "cullface": "up"}, "up": {"uv": [0, 1, 16, 4], "texture": "#all", "cullface": "up"}}}, {"from": [5, 16, 4], "to": [11, 16.5, 6], "rotation": {"angle": 0, "axis": "x", "origin": [8, 8, 8]}, "faces": {"east": {"uv": [10, 4, 11, 6], "rotation": 90, "texture": "#all", "cullface": "up"}, "south": {"uv": [5, 5, 11, 6], "texture": "#all", "cullface": "up"}, "west": {"uv": [5, 4, 6, 6], "rotation": 270, "texture": "#all", "cullface": "up"}, "up": {"uv": [5, 4, 11, 6], "texture": "#all", "cullface": "up"}}}, {"from": [0, 16, 4], "to": [1, 16.5, 6], "rotation": {"angle": 0, "axis": "x", "origin": [8, 8, 8]}, "faces": {"east": {"uv": [0, 4, 1, 6], "rotation": 90, "texture": "#all", "cullface": "up"}, "west": {"uv": [0, 4, 1, 6], "rotation": 270, "texture": "#all", "cullface": "up"}, "up": {"uv": [0, 4, 1, 6], "texture": "#all", "cullface": "up"}}}, {"from": [15, 16, 4], "to": [16, 16.5, 6], "rotation": {"angle": 0, "axis": "x", "origin": [8, 8, 8]}, "faces": {"east": {"uv": [15, 4, 16, 6], "rotation": 90, "texture": "#all", "cullface": "up"}, "west": {"uv": [15, 4, 16, 6], "rotation": 270, "texture": "#all", "cullface": "up"}, "up": {"uv": [15, 4, 16, 6], "texture": "#all", "cullface": "up"}}}, {"from": [0, -0.5, 1], "to": [16, 0, 7], "rotation": {"angle": 0, "axis": "x", "origin": [8, 8, 8]}, "faces": {"north": {"uv": [0, 14, 16, 15], "rotation": 180, "texture": "#all", "cullface": "down"}, "east": {"uv": [15, 9, 16, 15], "rotation": 270, "texture": "#all", "cullface": "down"}, "south": {"uv": [0, 9, 16, 10], "texture": "#all", "cullface": "down"}, "west": {"uv": [0, 9, 1, 15], "rotation": 90, "texture": "#all", "cullface": "down"}, "down": {"uv": [0, 9, 16, 15], "texture": "#all", "cullface": "down"}}}, {"from": [0, -0.5, 7], "to": [6, 0, 10], "rotation": {"angle": 0, "axis": "x", "origin": [8, 8, 8]}, "faces": {"east": {"uv": [5, 6, 6, 9], "rotation": 270, "texture": "#all", "cullface": "down"}, "south": {"uv": [0, 6, 6, 7], "texture": "#all", "cullface": "down"}, "west": {"uv": [0, 6, 1, 9], "rotation": 90, "texture": "#all", "cullface": "down"}, "down": {"uv": [0, 6, 6, 9], "texture": "#all", "cullface": "down"}}}, {"from": [10, -0.5, 7], "to": [16, 0, 10], "rotation": {"angle": 0, "axis": "x", "origin": [8, 8, 8]}, "faces": {"east": {"uv": [15, 6, 16, 9], "rotation": 270, "texture": "#all", "cullface": "down"}, "south": {"uv": [10, 6, 16, 7], "texture": "#all", "cullface": "down"}, "west": {"uv": [10, 6, 11, 9], "rotation": 90, "texture": "#all", "cullface": "down"}, "down": {"uv": [10, 6, 16, 9], "texture": "#all", "cullface": "down"}}}, {"from": [0, -0.5, 12], "to": [16, 0, 15], "rotation": {"angle": 0, "axis": "x", "origin": [8, 8, 8]}, "faces": {"north": {"uv": [0, 3, 16, 4], "rotation": 180, "texture": "#all", "cullface": "down"}, "east": {"uv": [15, 0, 16, 3], "rotation": 270, "texture": "#all", "cullface": "down"}, "south": {"uv": [0, 1, 16, 2], "texture": "#all", "cullface": "down"}, "west": {"uv": [0, 1, 1, 4], "rotation": 90, "texture": "#all", "cullface": "down"}, "down": {"uv": [0, 1, 16, 4], "texture": "#all", "cullface": "down"}}}, {"from": [5, -0.5, 10], "to": [11, 0, 12], "rotation": {"angle": 0, "axis": "x", "origin": [8, 8, 8]}, "faces": {"north": {"uv": [5, 5, 11, 6], "rotation": 180, "texture": "#all", "cullface": "down"}, "east": {"uv": [10, 4, 11, 6], "rotation": 270, "texture": "#all", "cullface": "down"}, "west": {"uv": [5, 4, 6, 6], "rotation": 90, "texture": "#all", "cullface": "down"}, "down": {"uv": [5, 4, 11, 6], "texture": "#all", "cullface": "down"}}}, {"from": [0, -0.5, 10], "to": [1, 0, 12], "rotation": {"angle": 0, "axis": "x", "origin": [8, 8, 8]}, "faces": {"east": {"uv": [0, 4, 1, 6], "rotation": 270, "texture": "#all", "cullface": "down"}, "west": {"uv": [0, 4, 1, 6], "rotation": 90, "texture": "#all", "cullface": "down"}, "down": {"uv": [0, 4, 1, 6], "texture": "#all", "cullface": "down"}}}, {"from": [15, -0.5, 10], "to": [16, 0, 12], "rotation": {"angle": 0, "axis": "x", "origin": [8, 8, 8]}, "faces": {"east": {"uv": [15, 4, 16, 6], "rotation": 270, "texture": "#all", "cullface": "down"}, "west": {"uv": [15, 4, 16, 6], "rotation": 90, "texture": "#all", "cullface": "down"}, "down": {"uv": [15, 4, 16, 6], "texture": "#all", "cullface": "down"}}}], "groups": [0, {"name": "north", "origin": [8, 8, 8], "color": 0, "children": [1, 2, 3, 4, 5, 6, 7]}, {"name": "east", "origin": [8, 8, 8], "color": 0, "children": [8, 9, 10, 11, 12, 13, 14]}, {"name": "south", "origin": [8, 8, 8], "color": 0, "children": [15, 16, 17, 18, 19, 20, 21]}, {"name": "west", "origin": [8, 8, 8], "color": 0, "children": [22, 23, 24, 25, 26, 27, 28]}, {"name": "up", "origin": [8, 8, 8], "color": 0, "children": [29, 30, 31, 32, 33, 34, 35]}, {"name": "down", "origin": [8, 8, 8], "color": 0, "children": [36, 37, 38, 39, 40, 41, 42]}]}