{"parent": "block/cube_all", "textures": {"0": "block/chiseled_polished_blackstone", "particle": "block/chiseled_polished_blackstone"}, "elements": [{"from": [0, 0, 0], "to": [16, 16, 16], "faces": {"north": {"uv": [0, 0, 16, 16], "texture": "#0", "cullface": "north"}, "east": {"uv": [0, 0, 16, 16], "texture": "#0", "cullface": "east"}, "south": {"uv": [0, 0, 16, 16], "texture": "#0", "cullface": "south"}, "west": {"uv": [0, 0, 16, 16], "texture": "#0", "cullface": "west"}, "up": {"uv": [0, 0, 16, 16], "texture": "#0", "cullface": "up"}, "down": {"uv": [0, 0, 16, 16], "texture": "#0", "cullface": "down"}}}, {"from": [0.99, 1, -0.49], "to": [15.99, 3, 0.01], "faces": {"north": {"uv": [0, 13, 15, 15], "texture": "#0", "cullface": "north"}, "east": {"uv": [0, 13, 1, 15], "texture": "#0", "cullface": "north"}, "west": {"uv": [14, 13, 15, 15], "texture": "#0", "cullface": "north"}, "up": {"uv": [0, 13, 15, 14], "rotation": 180, "texture": "#0", "cullface": "north"}, "down": {"uv": [0, 14, 15, 15], "rotation": 180, "texture": "#0", "cullface": "north"}}}, {"from": [0.99, 14, -0.49], "to": [15.99, 15.99, 0.01], "faces": {"north": {"uv": [0, 0, 15, 1.99], "texture": "#0", "cullface": "north"}, "east": {"uv": [0, 0, 1, 1.99], "texture": "#0", "cullface": "north"}, "west": {"uv": [14, 0, 15, 1.99], "texture": "#0", "cullface": "north"}, "up": {"uv": [0, 0, 15, 1], "rotation": 180, "texture": "#0", "cullface": "north"}, "down": {"uv": [0, 1, 15, 2], "rotation": 180, "texture": "#0", "cullface": "north"}}}, {"from": [4, 9, -0.49], "to": [13, 13, 0.01], "faces": {"north": {"uv": [3, 3, 12, 7], "texture": "#0", "cullface": "north"}, "east": {"uv": [3, 3, 4, 7], "texture": "#0", "cullface": "north"}, "west": {"uv": [11, 3, 12, 7], "texture": "#0", "cullface": "north"}, "up": {"uv": [3, 3, 12, 4], "rotation": 180, "texture": "#0", "cullface": "north"}, "down": {"uv": [3, 6, 12, 7], "rotation": 180, "texture": "#0", "cullface": "north"}}}, {"from": [4, 4, -0.49], "to": [13, 7, 0.01], "faces": {"north": {"uv": [3, 9, 12, 12], "texture": "#0", "cullface": "north"}, "east": {"uv": [3, 9, 4, 12], "texture": "#0", "cullface": "north"}, "west": {"uv": [11, 9, 12, 12], "texture": "#0", "cullface": "north"}, "up": {"uv": [3, 9, 12, 10], "rotation": 180, "texture": "#0", "cullface": "north"}, "down": {"uv": [3, 11, 12, 12], "rotation": 180, "texture": "#0", "cullface": "north"}}}, {"from": [13.99, 3, -0.49], "to": [15.99, 14, 0.01], "faces": {"north": {"uv": [0, 2, 2, 13], "texture": "#0", "cullface": "north"}, "east": {"uv": [0, 2, 1, 13], "texture": "#0", "cullface": "north"}, "west": {"uv": [1, 2, 2, 13], "texture": "#0", "cullface": "north"}}}, {"from": [1, 3, -0.49], "to": [3, 14, 0.01], "faces": {"north": {"uv": [13, 2, 15, 13], "texture": "#0", "cullface": "north"}, "east": {"uv": [13, 2, 14, 13], "texture": "#0", "cullface": "north"}, "west": {"uv": [14, 2, 15, 13], "texture": "#0", "cullface": "north"}}}, {"from": [4, 7, -0.49], "to": [6, 9, 0.01], "faces": {"north": {"uv": [10, 7, 12, 9], "texture": "#0", "cullface": "north"}, "east": {"uv": [10, 7, 11, 9], "texture": "#0", "cullface": "north"}, "west": {"uv": [11, 7, 12, 9], "texture": "#0", "cullface": "north"}}}, {"from": [7, 7, -0.49], "to": [10, 9, 0.01], "faces": {"north": {"uv": [6, 7, 9, 9], "texture": "#0", "cullface": "north"}, "east": {"uv": [6, 7, 7, 9], "texture": "#0", "cullface": "north"}, "west": {"uv": [8, 7, 9, 9], "texture": "#0", "cullface": "north"}}}, {"from": [11, 7, -0.49], "to": [13, 9, 0.01], "faces": {"north": {"uv": [3, 7, 5, 9], "texture": "#0", "cullface": "north"}, "east": {"uv": [3, 7, 4, 9], "texture": "#0", "cullface": "north"}, "west": {"uv": [4, 7, 5, 9], "texture": "#0", "cullface": "north"}}}, {"from": [15.99, 1, 0.99], "to": [16.49, 3, 15.99], "faces": {"north": {"uv": [14, 13, 15, 15], "texture": "#0", "cullface": "east"}, "east": {"uv": [0, 13, 15, 15], "texture": "#0", "cullface": "east"}, "south": {"uv": [0, 13, 1, 15], "texture": "#0", "cullface": "east"}, "up": {"uv": [0, 13, 15, 14], "rotation": 270, "texture": "#0", "cullface": "east"}, "down": {"uv": [0, 14, 15, 15], "rotation": 90, "texture": "#0", "cullface": "east"}}}, {"from": [15.99, 14, 0.99], "to": [16.49, 15.99, 15.99], "faces": {"north": {"uv": [14, 0, 15, 1.99], "texture": "#0", "cullface": "east"}, "east": {"uv": [0, 0, 15, 1.99], "texture": "#0", "cullface": "east"}, "south": {"uv": [0, 0, 1, 1.99], "texture": "#0", "cullface": "east"}, "up": {"uv": [0, 0, 15, 1], "rotation": 270, "texture": "#0", "cullface": "east"}, "down": {"uv": [0, 1, 15, 2], "rotation": 90, "texture": "#0", "cullface": "east"}}}, {"from": [15.99, 9, 4], "to": [16.49, 13, 13], "faces": {"north": {"uv": [11, 3, 12, 7], "texture": "#0", "cullface": "east"}, "east": {"uv": [3, 3, 12, 7], "texture": "#0", "cullface": "east"}, "south": {"uv": [3, 3, 4, 7], "texture": "#0", "cullface": "east"}, "up": {"uv": [3, 3, 12, 4], "rotation": 270, "texture": "#0", "cullface": "east"}, "down": {"uv": [3, 6, 12, 7], "rotation": 90, "texture": "#0", "cullface": "east"}}}, {"from": [15.99, 4, 4], "to": [16.49, 7, 13], "faces": {"north": {"uv": [11, 9, 12, 12], "texture": "#0", "cullface": "east"}, "east": {"uv": [3, 9, 12, 12], "texture": "#0", "cullface": "east"}, "south": {"uv": [3, 9, 4, 12], "texture": "#0", "cullface": "east"}, "up": {"uv": [3, 9, 12, 10], "rotation": 270, "texture": "#0", "cullface": "east"}, "down": {"uv": [3, 11, 12, 12], "rotation": 90, "texture": "#0", "cullface": "east"}}}, {"from": [15.99, 3, 13.99], "to": [16.49, 14, 15.99], "faces": {"north": {"uv": [1, 2, 2, 13], "texture": "#0", "cullface": "east"}, "east": {"uv": [0, 2, 2, 13], "texture": "#0", "cullface": "east"}, "south": {"uv": [0, 2, 1, 13], "texture": "#0", "cullface": "east"}}}, {"from": [15.99, 3, 1], "to": [16.49, 14, 3], "faces": {"north": {"uv": [14, 2, 15, 13], "texture": "#0", "cullface": "east"}, "east": {"uv": [13, 2, 15, 13], "texture": "#0", "cullface": "east"}, "south": {"uv": [13, 2, 14, 13], "texture": "#0", "cullface": "east"}}}, {"from": [15.99, 7, 4], "to": [16.49, 9, 6], "faces": {"north": {"uv": [11, 7, 12, 9], "texture": "#0", "cullface": "east"}, "east": {"uv": [10, 7, 12, 9], "texture": "#0", "cullface": "east"}, "south": {"uv": [10, 7, 11, 9], "texture": "#0", "cullface": "east"}}}, {"from": [15.99, 7, 7], "to": [16.49, 9, 10], "faces": {"north": {"uv": [8, 7, 9, 9], "texture": "#0", "cullface": "east"}, "east": {"uv": [6, 7, 9, 9], "texture": "#0", "cullface": "east"}, "south": {"uv": [6, 7, 7, 9], "texture": "#0", "cullface": "east"}}}, {"from": [15.99, 7, 11], "to": [16.49, 9, 13], "faces": {"north": {"uv": [4, 7, 5, 9], "texture": "#0", "cullface": "east"}, "east": {"uv": [3, 7, 5, 9], "texture": "#0", "cullface": "east"}, "south": {"uv": [3, 7, 4, 9], "texture": "#0", "cullface": "east"}}}, {"from": [0.01, 1, 15.99], "to": [15.01, 3, 16.49], "faces": {"east": {"uv": [14, 13, 15, 15], "texture": "#0", "cullface": "south"}, "south": {"uv": [0, 13, 15, 15], "texture": "#0", "cullface": "south"}, "west": {"uv": [0, 13, 1, 15], "texture": "#0", "cullface": "south"}, "up": {"uv": [0, 13, 15, 14], "texture": "#0", "cullface": "south"}, "down": {"uv": [0, 14, 15, 15], "texture": "#0", "cullface": "south"}}}, {"from": [0.01, 14, 15.99], "to": [15.01, 15.99, 16.49], "faces": {"east": {"uv": [14, 0, 15, 1.99], "texture": "#0", "cullface": "south"}, "south": {"uv": [0, 0, 15, 1.99], "texture": "#0", "cullface": "south"}, "west": {"uv": [0, 0, 1, 1.99], "texture": "#0", "cullface": "south"}, "up": {"uv": [0, 0, 15, 1], "texture": "#0", "cullface": "south"}, "down": {"uv": [0, 1, 15, 2], "texture": "#0", "cullface": "south"}}}, {"from": [3, 9, 15.99], "to": [12, 13, 16.49], "faces": {"east": {"uv": [11, 3, 12, 7], "texture": "#0", "cullface": "south"}, "south": {"uv": [3, 3, 12, 7], "texture": "#0", "cullface": "south"}, "west": {"uv": [3, 3, 4, 7], "texture": "#0", "cullface": "south"}, "up": {"uv": [3, 3, 12, 4], "texture": "#0", "cullface": "south"}, "down": {"uv": [3, 6, 12, 7], "texture": "#0", "cullface": "south"}}}, {"from": [3, 4, 15.99], "to": [12, 7, 16.49], "faces": {"east": {"uv": [11, 9, 12, 12], "texture": "#0", "cullface": "south"}, "south": {"uv": [3, 9, 12, 12], "texture": "#0", "cullface": "south"}, "west": {"uv": [3, 9, 4, 12], "texture": "#0", "cullface": "south"}, "up": {"uv": [3, 9, 12, 10], "texture": "#0", "cullface": "south"}, "down": {"uv": [3, 11, 12, 12], "texture": "#0", "cullface": "south"}}}, {"from": [0.01, 3, 15.99], "to": [2.01, 14, 16.49], "faces": {"east": {"uv": [1, 2, 2, 13], "texture": "#0", "cullface": "south"}, "south": {"uv": [0, 2, 2, 13], "texture": "#0", "cullface": "south"}, "west": {"uv": [0, 2, 1, 13], "texture": "#0", "cullface": "south"}}}, {"from": [13, 3, 15.99], "to": [15, 14, 16.49], "faces": {"east": {"uv": [14, 2, 15, 13], "texture": "#0", "cullface": "south"}, "south": {"uv": [13, 2, 15, 13], "texture": "#0", "cullface": "south"}, "west": {"uv": [13, 2, 14, 13], "texture": "#0", "cullface": "south"}}}, {"from": [10, 7, 15.99], "to": [12, 9, 16.49], "faces": {"east": {"uv": [11, 7, 12, 9], "texture": "#0", "cullface": "south"}, "south": {"uv": [10, 7, 12, 9], "texture": "#0", "cullface": "south"}, "west": {"uv": [10, 7, 11, 9], "texture": "#0", "cullface": "south"}}}, {"from": [6, 7, 15.99], "to": [9, 9, 16.49], "faces": {"east": {"uv": [8, 7, 9, 9], "texture": "#0", "cullface": "south"}, "south": {"uv": [6, 7, 9, 9], "texture": "#0", "cullface": "south"}, "west": {"uv": [6, 7, 7, 9], "texture": "#0", "cullface": "south"}}}, {"from": [3, 7, 15.99], "to": [5, 9, 16.49], "faces": {"east": {"uv": [4, 7, 5, 9], "texture": "#0", "cullface": "south"}, "south": {"uv": [3, 7, 5, 9], "texture": "#0", "cullface": "south"}, "west": {"uv": [3, 7, 4, 9], "texture": "#0", "cullface": "south"}}}, {"from": [-0.49, 1, 0.01], "to": [0.01, 3, 15.01], "faces": {"north": {"uv": [0, 13, 1, 15], "texture": "#0", "cullface": "west"}, "south": {"uv": [14, 13, 15, 15], "texture": "#0", "cullface": "west"}, "west": {"uv": [0, 13, 15, 15], "texture": "#0", "cullface": "west"}, "up": {"uv": [0, 13, 15, 14], "rotation": 90, "texture": "#0", "cullface": "west"}, "down": {"uv": [0, 14, 15, 15], "rotation": 270, "texture": "#0", "cullface": "west"}}}, {"from": [-0.49, 14, 0.01], "to": [0.01, 15.99, 15.01], "faces": {"north": {"uv": [0, 0, 1, 1.99], "texture": "#0", "cullface": "west"}, "south": {"uv": [14, 0, 15, 1.99], "texture": "#0", "cullface": "west"}, "west": {"uv": [0, 0, 15, 1.99], "texture": "#0", "cullface": "west"}, "up": {"uv": [0, 0, 15, 1], "rotation": 90, "texture": "#0", "cullface": "west"}, "down": {"uv": [0, 1, 15, 2], "rotation": 270, "texture": "#0", "cullface": "west"}}}, {"from": [-0.49, 9, 3], "to": [0.01, 13, 12], "faces": {"north": {"uv": [3, 3, 4, 7], "texture": "#0", "cullface": "west"}, "south": {"uv": [11, 3, 12, 7], "texture": "#0", "cullface": "west"}, "west": {"uv": [3, 3, 12, 7], "texture": "#0", "cullface": "west"}, "up": {"uv": [3, 3, 12, 4], "rotation": 90, "texture": "#0", "cullface": "west"}, "down": {"uv": [3, 6, 12, 7], "rotation": 270, "texture": "#0", "cullface": "west"}}}, {"from": [-0.49, 4, 3], "to": [0.01, 7, 12], "faces": {"north": {"uv": [3, 9, 4, 12], "texture": "#0", "cullface": "west"}, "south": {"uv": [11, 9, 12, 12], "texture": "#0", "cullface": "west"}, "west": {"uv": [3, 9, 12, 12], "texture": "#0", "cullface": "west"}, "up": {"uv": [3, 9, 12, 10], "rotation": 90, "texture": "#0", "cullface": "west"}, "down": {"uv": [3, 11, 12, 12], "rotation": 270, "texture": "#0", "cullface": "west"}}}, {"from": [-0.49, 3, 0.01], "to": [0.01, 14, 2.01], "faces": {"north": {"uv": [0, 2, 1, 13], "texture": "#0", "cullface": "west"}, "south": {"uv": [1, 2, 2, 13], "texture": "#0", "cullface": "west"}, "west": {"uv": [0, 2, 2, 13], "texture": "#0", "cullface": "west"}}}, {"from": [-0.49, 3, 13], "to": [0.01, 14, 15], "faces": {"north": {"uv": [13, 2, 14, 13], "texture": "#0", "cullface": "west"}, "south": {"uv": [14, 2, 15, 13], "texture": "#0", "cullface": "west"}, "west": {"uv": [13, 2, 15, 13], "texture": "#0", "cullface": "west"}}}, {"from": [-0.49, 7, 10], "to": [0.01, 9, 12], "faces": {"north": {"uv": [10, 7, 11, 9], "texture": "#0", "cullface": "west"}, "south": {"uv": [11, 7, 12, 9], "texture": "#0", "cullface": "west"}, "west": {"uv": [10, 7, 12, 9], "texture": "#0", "cullface": "west"}}}, {"from": [-0.49, 7, 6], "to": [0.01, 9, 9], "faces": {"north": {"uv": [6, 7, 7, 9], "texture": "#0", "cullface": "west"}, "south": {"uv": [8, 7, 9, 9], "texture": "#0", "cullface": "west"}, "west": {"uv": [6, 7, 9, 9], "texture": "#0", "cullface": "west"}}}, {"from": [-0.49, 7, 3], "to": [0.01, 9, 5], "faces": {"north": {"uv": [3, 7, 4, 9], "texture": "#0", "cullface": "west"}, "south": {"uv": [4, 7, 5, 9], "texture": "#0", "cullface": "west"}, "west": {"uv": [3, 7, 5, 9], "texture": "#0", "cullface": "west"}}}, {"from": [0.01, 15.99, 13], "to": [15.01, 16.49, 15], "faces": {"north": {"uv": [0, 13, 15, 14], "rotation": 180, "texture": "#0", "cullface": "up"}, "east": {"uv": [14, 13, 15, 15], "rotation": 90, "texture": "#0", "cullface": "up"}, "south": {"uv": [0, 14, 15, 15], "texture": "#0", "cullface": "up"}, "west": {"uv": [0, 13, 1, 15], "rotation": 270, "texture": "#0", "cullface": "up"}, "up": {"uv": [0, 13, 15, 15], "texture": "#0", "cullface": "up"}}}, {"from": [0.01, 15.99, 0.01], "to": [15.01, 16.49, 2], "faces": {"north": {"uv": [0, 0, 15, 1], "rotation": 180, "texture": "#0", "cullface": "up"}, "east": {"uv": [14, 0, 15, 1.99], "rotation": 90, "texture": "#0", "cullface": "up"}, "south": {"uv": [0, 1, 15, 2], "texture": "#0", "cullface": "up"}, "west": {"uv": [0, 0, 1, 1.99], "rotation": 270, "texture": "#0", "cullface": "up"}, "up": {"uv": [0, 0, 15, 1.99], "texture": "#0", "cullface": "up"}}}, {"from": [3, 15.99, 3], "to": [12, 16.49, 7], "faces": {"north": {"uv": [3, 3, 12, 4], "rotation": 180, "texture": "#0", "cullface": "up"}, "east": {"uv": [11, 3, 12, 7], "rotation": 90, "texture": "#0", "cullface": "up"}, "south": {"uv": [3, 6, 12, 7], "texture": "#0", "cullface": "up"}, "west": {"uv": [3, 3, 4, 7], "rotation": 270, "texture": "#0", "cullface": "up"}, "up": {"uv": [3, 3, 12, 7], "texture": "#0", "cullface": "up"}}}, {"from": [3, 15.99, 9], "to": [12, 16.49, 12], "faces": {"north": {"uv": [3, 9, 12, 10], "rotation": 180, "texture": "#0", "cullface": "up"}, "east": {"uv": [11, 9, 12, 12], "rotation": 90, "texture": "#0", "cullface": "up"}, "south": {"uv": [3, 11, 12, 12], "texture": "#0", "cullface": "up"}, "west": {"uv": [3, 9, 4, 12], "rotation": 270, "texture": "#0", "cullface": "up"}, "up": {"uv": [3, 9, 12, 12], "texture": "#0", "cullface": "up"}}}, {"from": [0.01, 15.99, 2], "to": [2.01, 16.49, 13], "faces": {"east": {"uv": [1, 2, 2, 13], "rotation": 90, "texture": "#0", "cullface": "up"}, "west": {"uv": [0, 2, 1, 13], "rotation": 270, "texture": "#0", "cullface": "up"}, "up": {"uv": [0, 2, 2, 13], "texture": "#0", "cullface": "up"}}}, {"from": [13, 15.99, 2], "to": [15, 16.49, 13], "faces": {"east": {"uv": [14, 2, 15, 13], "rotation": 90, "texture": "#0", "cullface": "up"}, "west": {"uv": [13, 2, 14, 13], "rotation": 270, "texture": "#0", "cullface": "up"}, "up": {"uv": [13, 2, 15, 13], "texture": "#0", "cullface": "up"}}}, {"from": [10, 15.99, 7], "to": [12, 16.49, 9], "faces": {"east": {"uv": [11, 7, 12, 9], "rotation": 90, "texture": "#0", "cullface": "up"}, "west": {"uv": [10, 7, 11, 9], "rotation": 270, "texture": "#0", "cullface": "up"}, "up": {"uv": [10, 7, 12, 9], "texture": "#0", "cullface": "up"}}}, {"from": [6, 15.99, 7], "to": [9, 16.49, 9], "faces": {"east": {"uv": [8, 7, 9, 9], "rotation": 90, "texture": "#0", "cullface": "up"}, "west": {"uv": [6, 7, 7, 9], "rotation": 270, "texture": "#0", "cullface": "up"}, "up": {"uv": [6, 7, 9, 9], "texture": "#0", "cullface": "up"}}}, {"from": [3, 15.99, 7], "to": [5, 16.49, 9], "faces": {"east": {"uv": [4, 7, 5, 9], "rotation": 90, "texture": "#0", "cullface": "up"}, "west": {"uv": [3, 7, 4, 9], "rotation": 270, "texture": "#0", "cullface": "up"}, "up": {"uv": [3, 7, 5, 9], "texture": "#0", "cullface": "up"}}}, {"from": [0.01, -0.49, 1], "to": [15.01, 0.01, 3], "faces": {"north": {"uv": [0, 14, 15, 15], "rotation": 180, "texture": "#0", "cullface": "down"}, "east": {"uv": [14, 13, 15, 15], "rotation": 270, "texture": "#0", "cullface": "down"}, "south": {"uv": [0, 13, 15, 14], "texture": "#0", "cullface": "down"}, "west": {"uv": [0, 13, 1, 15], "rotation": 90, "texture": "#0", "cullface": "down"}, "down": {"uv": [0, 13, 15, 15], "texture": "#0", "cullface": "down"}}}, {"from": [0.01, -0.49, 14], "to": [15.01, 0.01, 15.99], "faces": {"north": {"uv": [0, 1, 15, 2], "rotation": 180, "texture": "#0", "cullface": "down"}, "east": {"uv": [14, 0, 15, 1.99], "rotation": 270, "texture": "#0", "cullface": "down"}, "south": {"uv": [0, 0, 15, 1], "texture": "#0", "cullface": "down"}, "west": {"uv": [0, 0, 1, 1.99], "rotation": 90, "texture": "#0", "cullface": "down"}, "down": {"uv": [0, 0, 15, 1.99], "texture": "#0", "cullface": "down"}}}, {"from": [3, -0.49, 9], "to": [12, 0.01, 13], "faces": {"north": {"uv": [3, 6, 12, 7], "rotation": 180, "texture": "#0", "cullface": "down"}, "east": {"uv": [11, 3, 12, 7], "rotation": 270, "texture": "#0", "cullface": "down"}, "south": {"uv": [3, 3, 12, 4], "texture": "#0", "cullface": "down"}, "west": {"uv": [3, 3, 4, 7], "rotation": 90, "texture": "#0", "cullface": "down"}, "down": {"uv": [3, 3, 12, 7], "texture": "#0", "cullface": "down"}}}, {"from": [3, -0.49, 4], "to": [12, 0.01, 7], "faces": {"north": {"uv": [3, 11, 12, 12], "rotation": 180, "texture": "#0", "cullface": "down"}, "east": {"uv": [11, 9, 12, 12], "rotation": 270, "texture": "#0", "cullface": "down"}, "south": {"uv": [3, 9, 12, 10], "texture": "#0", "cullface": "down"}, "west": {"uv": [3, 9, 4, 12], "rotation": 90, "texture": "#0", "cullface": "down"}, "down": {"uv": [3, 9, 12, 12], "texture": "#0", "cullface": "down"}}}, {"from": [0.01, -0.49, 3], "to": [2.01, 0.01, 14], "faces": {"east": {"uv": [1, 2, 2, 13], "rotation": 270, "texture": "#0", "cullface": "down"}, "west": {"uv": [0, 2, 1, 13], "rotation": 90, "texture": "#0", "cullface": "down"}, "down": {"uv": [0, 2, 2, 13], "texture": "#0", "cullface": "down"}}}, {"from": [13, -0.49, 3], "to": [15, 0.01, 14], "faces": {"east": {"uv": [14, 2, 15, 13], "rotation": 270, "texture": "#0", "cullface": "down"}, "west": {"uv": [13, 2, 14, 13], "rotation": 90, "texture": "#0", "cullface": "down"}, "down": {"uv": [13, 2, 15, 13], "texture": "#0", "cullface": "down"}}}, {"from": [10, -0.49, 7], "to": [12, 0.01, 9], "faces": {"east": {"uv": [11, 7, 12, 9], "rotation": 270, "texture": "#0", "cullface": "down"}, "west": {"uv": [10, 7, 11, 9], "rotation": 90, "texture": "#0", "cullface": "down"}, "down": {"uv": [10, 7, 12, 9], "texture": "#0", "cullface": "down"}}}, {"from": [6, -0.49, 7], "to": [9, 0.01, 9], "faces": {"east": {"uv": [8, 7, 9, 9], "rotation": 270, "texture": "#0", "cullface": "down"}, "west": {"uv": [6, 7, 7, 9], "rotation": 90, "texture": "#0", "cullface": "down"}, "down": {"uv": [6, 7, 9, 9], "texture": "#0", "cullface": "down"}}}, {"from": [3, -0.49, 7], "to": [5, 0.01, 9], "faces": {"east": {"uv": [4, 7, 5, 9], "rotation": 270, "texture": "#0", "cullface": "down"}, "west": {"uv": [3, 7, 4, 9], "rotation": 90, "texture": "#0", "cullface": "down"}, "down": {"uv": [3, 7, 5, 9], "texture": "#0", "cullface": "down"}}}], "groups": [0, {"name": "north", "origin": [8, 8, 8], "children": [1, 2, 3, 4, 5, 6, 7, 8, 9]}, {"name": "east", "origin": [8, 8, 8], "children": [10, 11, 12, 13, 14, 15, 16, 17, 18]}, {"name": "south", "origin": [8, 8, 8], "children": [19, 20, 21, 22, 23, 24, 25, 26, 27]}, {"name": "west", "origin": [8, 8, 8], "children": [28, 29, 30, 31, 32, 33, 34, 35, 36]}, {"name": "up", "origin": [8, 8, 8], "children": [37, 38, 39, 40, 41, 42, 43, 44, 45]}, {"name": "down", "origin": [8, 8, 8], "children": [46, 47, 48, 49, 50, 51, 52, 53, 54]}]}