{"parent": "block/cube_all", "textures": {"all": "block/chiseled_stone_bricks"}, "elements": [{"from": [0, 0, 0], "to": [16, 16, 16], "rotation": {"angle": 0, "axis": "y", "origin": [8, 8, 8]}, "faces": {"north": {"uv": [0, 0, 16, 16], "texture": "#all", "cullface": "north"}, "east": {"uv": [0, 0, 16, 16], "texture": "#all", "cullface": "east"}, "south": {"uv": [0, 0, 16, 16], "texture": "#all", "cullface": "south"}, "west": {"uv": [0, 0, 16, 16], "texture": "#all", "cullface": "west"}, "up": {"uv": [0, 0, 16, 16], "texture": "#all", "cullface": "up"}, "down": {"uv": [0, 0, 16, 16], "texture": "#all", "cullface": "down"}}}, {"from": [1, 1, -0.5], "to": [3, 16, 0], "rotation": {"angle": 0, "axis": "y", "origin": [8, 8, 8]}, "faces": {"north": {"uv": [13, 0, 15, 15], "texture": "#all", "cullface": "north"}, "east": {"uv": [13, 0, 14, 15], "texture": "#all", "cullface": "north"}, "west": {"uv": [14, 0, 15, 15], "texture": "#all", "cullface": "north"}, "up": {"uv": [15, 0, 13, 1], "texture": "#all", "cullface": "north"}, "down": {"uv": [15, 14, 13, 15], "texture": "#all", "cullface": "north"}}}, {"from": [14, 1, -0.5], "to": [16, 16, 0], "rotation": {"angle": 0, "axis": "y", "origin": [8, 8, 8]}, "faces": {"north": {"uv": [0, 0, 2, 15], "texture": "#all", "cullface": "north"}, "east": {"uv": [0, 0, 1, 15], "texture": "#all", "cullface": "north"}, "west": {"uv": [1, 0, 2, 15], "texture": "#all", "cullface": "north"}, "up": {"uv": [2, 0, 0, 1], "texture": "#all", "cullface": "north"}, "down": {"uv": [2, 14, 0, 15], "texture": "#all", "cullface": "north"}}}, {"from": [4, 4, -0.5], "to": [7, 13, 0], "rotation": {"angle": 0, "axis": "y", "origin": [8, 8, 8]}, "faces": {"north": {"uv": [9, 3, 12, 12], "texture": "#all", "cullface": "north"}, "east": {"uv": [9, 3, 10, 12], "texture": "#all", "cullface": "north"}, "west": {"uv": [11, 3, 12, 12], "texture": "#all", "cullface": "north"}, "up": {"uv": [12, 3, 9, 4], "texture": "#all", "cullface": "north"}, "down": {"uv": [12, 11, 9, 12], "texture": "#all", "cullface": "north"}}}, {"from": [7, 4, -0.5], "to": [10, 7, 0], "rotation": {"angle": 0, "axis": "y", "origin": [8, 8, 8]}, "faces": {"north": {"uv": [6, 9, 9, 12], "texture": "#all", "cullface": "north"}, "up": {"uv": [9, 9, 6, 10], "texture": "#all", "cullface": "north"}, "down": {"uv": [9, 11, 6, 12], "texture": "#all", "cullface": "north"}}}, {"from": [7, 10, -0.5], "to": [10, 13, 0], "rotation": {"angle": 0, "axis": "y", "origin": [8, 8, 8]}, "faces": {"north": {"uv": [6, 3, 9, 6], "texture": "#all", "cullface": "north"}, "up": {"uv": [9, 3, 6, 4], "texture": "#all", "cullface": "north"}, "down": {"uv": [9, 5, 6, 6], "texture": "#all", "cullface": "north"}}}, {"from": [3, 14, -0.5], "to": [14, 16, 0], "rotation": {"angle": 0, "axis": "y", "origin": [8, 8, 8]}, "faces": {"north": {"uv": [2, 0, 13, 2], "texture": "#all", "cullface": "north"}, "up": {"uv": [13, 0, 2, 1], "texture": "#all", "cullface": "north"}, "down": {"uv": [13, 1, 2, 2], "texture": "#all", "cullface": "north"}}}, {"from": [3, 1, -0.5], "to": [14, 3, 0], "rotation": {"angle": 0, "axis": "y", "origin": [8, 8, 8]}, "faces": {"north": {"uv": [2, 13, 13, 15], "texture": "#all", "cullface": "north"}, "up": {"uv": [13, 13, 2, 14], "texture": "#all", "cullface": "north"}, "down": {"uv": [13, 14, 2, 15], "texture": "#all", "cullface": "north"}}}, {"from": [10, 4, -0.5], "to": [13, 13, 0], "rotation": {"angle": 0, "axis": "y", "origin": [8, 8, 8]}, "faces": {"north": {"uv": [3, 3, 6, 12], "texture": "#all", "cullface": "north"}, "east": {"uv": [3, 3, 4, 12], "texture": "#all", "cullface": "north"}, "west": {"uv": [5, 3, 6, 12], "texture": "#all", "cullface": "north"}, "up": {"uv": [6, 3, 3, 4], "texture": "#all", "cullface": "north"}, "down": {"uv": [6, 11, 3, 12], "texture": "#all", "cullface": "north"}}}, {"from": [16, 1, 1], "to": [16.5, 16, 3], "rotation": {"angle": 0, "axis": "y", "origin": [8, 8, 8]}, "faces": {"north": {"uv": [14, 0, 15, 15], "texture": "#all", "cullface": "east"}, "east": {"uv": [13, 0, 15, 15], "texture": "#all", "cullface": "east"}, "south": {"uv": [13, 0, 14, 15], "texture": "#all", "cullface": "east"}, "up": {"uv": [15, 0, 13, 1], "rotation": 90, "texture": "#all", "cullface": "east"}, "down": {"uv": [15, 14, 13, 15], "rotation": 270, "texture": "#all", "cullface": "east"}}}, {"from": [16, 1, 14], "to": [16.5, 16, 16], "rotation": {"angle": 0, "axis": "y", "origin": [8, 8, 8]}, "faces": {"north": {"uv": [1, 0, 2, 15], "texture": "#all", "cullface": "east"}, "east": {"uv": [0, 0, 2, 15], "texture": "#all", "cullface": "east"}, "south": {"uv": [0, 0, 1, 15], "texture": "#all", "cullface": "east"}, "up": {"uv": [2, 0, 0, 1], "rotation": 90, "texture": "#all", "cullface": "east"}, "down": {"uv": [2, 14, 0, 15], "rotation": 270, "texture": "#all", "cullface": "east"}}}, {"from": [16, 4, 4], "to": [16.5, 13, 7], "rotation": {"angle": 0, "axis": "y", "origin": [8, 8, 8]}, "faces": {"north": {"uv": [11, 3, 12, 12], "texture": "#all", "cullface": "east"}, "east": {"uv": [9, 3, 12, 12], "texture": "#all", "cullface": "east"}, "south": {"uv": [9, 3, 10, 12], "texture": "#all", "cullface": "east"}, "up": {"uv": [12, 3, 9, 4], "rotation": 90, "texture": "#all", "cullface": "east"}, "down": {"uv": [12, 11, 9, 12], "rotation": 270, "texture": "#all", "cullface": "east"}}}, {"from": [16, 4, 7], "to": [16.5, 7, 10], "rotation": {"angle": 0, "axis": "y", "origin": [8, 8, 8]}, "faces": {"east": {"uv": [6, 9, 9, 12], "texture": "#all", "cullface": "east"}, "up": {"uv": [9, 9, 6, 10], "rotation": 90, "texture": "#all", "cullface": "east"}, "down": {"uv": [9, 11, 6, 12], "rotation": 270, "texture": "#all", "cullface": "east"}}}, {"from": [16, 10, 7], "to": [16.5, 13, 10], "rotation": {"angle": 0, "axis": "y", "origin": [8, 8, 8]}, "faces": {"east": {"uv": [6, 3, 9, 6], "texture": "#all", "cullface": "east"}, "up": {"uv": [9, 3, 6, 4], "rotation": 90, "texture": "#all", "cullface": "east"}, "down": {"uv": [9, 5, 6, 6], "rotation": 270, "texture": "#all", "cullface": "east"}}}, {"from": [16, 14, 3], "to": [16.5, 16, 14], "rotation": {"angle": 0, "axis": "y", "origin": [8, 8, 8]}, "faces": {"east": {"uv": [2, 0, 13, 2], "texture": "#all", "cullface": "east"}, "up": {"uv": [13, 0, 2, 1], "rotation": 90, "texture": "#all", "cullface": "east"}, "down": {"uv": [13, 1, 2, 2], "rotation": 270, "texture": "#all", "cullface": "east"}}}, {"from": [16, 1, 3], "to": [16.5, 3, 14], "rotation": {"angle": 0, "axis": "y", "origin": [8, 8, 8]}, "faces": {"east": {"uv": [2, 13, 13, 15], "texture": "#all", "cullface": "east"}, "up": {"uv": [13, 13, 2, 14], "rotation": 90, "texture": "#all", "cullface": "east"}, "down": {"uv": [13, 14, 2, 15], "rotation": 270, "texture": "#all", "cullface": "east"}}}, {"from": [16, 4, 10], "to": [16.5, 13, 13], "rotation": {"angle": 0, "axis": "y", "origin": [8, 8, 8]}, "faces": {"north": {"uv": [5, 3, 6, 12], "texture": "#all", "cullface": "east"}, "east": {"uv": [3, 3, 6, 12], "texture": "#all", "cullface": "east"}, "south": {"uv": [3, 3, 4, 12], "texture": "#all", "cullface": "east"}, "up": {"uv": [6, 3, 3, 4], "rotation": 90, "texture": "#all", "cullface": "east"}, "down": {"uv": [6, 11, 3, 12], "rotation": 270, "texture": "#all", "cullface": "east"}}}, {"from": [13, 1, 16], "to": [15, 16, 16.5], "rotation": {"angle": 0, "axis": "y", "origin": [8, 8, 8]}, "faces": {"east": {"uv": [14, 0, 15, 15], "texture": "#all", "cullface": "south"}, "south": {"uv": [13, 0, 15, 15], "texture": "#all", "cullface": "south"}, "west": {"uv": [13, 0, 14, 15], "texture": "#all", "cullface": "south"}, "up": {"uv": [15, 0, 13, 1], "rotation": 180, "texture": "#all", "cullface": "south"}, "down": {"uv": [15, 14, 13, 15], "rotation": 180, "texture": "#all", "cullface": "south"}}}, {"from": [0, 1, 16], "to": [2, 16, 16.5], "rotation": {"angle": 0, "axis": "y", "origin": [8, 8, 8]}, "faces": {"east": {"uv": [1, 0, 2, 15], "texture": "#all", "cullface": "south"}, "south": {"uv": [0, 0, 2, 15], "texture": "#all", "cullface": "south"}, "west": {"uv": [0, 0, 1, 15], "texture": "#all", "cullface": "south"}, "up": {"uv": [2, 0, 0, 1], "rotation": 180, "texture": "#all", "cullface": "south"}, "down": {"uv": [2, 14, 0, 15], "rotation": 180, "texture": "#all", "cullface": "south"}}}, {"from": [9, 4, 16], "to": [12, 13, 16.5], "rotation": {"angle": 0, "axis": "y", "origin": [8, 8, 8]}, "faces": {"east": {"uv": [11, 3, 12, 12], "texture": "#all", "cullface": "south"}, "south": {"uv": [9, 3, 12, 12], "texture": "#all", "cullface": "south"}, "west": {"uv": [9, 3, 10, 12], "texture": "#all", "cullface": "south"}, "up": {"uv": [12, 3, 9, 4], "rotation": 180, "texture": "#all", "cullface": "south"}, "down": {"uv": [12, 11, 9, 12], "rotation": 180, "texture": "#all", "cullface": "south"}}}, {"from": [6, 4, 16], "to": [9, 7, 16.5], "rotation": {"angle": 0, "axis": "y", "origin": [8, 8, 8]}, "faces": {"south": {"uv": [6, 9, 9, 12], "texture": "#all", "cullface": "south"}, "up": {"uv": [9, 9, 6, 10], "rotation": 180, "texture": "#all", "cullface": "south"}, "down": {"uv": [9, 11, 6, 12], "rotation": 180, "texture": "#all", "cullface": "south"}}}, {"from": [6, 10, 16], "to": [9, 13, 16.5], "rotation": {"angle": 0, "axis": "y", "origin": [8, 8, 8]}, "faces": {"south": {"uv": [6, 3, 9, 6], "texture": "#all", "cullface": "south"}, "up": {"uv": [9, 3, 6, 4], "rotation": 180, "texture": "#all", "cullface": "south"}, "down": {"uv": [9, 5, 6, 6], "rotation": 180, "texture": "#all", "cullface": "south"}}}, {"from": [2, 14, 16], "to": [13, 16, 16.5], "rotation": {"angle": 0, "axis": "y", "origin": [8, 8, 8]}, "faces": {"south": {"uv": [2, 0, 13, 2], "texture": "#all", "cullface": "south"}, "up": {"uv": [13, 0, 2, 1], "rotation": 180, "texture": "#all", "cullface": "south"}, "down": {"uv": [13, 1, 2, 2], "rotation": 180, "texture": "#all", "cullface": "south"}}}, {"from": [2, 1, 16], "to": [13, 3, 16.5], "rotation": {"angle": 0, "axis": "y", "origin": [8, 8, 8]}, "faces": {"south": {"uv": [2, 13, 13, 15], "texture": "#all", "cullface": "south"}, "up": {"uv": [13, 13, 2, 14], "rotation": 180, "texture": "#all", "cullface": "south"}, "down": {"uv": [13, 14, 2, 15], "rotation": 180, "texture": "#all", "cullface": "south"}}}, {"from": [3, 4, 16], "to": [6, 13, 16.5], "rotation": {"angle": 0, "axis": "y", "origin": [8, 8, 8]}, "faces": {"east": {"uv": [5, 3, 6, 12], "texture": "#all", "cullface": "south"}, "south": {"uv": [3, 3, 6, 12], "texture": "#all", "cullface": "south"}, "west": {"uv": [3, 3, 4, 12], "texture": "#all", "cullface": "south"}, "up": {"uv": [6, 3, 3, 4], "rotation": 180, "texture": "#all", "cullface": "south"}, "down": {"uv": [6, 11, 3, 12], "rotation": 180, "texture": "#all", "cullface": "south"}}}, {"from": [-0.5, 1, 13], "to": [0, 16, 15], "rotation": {"angle": 0, "axis": "y", "origin": [8, 8, 8]}, "faces": {"north": {"uv": [13, 0, 14, 15], "texture": "#all", "cullface": "west"}, "south": {"uv": [14, 0, 15, 15], "texture": "#all", "cullface": "west"}, "west": {"uv": [13, 0, 15, 15], "texture": "#all", "cullface": "west"}, "up": {"uv": [15, 0, 13, 1], "rotation": 270, "texture": "#all", "cullface": "west"}, "down": {"uv": [15, 14, 13, 15], "rotation": 90, "texture": "#all", "cullface": "west"}}}, {"from": [-0.5, 1, 0], "to": [0, 16, 2], "rotation": {"angle": 0, "axis": "y", "origin": [8, 8, 8]}, "faces": {"north": {"uv": [0, 0, 1, 15], "texture": "#all", "cullface": "west"}, "south": {"uv": [1, 0, 2, 15], "texture": "#all", "cullface": "west"}, "west": {"uv": [0, 0, 2, 15], "texture": "#all", "cullface": "west"}, "up": {"uv": [2, 0, 0, 1], "rotation": 270, "texture": "#all", "cullface": "west"}, "down": {"uv": [2, 14, 0, 15], "rotation": 90, "texture": "#all", "cullface": "west"}}}, {"from": [-0.5, 4, 9], "to": [0, 13, 12], "rotation": {"angle": 0, "axis": "y", "origin": [8, 8, 8]}, "faces": {"north": {"uv": [9, 3, 10, 12], "texture": "#all", "cullface": "west"}, "south": {"uv": [11, 3, 12, 12], "texture": "#all", "cullface": "west"}, "west": {"uv": [9, 3, 12, 12], "texture": "#all", "cullface": "west"}, "up": {"uv": [12, 3, 9, 4], "rotation": 270, "texture": "#all", "cullface": "west"}, "down": {"uv": [12, 11, 9, 12], "rotation": 90, "texture": "#all", "cullface": "west"}}}, {"from": [-0.5, 4, 6], "to": [0, 7, 9], "rotation": {"angle": 0, "axis": "y", "origin": [8, 8, 8]}, "faces": {"west": {"uv": [6, 9, 9, 12], "texture": "#all", "cullface": "west"}, "up": {"uv": [9, 9, 6, 10], "rotation": 270, "texture": "#all", "cullface": "west"}, "down": {"uv": [9, 11, 6, 12], "rotation": 90, "texture": "#all", "cullface": "west"}}}, {"from": [-0.5, 10, 6], "to": [0, 13, 9], "rotation": {"angle": 0, "axis": "y", "origin": [8, 8, 8]}, "faces": {"west": {"uv": [6, 3, 9, 6], "texture": "#all", "cullface": "west"}, "up": {"uv": [9, 3, 6, 4], "rotation": 270, "texture": "#all", "cullface": "west"}, "down": {"uv": [9, 5, 6, 6], "rotation": 90, "texture": "#all", "cullface": "west"}}}, {"from": [-0.5, 14, 2], "to": [0, 16, 13], "rotation": {"angle": 0, "axis": "y", "origin": [8, 8, 8]}, "faces": {"west": {"uv": [2, 0, 13, 2], "texture": "#all", "cullface": "west"}, "up": {"uv": [13, 0, 2, 1], "rotation": 270, "texture": "#all", "cullface": "west"}, "down": {"uv": [13, 1, 2, 2], "rotation": 90, "texture": "#all", "cullface": "west"}}}, {"from": [-0.5, 1, 2], "to": [0, 3, 13], "rotation": {"angle": 0, "axis": "y", "origin": [8, 8, 8]}, "faces": {"west": {"uv": [2, 13, 13, 15], "texture": "#all", "cullface": "west"}, "up": {"uv": [13, 13, 2, 14], "rotation": 270, "texture": "#all", "cullface": "west"}, "down": {"uv": [13, 14, 2, 15], "rotation": 90, "texture": "#all", "cullface": "west"}}}, {"from": [-0.5, 4, 3], "to": [0, 13, 6], "rotation": {"angle": 0, "axis": "y", "origin": [8, 8, 8]}, "faces": {"north": {"uv": [3, 3, 4, 12], "texture": "#all", "cullface": "west"}, "south": {"uv": [5, 3, 6, 12], "texture": "#all", "cullface": "west"}, "west": {"uv": [3, 3, 6, 12], "texture": "#all", "cullface": "west"}, "up": {"uv": [6, 3, 3, 4], "rotation": 270, "texture": "#all", "cullface": "west"}, "down": {"uv": [6, 11, 3, 12], "rotation": 90, "texture": "#all", "cullface": "west"}}}, {"from": [13, 16, 0], "to": [15, 16.5, 15], "rotation": {"angle": 0, "axis": "x", "origin": [8, 8, 8]}, "faces": {"north": {"uv": [15, 0, 13, 1], "texture": "#all", "cullface": "up"}, "east": {"uv": [14, 0, 15, 15], "rotation": 90, "texture": "#all", "cullface": "up"}, "south": {"uv": [15, 14, 13, 15], "rotation": 180, "texture": "#all", "cullface": "up"}, "west": {"uv": [13, 0, 14, 15], "rotation": 270, "texture": "#all", "cullface": "up"}, "up": {"uv": [13, 0, 15, 15], "texture": "#all", "cullface": "up"}}}, {"from": [0, 16, 0], "to": [2, 16.5, 15], "rotation": {"angle": 0, "axis": "x", "origin": [8, 8, 8]}, "faces": {"north": {"uv": [2, 0, 0, 1], "texture": "#all", "cullface": "up"}, "east": {"uv": [1, 0, 2, 15], "rotation": 90, "texture": "#all", "cullface": "up"}, "south": {"uv": [2, 14, 0, 15], "rotation": 180, "texture": "#all", "cullface": "up"}, "west": {"uv": [0, 0, 1, 15], "rotation": 270, "texture": "#all", "cullface": "up"}, "up": {"uv": [0, 0, 2, 15], "texture": "#all", "cullface": "up"}}}, {"from": [9, 16, 3], "to": [12, 16.5, 12], "rotation": {"angle": 0, "axis": "x", "origin": [8, 8, 8]}, "faces": {"north": {"uv": [12, 3, 9, 4], "texture": "#all", "cullface": "up"}, "east": {"uv": [11, 3, 12, 12], "rotation": 90, "texture": "#all", "cullface": "up"}, "south": {"uv": [12, 11, 9, 12], "rotation": 180, "texture": "#all", "cullface": "up"}, "west": {"uv": [9, 3, 10, 12], "rotation": 270, "texture": "#all", "cullface": "up"}, "up": {"uv": [9, 3, 12, 12], "texture": "#all", "cullface": "up"}}}, {"from": [6, 16, 9], "to": [9, 16.5, 12], "rotation": {"angle": 0, "axis": "x", "origin": [8, 8, 8]}, "faces": {"north": {"uv": [9, 9, 6, 10], "texture": "#all", "cullface": "up"}, "south": {"uv": [9, 11, 6, 12], "rotation": 180, "texture": "#all", "cullface": "up"}, "up": {"uv": [6, 9, 9, 12], "texture": "#all", "cullface": "up"}}}, {"from": [6, 16, 3], "to": [9, 16.5, 6], "rotation": {"angle": 0, "axis": "x", "origin": [8, 8, 8]}, "faces": {"north": {"uv": [9, 3, 6, 4], "texture": "#all", "cullface": "up"}, "south": {"uv": [9, 5, 6, 6], "rotation": 180, "texture": "#all", "cullface": "up"}, "up": {"uv": [6, 3, 9, 6], "texture": "#all", "cullface": "up"}}}, {"from": [2, 16, 0], "to": [13, 16.5, 2], "rotation": {"angle": 0, "axis": "x", "origin": [8, 8, 8]}, "faces": {"north": {"uv": [13, 0, 2, 1], "texture": "#all", "cullface": "up"}, "south": {"uv": [13, 1, 2, 2], "rotation": 180, "texture": "#all", "cullface": "up"}, "up": {"uv": [2, 0, 13, 2], "texture": "#all", "cullface": "up"}}}, {"from": [2, 16, 13], "to": [13, 16.5, 15], "rotation": {"angle": 0, "axis": "x", "origin": [8, 8, 8]}, "faces": {"north": {"uv": [13, 13, 2, 14], "texture": "#all", "cullface": "up"}, "south": {"uv": [13, 14, 2, 15], "rotation": 180, "texture": "#all", "cullface": "up"}, "up": {"uv": [2, 13, 13, 15], "texture": "#all", "cullface": "up"}}}, {"from": [3, 16, 3], "to": [6, 16.5, 12], "rotation": {"angle": 0, "axis": "x", "origin": [8, 8, 8]}, "faces": {"north": {"uv": [6, 3, 3, 4], "texture": "#all", "cullface": "up"}, "east": {"uv": [5, 3, 6, 12], "rotation": 90, "texture": "#all", "cullface": "up"}, "south": {"uv": [6, 11, 3, 12], "rotation": 180, "texture": "#all", "cullface": "up"}, "west": {"uv": [3, 3, 4, 12], "rotation": 270, "texture": "#all", "cullface": "up"}, "up": {"uv": [3, 3, 6, 12], "texture": "#all", "cullface": "up"}}}, {"from": [13, -0.5, 1], "to": [15, 0, 16], "rotation": {"angle": 0, "axis": "x", "origin": [8, 8, 8]}, "faces": {"north": {"uv": [15, 14, 13, 15], "texture": "#all", "cullface": "down"}, "east": {"uv": [14, 0, 15, 15], "rotation": 270, "texture": "#all", "cullface": "down"}, "south": {"uv": [15, 0, 13, 1], "rotation": 180, "texture": "#all", "cullface": "down"}, "west": {"uv": [13, 0, 14, 15], "rotation": 90, "texture": "#all", "cullface": "down"}, "down": {"uv": [13, 0, 15, 15], "texture": "#all", "cullface": "down"}}}, {"from": [0, -0.5, 1], "to": [2, 0, 16], "rotation": {"angle": 0, "axis": "x", "origin": [8, 8, 8]}, "faces": {"north": {"uv": [2, 14, 0, 15], "texture": "#all", "cullface": "down"}, "east": {"uv": [1, 0, 2, 15], "rotation": 270, "texture": "#all", "cullface": "down"}, "south": {"uv": [2, 0, 0, 1], "rotation": 180, "texture": "#all", "cullface": "down"}, "west": {"uv": [0, 0, 1, 15], "rotation": 90, "texture": "#all", "cullface": "down"}, "down": {"uv": [0, 0, 2, 15], "texture": "#all", "cullface": "down"}}}, {"from": [9, -0.5, 4], "to": [12, 0, 13], "rotation": {"angle": 0, "axis": "x", "origin": [8, 8, 8]}, "faces": {"north": {"uv": [12, 11, 9, 12], "texture": "#all", "cullface": "down"}, "east": {"uv": [11, 3, 12, 12], "rotation": 270, "texture": "#all", "cullface": "down"}, "south": {"uv": [12, 3, 9, 4], "rotation": 180, "texture": "#all", "cullface": "down"}, "west": {"uv": [9, 3, 10, 12], "rotation": 90, "texture": "#all", "cullface": "down"}, "down": {"uv": [9, 3, 12, 12], "texture": "#all", "cullface": "down"}}}, {"from": [6, -0.5, 4], "to": [9, 0, 7], "rotation": {"angle": 0, "axis": "x", "origin": [8, 8, 8]}, "faces": {"north": {"uv": [9, 11, 6, 12], "texture": "#all", "cullface": "down"}, "south": {"uv": [9, 9, 6, 10], "rotation": 180, "texture": "#all", "cullface": "down"}, "down": {"uv": [6, 9, 9, 12], "texture": "#all", "cullface": "down"}}}, {"from": [6, -0.5, 10], "to": [9, 0, 13], "rotation": {"angle": 0, "axis": "x", "origin": [8, 8, 8]}, "faces": {"north": {"uv": [9, 5, 6, 6], "texture": "#all", "cullface": "down"}, "south": {"uv": [9, 3, 6, 4], "rotation": 180, "texture": "#all", "cullface": "down"}, "down": {"uv": [6, 3, 9, 6], "texture": "#all", "cullface": "down"}}}, {"from": [2, -0.5, 14], "to": [13, 0, 16], "rotation": {"angle": 0, "axis": "x", "origin": [8, 8, 8]}, "faces": {"north": {"uv": [13, 1, 2, 2], "texture": "#all", "cullface": "down"}, "south": {"uv": [13, 0, 2, 1], "rotation": 180, "texture": "#all", "cullface": "down"}, "down": {"uv": [2, 0, 13, 2], "texture": "#all", "cullface": "down"}}}, {"from": [2, -0.5, 1], "to": [13, 0, 3], "rotation": {"angle": 0, "axis": "x", "origin": [8, 8, 8]}, "faces": {"north": {"uv": [13, 14, 2, 15], "texture": "#all", "cullface": "down"}, "south": {"uv": [13, 13, 2, 14], "rotation": 180, "texture": "#all", "cullface": "down"}, "down": {"uv": [2, 13, 13, 15], "texture": "#all", "cullface": "down"}}}, {"from": [3, -0.5, 4], "to": [6, 0, 13], "rotation": {"angle": 0, "axis": "x", "origin": [8, 8, 8]}, "faces": {"north": {"uv": [6, 11, 3, 12], "texture": "#all", "cullface": "down"}, "east": {"uv": [5, 3, 6, 12], "rotation": 270, "texture": "#all", "cullface": "down"}, "south": {"uv": [6, 3, 3, 4], "rotation": 180, "texture": "#all", "cullface": "down"}, "west": {"uv": [3, 3, 4, 12], "rotation": 90, "texture": "#all", "cullface": "down"}, "down": {"uv": [3, 3, 6, 12], "texture": "#all", "cullface": "down"}}}], "groups": [0, {"name": "north", "origin": [0, 0, 0], "color": 0, "children": [1, 2, 3, 4, 5, 6, 7, 8]}, {"name": "east", "origin": [0, 0, 0], "color": 0, "children": [9, 10, 11, 12, 13, 14, 15, 16]}, {"name": "south", "origin": [0, 0, 0], "color": 0, "children": [17, 18, 19, 20, 21, 22, 23, 24]}, {"name": "west", "origin": [0, 0, 0], "color": 0, "children": [25, 26, 27, 28, 29, 30, 31, 32]}, {"name": "up", "origin": [0, 0, 0], "color": 0, "children": [33, 34, 35, 36, 37, 38, 39, 40]}, {"name": "down", "origin": [0, 0, 0], "color": 0, "children": [41, 42, 43, 44, 45, 46, 47, 48]}]}