{"parent": "block/cube_column", "textures": {"end": "block/red_sandstone_top", "side": "block/chiseled_red_sandstone"}, "elements": [{"from": [0, 0, 0], "to": [16, 16, 16], "faces": {"north": {"uv": [0, 0, 16, 16], "texture": "#side", "cullface": "north"}, "east": {"uv": [0, 0, 16, 16], "texture": "#side", "cullface": "east"}, "south": {"uv": [0, 0, 16, 16], "texture": "#side", "cullface": "south"}, "west": {"uv": [0, 0, 16, 16], "texture": "#side", "cullface": "west"}, "up": {"uv": [0, 0, 16, 16], "texture": "#end", "cullface": "up"}, "down": {"uv": [0, 0, 16, 16], "texture": "#end", "cullface": "down"}}}, {"from": [0.99, 1, -0.49], "to": [15.99, 2, 0.01], "faces": {"north": {"uv": [0, 14, 15, 15], "texture": "#side", "cullface": "north"}, "east": {"uv": [0, 14, 1, 15], "texture": "#side", "cullface": "north"}, "west": {"uv": [14, 14, 15, 15], "texture": "#side", "cullface": "north"}, "up": {"uv": [0, 14, 15, 15], "rotation": 180, "texture": "#side", "cullface": "north"}, "down": {"uv": [0, 14, 15, 15], "rotation": 180, "texture": "#side", "cullface": "north"}}}, {"from": [8.99, 2, -0.49], "to": [15.99, 3, 0.01], "faces": {"north": {"uv": [0, 13, 7, 14], "texture": "#side", "cullface": "north"}, "east": {"uv": [0, 13, 1, 14], "texture": "#side", "cullface": "north"}, "west": {"uv": [6, 13, 7, 14], "texture": "#side", "cullface": "north"}, "up": {"uv": [0, 13, 7, 14], "rotation": 180, "texture": "#side", "cullface": "north"}}}, {"from": [1, 2, -0.49], "to": [8, 3, 0.01], "faces": {"north": {"uv": [8, 13, 15, 14], "texture": "#side", "cullface": "north"}, "east": {"uv": [8, 13, 9, 14], "texture": "#side", "cullface": "north"}, "west": {"uv": [14, 13, 15, 14], "texture": "#side", "cullface": "north"}, "up": {"uv": [7, 0, 14, 1], "rotation": 180, "texture": "#side", "cullface": "north"}}}, {"from": [9.99, 3, -0.49], "to": [15.99, 4, 0.01], "faces": {"north": {"uv": [0, 12, 6, 13], "texture": "#side", "cullface": "north"}, "east": {"uv": [0, 12, 1, 13], "texture": "#side", "cullface": "north"}, "west": {"uv": [5, 12, 6, 13], "texture": "#side", "cullface": "north"}}}, {"from": [1, 3, -0.49], "to": [7, 4, 0.01], "faces": {"north": {"uv": [9, 12, 15, 13], "texture": "#side", "cullface": "north"}, "east": {"uv": [9, 12, 10, 13], "texture": "#side", "cullface": "north"}, "west": {"uv": [14, 12, 15, 13], "texture": "#side", "cullface": "north"}}}, {"from": [8.99, 4, -0.49], "to": [15.99, 5, 0.01], "faces": {"north": {"uv": [0, 11, 7, 12], "texture": "#side", "cullface": "north"}, "east": {"uv": [0, 11, 1, 12], "texture": "#side", "cullface": "north"}, "west": {"uv": [6, 11, 7, 12], "texture": "#side", "cullface": "north"}, "up": {"uv": [0, 11, 7, 12], "rotation": 180, "texture": "#side", "cullface": "north"}, "down": {"uv": [0, 11, 7, 12], "rotation": 180, "texture": "#side", "cullface": "north"}}}, {"from": [1, 4, -0.49], "to": [8, 5, 0.01], "faces": {"north": {"uv": [8, 11, 15, 12], "texture": "#side", "cullface": "north"}, "east": {"uv": [8, 11, 9, 12], "texture": "#side", "cullface": "north"}, "west": {"uv": [14, 11, 15, 12], "texture": "#side", "cullface": "north"}, "up": {"uv": [8, 11, 15, 12], "rotation": 180, "texture": "#side", "cullface": "north"}, "down": {"uv": [8, 11, 15, 12], "rotation": 180, "texture": "#side", "cullface": "north"}}}, {"from": [9.99, 5, -0.49], "to": [15.99, 6, 0.01], "faces": {"north": {"uv": [0, 10, 6, 11], "texture": "#side", "cullface": "north"}, "east": {"uv": [0, 10, 1, 11], "texture": "#side", "cullface": "north"}, "west": {"uv": [5, 10, 6, 11], "texture": "#side", "cullface": "north"}, "up": {"uv": [0, 10, 6, 11], "rotation": 180, "texture": "#side", "cullface": "north"}}}, {"from": [1, 5, -0.49], "to": [7, 6, 0.01], "faces": {"north": {"uv": [9, 10, 15, 11], "texture": "#side", "cullface": "north"}, "east": {"uv": [9, 10, 10, 11], "texture": "#side", "cullface": "north"}, "west": {"uv": [14, 10, 15, 11], "texture": "#side", "cullface": "north"}, "up": {"uv": [9, 10, 15, 11], "rotation": 180, "texture": "#side", "cullface": "north"}}}, {"from": [10.99, 7, -0.49], "to": [15.99, 8, 0.01], "faces": {"north": {"uv": [0, 8, 5, 9], "texture": "#side", "cullface": "north"}, "east": {"uv": [0, 8, 1, 9], "texture": "#side", "cullface": "north"}, "west": {"uv": [4, 8, 5, 9], "texture": "#side", "cullface": "north"}, "up": {"uv": [0, 8, 5, 9], "rotation": 180, "texture": "#side", "cullface": "north"}, "down": {"uv": [0, 8, 5, 9], "rotation": 180, "texture": "#side", "cullface": "north"}}}, {"from": [1, 7, -0.49], "to": [6, 8, 0.01], "faces": {"north": {"uv": [10, 8, 15, 9], "texture": "#side", "cullface": "north"}, "east": {"uv": [10, 8, 11, 9], "texture": "#side", "cullface": "north"}, "west": {"uv": [13, 8, 14, 9], "texture": "#side", "cullface": "north"}, "up": {"uv": [9, 10, 14, 11], "rotation": 180, "texture": "#side", "cullface": "north"}, "down": {"uv": [10, 8, 15, 9], "rotation": 180, "texture": "#side", "cullface": "north"}}}, {"from": [14.99, 8, -0.49], "to": [15.99, 11, 0.01], "faces": {"north": {"uv": [0, 5, 1, 8], "texture": "#side", "cullface": "north"}, "east": {"uv": [0, 5, 1, 8], "texture": "#side", "cullface": "north"}, "west": {"uv": [0, 5, 1, 8], "texture": "#side", "cullface": "north"}}}, {"from": [1, 8, -0.49], "to": [2, 11, 0.01], "faces": {"north": {"uv": [14, 5, 15, 8], "texture": "#side", "cullface": "north"}, "east": {"uv": [14, 5, 15, 8], "texture": "#side", "cullface": "north"}, "west": {"uv": [14, 5, 15, 8], "texture": "#side", "cullface": "north"}}}, {"from": [11, 9, -0.49], "to": [12, 11, 0.01], "faces": {"north": {"uv": [4, 5, 5, 7], "texture": "#side", "cullface": "north"}, "east": {"uv": [4, 5, 5, 7], "texture": "#side", "cullface": "north"}, "west": {"uv": [4, 5, 5, 7], "texture": "#side", "cullface": "north"}, "down": {"uv": [4, 6, 5, 7], "rotation": 180, "texture": "#side", "cullface": "north"}}}, {"from": [5, 9, -0.49], "to": [6, 11, 0.01], "faces": {"north": {"uv": [10, 5, 11, 7], "texture": "#side", "cullface": "north"}, "east": {"uv": [10, 5, 11, 7], "texture": "#side", "cullface": "north"}, "west": {"uv": [10, 5, 11, 7], "texture": "#side", "cullface": "north"}, "down": {"uv": [10, 6, 11, 7], "rotation": 180, "texture": "#side", "cullface": "north"}}}, {"from": [10.99, 11, -0.49], "to": [15.99, 12, 0.01], "faces": {"north": {"uv": [0, 4, 5, 5], "texture": "#side", "cullface": "north"}, "east": {"uv": [0, 4, 1, 5], "texture": "#side", "cullface": "north"}, "west": {"uv": [4, 4, 5, 5], "texture": "#side", "cullface": "north"}, "down": {"uv": [0, 4, 5, 5], "rotation": 180, "texture": "#side", "cullface": "north"}}}, {"from": [1, 11, -0.49], "to": [6, 12, 0.01], "faces": {"north": {"uv": [10, 4, 15, 5], "texture": "#side", "cullface": "north"}, "east": {"uv": [10, 4, 11, 5], "texture": "#side", "cullface": "north"}, "west": {"uv": [14, 3, 15, 4], "texture": "#side", "cullface": "north"}, "down": {"uv": [10, 4, 15, 5], "rotation": 180, "texture": "#side", "cullface": "north"}}}, {"from": [0.99, 12, -0.49], "to": [15.99, 13, 0.01], "faces": {"north": {"uv": [0, 3, 15, 4], "texture": "#side", "cullface": "north"}, "east": {"uv": [0, 3, 1, 4], "texture": "#side", "cullface": "north"}, "west": {"uv": [14, 3, 15, 4], "texture": "#side", "cullface": "north"}, "up": {"uv": [0, 3, 15, 4], "rotation": 180, "texture": "#side", "cullface": "north"}, "down": {"uv": [0, 3, 15, 4], "rotation": 180, "texture": "#side", "cullface": "north"}}}, {"from": [0, 13.99, -0.49], "to": [16, 15.99, 0.01], "faces": {"north": {"uv": [0, 0, 16, 2], "texture": "#side", "cullface": "north"}, "east": {"uv": [0, 0, 1, 2], "texture": "#side", "cullface": "north"}, "west": {"uv": [15, 0, 16, 2], "texture": "#side", "cullface": "north"}, "up": {"uv": [0, 0, 16, 1], "rotation": 180, "texture": "#side", "cullface": "north"}, "down": {"uv": [0, 1, 16, 2], "rotation": 180, "texture": "#side", "cullface": "north"}}}, {"from": [15.99, 1, 0.99], "to": [16.49, 2, 15.99], "faces": {"north": {"uv": [14, 14, 15, 15], "texture": "#side", "cullface": "east"}, "east": {"uv": [0, 14, 15, 15], "texture": "#side", "cullface": "east"}, "south": {"uv": [0, 14, 1, 15], "texture": "#side", "cullface": "east"}, "up": {"uv": [0, 14, 15, 15], "rotation": 270, "texture": "#side", "cullface": "east"}, "down": {"uv": [0, 14, 15, 15], "rotation": 90, "texture": "#side", "cullface": "east"}}}, {"from": [15.99, 2, 8.99], "to": [16.49, 3, 15.99], "faces": {"north": {"uv": [6, 13, 7, 14], "texture": "#side", "cullface": "east"}, "east": {"uv": [0, 13, 7, 14], "texture": "#side", "cullface": "east"}, "south": {"uv": [0, 13, 1, 14], "texture": "#side", "cullface": "east"}, "up": {"uv": [0, 13, 7, 14], "rotation": 270, "texture": "#side", "cullface": "east"}}}, {"from": [15.99, 2, 1], "to": [16.49, 3, 8], "faces": {"north": {"uv": [14, 13, 15, 14], "texture": "#side", "cullface": "east"}, "east": {"uv": [8, 13, 15, 14], "texture": "#side", "cullface": "east"}, "south": {"uv": [8, 13, 9, 14], "texture": "#side", "cullface": "east"}, "up": {"uv": [7, 0, 14, 1], "rotation": 270, "texture": "#side", "cullface": "east"}}}, {"from": [15.99, 3, 9.99], "to": [16.49, 4, 15.99], "faces": {"north": {"uv": [5, 12, 6, 13], "texture": "#side", "cullface": "east"}, "east": {"uv": [0, 12, 6, 13], "texture": "#side", "cullface": "east"}, "south": {"uv": [0, 12, 1, 13], "texture": "#side", "cullface": "east"}}}, {"from": [15.99, 3, 1], "to": [16.49, 4, 7], "faces": {"north": {"uv": [14, 12, 15, 13], "texture": "#side", "cullface": "east"}, "east": {"uv": [9, 12, 15, 13], "texture": "#side", "cullface": "east"}, "south": {"uv": [9, 12, 10, 13], "texture": "#side", "cullface": "east"}}}, {"from": [15.99, 4, 8.99], "to": [16.49, 5, 15.99], "faces": {"north": {"uv": [6, 11, 7, 12], "texture": "#side", "cullface": "east"}, "east": {"uv": [0, 11, 7, 12], "texture": "#side", "cullface": "east"}, "south": {"uv": [0, 11, 1, 12], "texture": "#side", "cullface": "east"}, "up": {"uv": [0, 11, 7, 12], "rotation": 270, "texture": "#side", "cullface": "east"}, "down": {"uv": [0, 11, 7, 12], "rotation": 90, "texture": "#side", "cullface": "east"}}}, {"from": [15.99, 4, 1], "to": [16.49, 5, 8], "faces": {"north": {"uv": [14, 11, 15, 12], "texture": "#side", "cullface": "east"}, "east": {"uv": [8, 11, 15, 12], "texture": "#side", "cullface": "east"}, "south": {"uv": [8, 11, 9, 12], "texture": "#side", "cullface": "east"}, "up": {"uv": [8, 11, 15, 12], "rotation": 270, "texture": "#side", "cullface": "east"}, "down": {"uv": [8, 11, 15, 12], "rotation": 90, "texture": "#side", "cullface": "east"}}}, {"from": [15.99, 5, 9.99], "to": [16.49, 6, 15.99], "faces": {"north": {"uv": [5, 10, 6, 11], "texture": "#side", "cullface": "east"}, "east": {"uv": [0, 10, 6, 11], "texture": "#side", "cullface": "east"}, "south": {"uv": [0, 10, 1, 11], "texture": "#side", "cullface": "east"}, "up": {"uv": [0, 10, 6, 11], "rotation": 270, "texture": "#side", "cullface": "east"}}}, {"from": [15.99, 5, 1], "to": [16.49, 6, 7], "faces": {"north": {"uv": [14, 10, 15, 11], "texture": "#side", "cullface": "east"}, "east": {"uv": [9, 10, 15, 11], "texture": "#side", "cullface": "east"}, "south": {"uv": [9, 10, 10, 11], "texture": "#side", "cullface": "east"}, "up": {"uv": [9, 10, 15, 11], "rotation": 270, "texture": "#side", "cullface": "east"}}}, {"from": [15.99, 7, 10.99], "to": [16.49, 8, 15.99], "faces": {"north": {"uv": [4, 8, 5, 9], "texture": "#side", "cullface": "east"}, "east": {"uv": [0, 8, 5, 9], "texture": "#side", "cullface": "east"}, "south": {"uv": [0, 8, 1, 9], "texture": "#side", "cullface": "east"}, "up": {"uv": [0, 8, 5, 9], "rotation": 270, "texture": "#side", "cullface": "east"}, "down": {"uv": [0, 8, 5, 9], "rotation": 90, "texture": "#side", "cullface": "east"}}}, {"from": [15.99, 7, 1], "to": [16.49, 8, 6], "faces": {"north": {"uv": [13, 8, 14, 9], "texture": "#side", "cullface": "east"}, "east": {"uv": [10, 8, 15, 9], "texture": "#side", "cullface": "east"}, "south": {"uv": [10, 8, 11, 9], "texture": "#side", "cullface": "east"}, "up": {"uv": [9, 10, 14, 11], "rotation": 270, "texture": "#side", "cullface": "east"}, "down": {"uv": [10, 8, 15, 9], "rotation": 90, "texture": "#side", "cullface": "east"}}}, {"from": [15.99, 8, 14.99], "to": [16.49, 11, 15.99], "faces": {"north": {"uv": [0, 5, 1, 8], "texture": "#side", "cullface": "east"}, "east": {"uv": [0, 5, 1, 8], "texture": "#side", "cullface": "east"}, "south": {"uv": [0, 5, 1, 8], "texture": "#side", "cullface": "east"}}}, {"from": [15.99, 8, 1], "to": [16.49, 11, 2], "faces": {"north": {"uv": [14, 5, 15, 8], "texture": "#side", "cullface": "east"}, "east": {"uv": [14, 5, 15, 8], "texture": "#side", "cullface": "east"}, "south": {"uv": [14, 5, 15, 8], "texture": "#side", "cullface": "east"}}}, {"from": [15.99, 9, 11], "to": [16.49, 11, 12], "faces": {"north": {"uv": [4, 5, 5, 7], "texture": "#side", "cullface": "east"}, "east": {"uv": [4, 5, 5, 7], "texture": "#side", "cullface": "east"}, "south": {"uv": [4, 5, 5, 7], "texture": "#side", "cullface": "east"}, "down": {"uv": [4, 6, 5, 7], "rotation": 90, "texture": "#side", "cullface": "east"}}}, {"from": [15.99, 9, 5], "to": [16.49, 11, 6], "faces": {"north": {"uv": [10, 5, 11, 7], "texture": "#side", "cullface": "east"}, "east": {"uv": [10, 5, 11, 7], "texture": "#side", "cullface": "east"}, "south": {"uv": [10, 5, 11, 7], "texture": "#side", "cullface": "east"}, "down": {"uv": [10, 6, 11, 7], "rotation": 90, "texture": "#side", "cullface": "east"}}}, {"from": [15.99, 11, 10.99], "to": [16.49, 12, 15.99], "faces": {"north": {"uv": [4, 4, 5, 5], "texture": "#side", "cullface": "east"}, "east": {"uv": [0, 4, 5, 5], "texture": "#side", "cullface": "east"}, "south": {"uv": [0, 4, 1, 5], "texture": "#side", "cullface": "east"}, "down": {"uv": [0, 4, 5, 5], "rotation": 90, "texture": "#side", "cullface": "east"}}}, {"from": [15.99, 11, 1], "to": [16.49, 12, 6], "faces": {"north": {"uv": [14, 3, 15, 4], "texture": "#side", "cullface": "east"}, "east": {"uv": [10, 4, 15, 5], "texture": "#side", "cullface": "east"}, "south": {"uv": [10, 4, 11, 5], "texture": "#side", "cullface": "east"}, "down": {"uv": [10, 4, 15, 5], "rotation": 90, "texture": "#side", "cullface": "east"}}}, {"from": [15.99, 12, 0.99], "to": [16.49, 13, 15.99], "faces": {"north": {"uv": [14, 3, 15, 4], "texture": "#side", "cullface": "east"}, "east": {"uv": [0, 3, 15, 4], "texture": "#side", "cullface": "east"}, "south": {"uv": [0, 3, 1, 4], "texture": "#side", "cullface": "east"}, "up": {"uv": [0, 3, 15, 4], "rotation": 270, "texture": "#side", "cullface": "east"}, "down": {"uv": [0, 3, 15, 4], "rotation": 90, "texture": "#side", "cullface": "east"}}}, {"from": [15.99, 13.99, 0], "to": [16.49, 15.99, 16], "faces": {"north": {"uv": [15, 0, 16, 2], "texture": "#side", "cullface": "east"}, "east": {"uv": [0, 0, 16, 2], "texture": "#side", "cullface": "east"}, "south": {"uv": [0, 0, 1, 2], "texture": "#side", "cullface": "east"}, "up": {"uv": [0, 0, 16, 1], "rotation": 270, "texture": "#side", "cullface": "east"}, "down": {"uv": [0, 1, 16, 2], "rotation": 90, "texture": "#side", "cullface": "east"}}}, {"from": [0.01, 1, 15.99], "to": [15.01, 2, 16.49], "faces": {"east": {"uv": [14, 14, 15, 15], "texture": "#side", "cullface": "south"}, "south": {"uv": [0, 14, 15, 15], "texture": "#side", "cullface": "south"}, "west": {"uv": [0, 14, 1, 15], "texture": "#side", "cullface": "south"}, "up": {"uv": [0, 14, 15, 15], "texture": "#side", "cullface": "south"}, "down": {"uv": [0, 14, 15, 15], "texture": "#side", "cullface": "south"}}}, {"from": [0.01, 2, 15.99], "to": [7.01, 3, 16.49], "faces": {"east": {"uv": [6, 13, 7, 14], "texture": "#side", "cullface": "south"}, "south": {"uv": [0, 13, 7, 14], "texture": "#side", "cullface": "south"}, "west": {"uv": [0, 13, 1, 14], "texture": "#side", "cullface": "south"}, "up": {"uv": [0, 13, 7, 14], "texture": "#side", "cullface": "south"}}}, {"from": [8, 2, 15.99], "to": [15, 3, 16.49], "faces": {"east": {"uv": [14, 13, 15, 14], "texture": "#side", "cullface": "south"}, "south": {"uv": [8, 13, 15, 14], "texture": "#side", "cullface": "south"}, "west": {"uv": [8, 13, 9, 14], "texture": "#side", "cullface": "south"}, "up": {"uv": [7, 0, 14, 1], "texture": "#side", "cullface": "south"}}}, {"from": [0.01, 3, 15.99], "to": [6.01, 4, 16.49], "faces": {"east": {"uv": [5, 12, 6, 13], "texture": "#side", "cullface": "south"}, "south": {"uv": [0, 12, 6, 13], "texture": "#side", "cullface": "south"}, "west": {"uv": [0, 12, 1, 13], "texture": "#side", "cullface": "south"}}}, {"from": [9, 3, 15.99], "to": [15, 4, 16.49], "faces": {"east": {"uv": [14, 12, 15, 13], "texture": "#side", "cullface": "south"}, "south": {"uv": [9, 12, 15, 13], "texture": "#side", "cullface": "south"}, "west": {"uv": [9, 12, 10, 13], "texture": "#side", "cullface": "south"}}}, {"from": [0.01, 4, 15.99], "to": [7.01, 5, 16.49], "faces": {"east": {"uv": [6, 11, 7, 12], "texture": "#side", "cullface": "south"}, "south": {"uv": [0, 11, 7, 12], "texture": "#side", "cullface": "south"}, "west": {"uv": [0, 11, 1, 12], "texture": "#side", "cullface": "south"}, "up": {"uv": [0, 11, 7, 12], "texture": "#side", "cullface": "south"}, "down": {"uv": [0, 11, 7, 12], "texture": "#side", "cullface": "south"}}}, {"from": [8, 4, 15.99], "to": [15, 5, 16.49], "faces": {"east": {"uv": [14, 11, 15, 12], "texture": "#side", "cullface": "south"}, "south": {"uv": [8, 11, 15, 12], "texture": "#side", "cullface": "south"}, "west": {"uv": [8, 11, 9, 12], "texture": "#side", "cullface": "south"}, "up": {"uv": [8, 11, 15, 12], "texture": "#side", "cullface": "south"}, "down": {"uv": [8, 11, 15, 12], "texture": "#side", "cullface": "south"}}}, {"from": [0.01, 5, 15.99], "to": [6.01, 6, 16.49], "faces": {"east": {"uv": [5, 10, 6, 11], "texture": "#side", "cullface": "south"}, "south": {"uv": [0, 10, 6, 11], "texture": "#side", "cullface": "south"}, "west": {"uv": [0, 10, 1, 11], "texture": "#side", "cullface": "south"}, "up": {"uv": [0, 10, 6, 11], "texture": "#side", "cullface": "south"}}}, {"from": [9, 5, 15.99], "to": [15, 6, 16.49], "faces": {"east": {"uv": [14, 10, 15, 11], "texture": "#side", "cullface": "south"}, "south": {"uv": [9, 10, 15, 11], "texture": "#side", "cullface": "south"}, "west": {"uv": [9, 10, 10, 11], "texture": "#side", "cullface": "south"}, "up": {"uv": [9, 10, 15, 11], "texture": "#side", "cullface": "south"}}}, {"from": [0.01, 7, 15.99], "to": [5.01, 8, 16.49], "faces": {"east": {"uv": [4, 8, 5, 9], "texture": "#side", "cullface": "south"}, "south": {"uv": [0, 8, 5, 9], "texture": "#side", "cullface": "south"}, "west": {"uv": [0, 8, 1, 9], "texture": "#side", "cullface": "south"}, "up": {"uv": [0, 8, 5, 9], "texture": "#side", "cullface": "south"}, "down": {"uv": [0, 8, 5, 9], "texture": "#side", "cullface": "south"}}}, {"from": [10, 7, 15.99], "to": [15, 8, 16.49], "faces": {"east": {"uv": [13, 8, 14, 9], "texture": "#side", "cullface": "south"}, "south": {"uv": [10, 8, 15, 9], "texture": "#side", "cullface": "south"}, "west": {"uv": [10, 8, 11, 9], "texture": "#side", "cullface": "south"}, "up": {"uv": [9, 10, 14, 11], "texture": "#side", "cullface": "south"}, "down": {"uv": [10, 8, 15, 9], "texture": "#side", "cullface": "south"}}}, {"from": [0.01, 8, 15.99], "to": [1.01, 11, 16.49], "faces": {"east": {"uv": [0, 5, 1, 8], "texture": "#side", "cullface": "south"}, "south": {"uv": [0, 5, 1, 8], "texture": "#side", "cullface": "south"}, "west": {"uv": [0, 5, 1, 8], "texture": "#side", "cullface": "south"}}}, {"from": [14, 8, 15.99], "to": [15, 11, 16.49], "faces": {"east": {"uv": [14, 5, 15, 8], "texture": "#side", "cullface": "south"}, "south": {"uv": [14, 5, 15, 8], "texture": "#side", "cullface": "south"}, "west": {"uv": [14, 5, 15, 8], "texture": "#side", "cullface": "south"}}}, {"from": [4, 9, 15.99], "to": [5, 11, 16.49], "faces": {"east": {"uv": [4, 5, 5, 7], "texture": "#side", "cullface": "south"}, "south": {"uv": [4, 5, 5, 7], "texture": "#side", "cullface": "south"}, "west": {"uv": [4, 5, 5, 7], "texture": "#side", "cullface": "south"}, "down": {"uv": [4, 6, 5, 7], "texture": "#side", "cullface": "south"}}}, {"from": [10, 9, 15.99], "to": [11, 11, 16.49], "faces": {"east": {"uv": [10, 5, 11, 7], "texture": "#side", "cullface": "south"}, "south": {"uv": [10, 5, 11, 7], "texture": "#side", "cullface": "south"}, "west": {"uv": [10, 5, 11, 7], "texture": "#side", "cullface": "south"}, "down": {"uv": [10, 6, 11, 7], "texture": "#side", "cullface": "south"}}}, {"from": [0.01, 11, 15.99], "to": [5.01, 12, 16.49], "faces": {"east": {"uv": [4, 4, 5, 5], "texture": "#side", "cullface": "south"}, "south": {"uv": [0, 4, 5, 5], "texture": "#side", "cullface": "south"}, "west": {"uv": [0, 4, 1, 5], "texture": "#side", "cullface": "south"}, "down": {"uv": [0, 4, 5, 5], "texture": "#side", "cullface": "south"}}}, {"from": [10, 11, 15.99], "to": [15, 12, 16.49], "faces": {"east": {"uv": [14, 3, 15, 4], "texture": "#side", "cullface": "south"}, "south": {"uv": [10, 4, 15, 5], "texture": "#side", "cullface": "south"}, "west": {"uv": [10, 4, 11, 5], "texture": "#side", "cullface": "south"}, "down": {"uv": [10, 4, 15, 5], "texture": "#side", "cullface": "south"}}}, {"from": [0.01, 12, 15.99], "to": [15.01, 13, 16.49], "faces": {"east": {"uv": [14, 3, 15, 4], "texture": "#side", "cullface": "south"}, "south": {"uv": [0, 3, 15, 4], "texture": "#side", "cullface": "south"}, "west": {"uv": [0, 3, 1, 4], "texture": "#side", "cullface": "south"}, "up": {"uv": [0, 3, 15, 4], "texture": "#side", "cullface": "south"}, "down": {"uv": [0, 3, 15, 4], "texture": "#side", "cullface": "south"}}}, {"from": [0, 13.99, 15.99], "to": [16, 15.99, 16.49], "faces": {"east": {"uv": [15, 0, 16, 2], "texture": "#side", "cullface": "south"}, "south": {"uv": [0, 0, 16, 2], "texture": "#side", "cullface": "south"}, "west": {"uv": [0, 0, 1, 2], "texture": "#side", "cullface": "south"}, "up": {"uv": [0, 0, 16, 1], "texture": "#side", "cullface": "south"}, "down": {"uv": [0, 1, 16, 2], "texture": "#side", "cullface": "south"}}}, {"from": [-0.49, 1, 0.01], "to": [0.01, 2, 15.01], "faces": {"north": {"uv": [0, 14, 1, 15], "texture": "#side", "cullface": "west"}, "south": {"uv": [14, 14, 15, 15], "texture": "#side", "cullface": "west"}, "west": {"uv": [0, 14, 15, 15], "texture": "#side", "cullface": "west"}, "up": {"uv": [0, 14, 15, 15], "rotation": 90, "texture": "#side", "cullface": "west"}, "down": {"uv": [0, 14, 15, 15], "rotation": 270, "texture": "#side", "cullface": "west"}}}, {"from": [-0.49, 2, 0.01], "to": [0.01, 3, 7.01], "faces": {"north": {"uv": [0, 13, 1, 14], "texture": "#side", "cullface": "west"}, "south": {"uv": [6, 13, 7, 14], "texture": "#side", "cullface": "west"}, "west": {"uv": [0, 13, 7, 14], "texture": "#side", "cullface": "west"}, "up": {"uv": [0, 13, 7, 14], "rotation": 90, "texture": "#side", "cullface": "west"}}}, {"from": [-0.49, 2, 8], "to": [0.01, 3, 15], "faces": {"north": {"uv": [8, 13, 9, 14], "texture": "#side", "cullface": "west"}, "south": {"uv": [14, 13, 15, 14], "texture": "#side", "cullface": "west"}, "west": {"uv": [8, 13, 15, 14], "texture": "#side", "cullface": "west"}, "up": {"uv": [7, 0, 14, 1], "rotation": 90, "texture": "#side", "cullface": "west"}}}, {"from": [-0.49, 3, 0.01], "to": [0.01, 4, 6.01], "faces": {"north": {"uv": [0, 12, 1, 13], "texture": "#side", "cullface": "west"}, "south": {"uv": [5, 12, 6, 13], "texture": "#side", "cullface": "west"}, "west": {"uv": [0, 12, 6, 13], "texture": "#side", "cullface": "west"}}}, {"from": [-0.49, 3, 9], "to": [0.01, 4, 15], "faces": {"north": {"uv": [9, 12, 10, 13], "texture": "#side", "cullface": "west"}, "south": {"uv": [14, 12, 15, 13], "texture": "#side", "cullface": "west"}, "west": {"uv": [9, 12, 15, 13], "texture": "#side", "cullface": "west"}}}, {"from": [-0.49, 4, 0.01], "to": [0.01, 5, 7.01], "faces": {"north": {"uv": [0, 11, 1, 12], "texture": "#side", "cullface": "west"}, "south": {"uv": [6, 11, 7, 12], "texture": "#side", "cullface": "west"}, "west": {"uv": [0, 11, 7, 12], "texture": "#side", "cullface": "west"}, "up": {"uv": [0, 11, 7, 12], "rotation": 90, "texture": "#side", "cullface": "west"}, "down": {"uv": [0, 11, 7, 12], "rotation": 270, "texture": "#side", "cullface": "west"}}}, {"from": [-0.49, 4, 8], "to": [0.01, 5, 15], "faces": {"north": {"uv": [8, 11, 9, 12], "texture": "#side", "cullface": "west"}, "south": {"uv": [14, 11, 15, 12], "texture": "#side", "cullface": "west"}, "west": {"uv": [8, 11, 15, 12], "texture": "#side", "cullface": "west"}, "up": {"uv": [8, 11, 15, 12], "rotation": 90, "texture": "#side", "cullface": "west"}, "down": {"uv": [8, 11, 15, 12], "rotation": 270, "texture": "#side", "cullface": "west"}}}, {"from": [-0.49, 5, 0.01], "to": [0.01, 6, 6.01], "faces": {"north": {"uv": [0, 10, 1, 11], "texture": "#side", "cullface": "west"}, "south": {"uv": [5, 10, 6, 11], "texture": "#side", "cullface": "west"}, "west": {"uv": [0, 10, 6, 11], "texture": "#side", "cullface": "west"}, "up": {"uv": [0, 10, 6, 11], "rotation": 90, "texture": "#side", "cullface": "west"}}}, {"from": [-0.49, 5, 9], "to": [0.01, 6, 15], "faces": {"north": {"uv": [9, 10, 10, 11], "texture": "#side", "cullface": "west"}, "south": {"uv": [14, 10, 15, 11], "texture": "#side", "cullface": "west"}, "west": {"uv": [9, 10, 15, 11], "texture": "#side", "cullface": "west"}, "up": {"uv": [9, 10, 15, 11], "rotation": 90, "texture": "#side", "cullface": "west"}}}, {"from": [-0.49, 7, 0.01], "to": [0.01, 8, 5.01], "faces": {"north": {"uv": [0, 8, 1, 9], "texture": "#side", "cullface": "west"}, "south": {"uv": [4, 8, 5, 9], "texture": "#side", "cullface": "west"}, "west": {"uv": [0, 8, 5, 9], "texture": "#side", "cullface": "west"}, "up": {"uv": [0, 8, 5, 9], "rotation": 90, "texture": "#side", "cullface": "west"}, "down": {"uv": [0, 8, 5, 9], "rotation": 270, "texture": "#side", "cullface": "west"}}}, {"from": [-0.49, 7, 10], "to": [0.01, 8, 15], "faces": {"north": {"uv": [10, 8, 11, 9], "texture": "#side", "cullface": "west"}, "south": {"uv": [13, 8, 14, 9], "texture": "#side", "cullface": "west"}, "west": {"uv": [10, 8, 15, 9], "texture": "#side", "cullface": "west"}, "up": {"uv": [9, 10, 14, 11], "rotation": 90, "texture": "#side", "cullface": "west"}, "down": {"uv": [10, 8, 15, 9], "rotation": 270, "texture": "#side", "cullface": "west"}}}, {"from": [-0.49, 8, 0.01], "to": [0.01, 11, 1.01], "faces": {"north": {"uv": [0, 5, 1, 8], "texture": "#side", "cullface": "west"}, "south": {"uv": [0, 5, 1, 8], "texture": "#side", "cullface": "west"}, "west": {"uv": [0, 5, 1, 8], "texture": "#side", "cullface": "west"}}}, {"from": [-0.49, 8, 14], "to": [0.01, 11, 15], "faces": {"north": {"uv": [14, 5, 15, 8], "texture": "#side", "cullface": "west"}, "south": {"uv": [14, 5, 15, 8], "texture": "#side", "cullface": "west"}, "west": {"uv": [14, 5, 15, 8], "texture": "#side", "cullface": "west"}}}, {"from": [-0.49, 9, 4], "to": [0.01, 11, 5], "faces": {"north": {"uv": [4, 5, 5, 7], "texture": "#side", "cullface": "west"}, "south": {"uv": [4, 5, 5, 7], "texture": "#side", "cullface": "west"}, "west": {"uv": [4, 5, 5, 7], "texture": "#side", "cullface": "west"}, "down": {"uv": [4, 6, 5, 7], "rotation": 270, "texture": "#side", "cullface": "west"}}}, {"from": [-0.49, 9, 10], "to": [0.01, 11, 11], "faces": {"north": {"uv": [10, 5, 11, 7], "texture": "#side", "cullface": "west"}, "south": {"uv": [10, 5, 11, 7], "texture": "#side", "cullface": "west"}, "west": {"uv": [10, 5, 11, 7], "texture": "#side", "cullface": "west"}, "down": {"uv": [10, 6, 11, 7], "rotation": 270, "texture": "#side", "cullface": "west"}}}, {"from": [-0.49, 11, 0.01], "to": [0.01, 12, 5.01], "faces": {"north": {"uv": [0, 4, 1, 5], "texture": "#side", "cullface": "west"}, "south": {"uv": [4, 4, 5, 5], "texture": "#side", "cullface": "west"}, "west": {"uv": [0, 4, 5, 5], "texture": "#side", "cullface": "west"}, "down": {"uv": [0, 4, 5, 5], "rotation": 270, "texture": "#side", "cullface": "west"}}}, {"from": [-0.49, 11, 10], "to": [0.01, 12, 15], "faces": {"north": {"uv": [10, 4, 11, 5], "texture": "#side", "cullface": "west"}, "south": {"uv": [14, 3, 15, 4], "texture": "#side", "cullface": "west"}, "west": {"uv": [10, 4, 15, 5], "texture": "#side", "cullface": "west"}, "down": {"uv": [10, 4, 15, 5], "rotation": 270, "texture": "#side", "cullface": "west"}}}, {"from": [-0.49, 12, 0.01], "to": [0.01, 13, 15.01], "faces": {"north": {"uv": [0, 3, 1, 4], "texture": "#side", "cullface": "west"}, "south": {"uv": [14, 3, 15, 4], "texture": "#side", "cullface": "west"}, "west": {"uv": [0, 3, 15, 4], "texture": "#side", "cullface": "west"}, "up": {"uv": [0, 3, 15, 4], "rotation": 90, "texture": "#side", "cullface": "west"}, "down": {"uv": [0, 3, 15, 4], "rotation": 270, "texture": "#side", "cullface": "west"}}}, {"from": [-0.49, 13.99, 0], "to": [0.01, 15.99, 16], "faces": {"north": {"uv": [0, 0, 1, 2], "texture": "#side", "cullface": "west"}, "south": {"uv": [15, 0, 16, 2], "texture": "#side", "cullface": "west"}, "west": {"uv": [0, 0, 16, 2], "texture": "#side", "cullface": "west"}, "up": {"uv": [0, 0, 16, 1], "rotation": 90, "texture": "#side", "cullface": "west"}, "down": {"uv": [0, 1, 16, 2], "rotation": 270, "texture": "#side", "cullface": "west"}}}], "groups": [0, {"name": "north", "origin": [8, 8, 8], "children": [1, 2, 3, 4, 5, 6, 7, 8, 9, 10, 11, 12, 13, 14, 15, 16, 17, 18, 19]}, {"name": "east", "origin": [8, 8, 8], "children": [20, 21, 22, 23, 24, 25, 26, 27, 28, 29, 30, 31, 32, 33, 34, 35, 36, 37, 38]}, {"name": "south", "origin": [8, 8, 8], "children": [39, 40, 41, 42, 43, 44, 45, 46, 47, 48, 49, 50, 51, 52, 53, 54, 55, 56, 57]}, {"name": "west", "origin": [8, 8, 8], "children": [58, 59, 60, 61, 62, 63, 64, 65, 66, 67, 68, 69, 70, 71, 72, 73, 74, 75, 76]}]}