{"parent": "block/cube_column", "textures": {"end": "block/sandstone_top", "side": "block/chiseled_sandstone"}, "elements": [{"from": [0, 0, 0], "to": [16, 16, 16], "faces": {"north": {"uv": [0, 0, 16, 16], "texture": "#side", "cullface": "north"}, "east": {"uv": [0, 0, 16, 16], "texture": "#side", "cullface": "east"}, "south": {"uv": [0, 0, 16, 16], "texture": "#side", "cullface": "south"}, "west": {"uv": [0, 0, 16, 16], "texture": "#side", "cullface": "west"}, "up": {"uv": [0, 0, 16, 16], "texture": "#end", "cullface": "up"}, "down": {"uv": [0, 0, 16, 16], "texture": "#end", "cullface": "down"}}}, {"from": [0.99, 1, -0.49], "to": [15.99, 6, 0.01], "faces": {"north": {"uv": [0, 10, 15, 15], "texture": "#side", "cullface": "north"}, "east": {"uv": [0, 10, 1, 15], "texture": "#side", "cullface": "north"}, "west": {"uv": [14, 10, 15, 15], "texture": "#side", "cullface": "north"}, "up": {"uv": [0, 10, 15, 11], "rotation": 180, "texture": "#side", "cullface": "north"}, "down": {"uv": [0, 14, 15, 15], "rotation": 180, "texture": "#side", "cullface": "north"}}}, {"from": [9.99, 7, -0.49], "to": [15.99, 10, 0.01], "faces": {"north": {"uv": [0, 6, 6, 9], "texture": "#side", "cullface": "north"}, "east": {"uv": [0, 6, 1, 9], "texture": "#side", "cullface": "north"}, "west": {"uv": [5, 6, 6, 9], "texture": "#side", "cullface": "north"}, "up": {"uv": [0, 6, 6, 7], "rotation": 180, "texture": "#side", "cullface": "north"}, "down": {"uv": [0, 8, 6, 9], "rotation": 180, "texture": "#side", "cullface": "north"}}}, {"from": [10.99, 10, -0.49], "to": [15.99, 13, 0.01], "faces": {"north": {"uv": [0, 3, 5, 6], "texture": "#side", "cullface": "north"}, "east": {"uv": [0, 3, 1, 6], "texture": "#side", "cullface": "north"}, "west": {"uv": [4, 3, 5, 6], "texture": "#side", "cullface": "north"}, "up": {"uv": [0, 3, 5, 4], "rotation": 180, "texture": "#side", "cullface": "north"}}}, {"from": [0, 13.99, -0.49], "to": [16, 15.99, 0.01], "faces": {"north": {"uv": [0, 0, 16, 2], "texture": "#side", "cullface": "north"}, "east": {"uv": [0, 0, 1, 2], "texture": "#side", "cullface": "north"}, "west": {"uv": [15, 0, 16, 2], "texture": "#side", "cullface": "north"}, "up": {"uv": [0, 0, 16, 1], "rotation": 180, "texture": "#side", "cullface": "north"}, "down": {"uv": [0, 1, 16, 2], "rotation": 180, "texture": "#side", "cullface": "north"}}}, {"from": [5, 12, -0.49], "to": [11, 13, 0.01], "faces": {"north": {"uv": [5, 3, 11, 4], "texture": "#side", "cullface": "north"}, "up": {"uv": [5, 3, 11, 4], "rotation": 180, "texture": "#side", "cullface": "north"}, "down": {"uv": [5, 3, 11, 4], "rotation": 180, "texture": "#side", "cullface": "north"}}}, {"from": [1, 7, -0.49], "to": [5, 13, 0.01], "faces": {"north": {"uv": [11, 3, 15, 9], "texture": "#side", "cullface": "north"}, "east": {"uv": [11, 3, 12, 9], "texture": "#side", "cullface": "north"}, "west": {"uv": [14, 3, 15, 9], "texture": "#side", "cullface": "north"}, "up": {"uv": [11, 3, 15, 4], "rotation": 180, "texture": "#side", "cullface": "north"}, "down": {"uv": [11, 8, 15, 9], "rotation": 180, "texture": "#side", "cullface": "north"}}}, {"from": [7, 10, -0.49], "to": [9, 12, 0.01], "faces": {"north": {"uv": [7, 4, 9, 6], "texture": "#side", "cullface": "north"}, "east": {"uv": [7, 4, 8, 6], "texture": "#side", "cullface": "north"}, "west": {"uv": [8, 4, 9, 6], "texture": "#side", "cullface": "north"}, "down": {"uv": [7, 5, 9, 6], "rotation": 180, "texture": "#side", "cullface": "north"}}}, {"from": [7, 7, -0.49], "to": [9, 8, 0.01], "faces": {"north": {"uv": [7, 8, 9, 9], "texture": "#side", "cullface": "north"}, "east": {"uv": [7, 8, 8, 9], "texture": "#side", "cullface": "north"}, "west": {"uv": [8, 8, 9, 9], "texture": "#side", "cullface": "north"}, "up": {"uv": [7, 8, 9, 9], "rotation": 180, "texture": "#side", "cullface": "north"}, "down": {"uv": [7, 8, 9, 9], "rotation": 180, "texture": "#side", "cullface": "north"}}}, {"from": [6, 9, -0.49], "to": [7, 10, 0.01], "faces": {"north": {"uv": [9, 6, 10, 7], "texture": "#side", "cullface": "north"}, "east": {"uv": [9, 6, 10, 7], "texture": "#side", "cullface": "north"}, "up": {"uv": [9, 6, 10, 7], "rotation": 180, "texture": "#side", "cullface": "north"}, "down": {"uv": [9, 6, 10, 7], "rotation": 180, "texture": "#side", "cullface": "north"}}}, {"from": [9, 9, -0.49], "to": [10, 10, 0.01], "faces": {"north": {"uv": [6, 6, 7, 7], "texture": "#side", "cullface": "north"}, "west": {"uv": [6, 6, 7, 7], "texture": "#side", "cullface": "north"}, "up": {"uv": [6, 6, 7, 7], "rotation": 180, "texture": "#side", "cullface": "north"}, "down": {"uv": [6, 6, 7, 7], "rotation": 180, "texture": "#side", "cullface": "north"}}}, {"from": [5, 7, -0.49], "to": [6, 10, 0.01], "faces": {"north": {"uv": [10, 6, 11, 9], "texture": "#side", "cullface": "north"}, "east": {"uv": [10, 6, 11, 9], "texture": "#side", "cullface": "north"}, "up": {"uv": [10, 6, 11, 7], "rotation": 180, "texture": "#side", "cullface": "north"}, "down": {"uv": [10, 8, 11, 9], "rotation": 180, "texture": "#side", "cullface": "north"}}}, {"from": [15.99, 1, 0.99], "to": [16.49, 6, 15.99], "faces": {"north": {"uv": [14, 10, 15, 15], "texture": "#side", "cullface": "east"}, "east": {"uv": [0, 10, 15, 15], "texture": "#side", "cullface": "east"}, "south": {"uv": [0, 10, 1, 15], "texture": "#side", "cullface": "east"}, "up": {"uv": [0, 10, 15, 11], "rotation": 270, "texture": "#side", "cullface": "east"}, "down": {"uv": [0, 14, 15, 15], "rotation": 90, "texture": "#side", "cullface": "east"}}}, {"from": [15.99, 7, 9.99], "to": [16.49, 10, 15.99], "faces": {"north": {"uv": [5, 6, 6, 9], "texture": "#side", "cullface": "east"}, "east": {"uv": [0, 6, 6, 9], "texture": "#side", "cullface": "east"}, "south": {"uv": [0, 6, 1, 9], "texture": "#side", "cullface": "east"}, "up": {"uv": [0, 6, 6, 7], "rotation": 270, "texture": "#side", "cullface": "east"}, "down": {"uv": [0, 8, 6, 9], "rotation": 90, "texture": "#side", "cullface": "east"}}}, {"from": [15.99, 10, 10.99], "to": [16.49, 13, 15.99], "faces": {"north": {"uv": [4, 3, 5, 6], "texture": "#side", "cullface": "east"}, "east": {"uv": [0, 3, 5, 6], "texture": "#side", "cullface": "east"}, "south": {"uv": [0, 3, 1, 6], "texture": "#side", "cullface": "east"}, "up": {"uv": [0, 3, 5, 4], "rotation": 270, "texture": "#side", "cullface": "east"}}}, {"from": [15.99, 13.99, 0], "to": [16.49, 15.99, 16], "faces": {"north": {"uv": [15, 0, 16, 2], "texture": "#side", "cullface": "east"}, "east": {"uv": [0, 0, 16, 2], "texture": "#side", "cullface": "east"}, "south": {"uv": [0, 0, 1, 2], "texture": "#side", "cullface": "east"}, "up": {"uv": [0, 0, 16, 1], "rotation": 270, "texture": "#side", "cullface": "east"}, "down": {"uv": [0, 1, 16, 2], "rotation": 90, "texture": "#side", "cullface": "east"}}}, {"from": [15.99, 12, 5], "to": [16.49, 13, 11], "faces": {"east": {"uv": [5, 3, 11, 4], "texture": "#side", "cullface": "east"}, "up": {"uv": [5, 3, 11, 4], "rotation": 270, "texture": "#side", "cullface": "east"}, "down": {"uv": [5, 3, 11, 4], "rotation": 90, "texture": "#side", "cullface": "east"}}}, {"from": [15.99, 7, 1], "to": [16.49, 13, 5], "faces": {"north": {"uv": [14, 3, 15, 9], "texture": "#side", "cullface": "east"}, "east": {"uv": [11, 3, 15, 9], "texture": "#side", "cullface": "east"}, "south": {"uv": [11, 3, 12, 9], "texture": "#side", "cullface": "east"}, "up": {"uv": [11, 3, 15, 4], "rotation": 270, "texture": "#side", "cullface": "east"}, "down": {"uv": [11, 8, 15, 9], "rotation": 90, "texture": "#side", "cullface": "east"}}}, {"from": [15.99, 10, 7], "to": [16.49, 12, 9], "faces": {"north": {"uv": [8, 4, 9, 6], "texture": "#side", "cullface": "east"}, "east": {"uv": [7, 4, 9, 6], "texture": "#side", "cullface": "east"}, "south": {"uv": [7, 4, 8, 6], "texture": "#side", "cullface": "east"}, "down": {"uv": [7, 5, 9, 6], "rotation": 90, "texture": "#side", "cullface": "east"}}}, {"from": [15.99, 7, 7], "to": [16.49, 8, 9], "faces": {"north": {"uv": [8, 8, 9, 9], "texture": "#side", "cullface": "east"}, "east": {"uv": [7, 8, 9, 9], "texture": "#side", "cullface": "east"}, "south": {"uv": [7, 8, 8, 9], "texture": "#side", "cullface": "east"}, "up": {"uv": [7, 8, 9, 9], "rotation": 270, "texture": "#side", "cullface": "east"}, "down": {"uv": [7, 8, 9, 9], "rotation": 90, "texture": "#side", "cullface": "east"}}}, {"from": [15.99, 9, 6], "to": [16.49, 10, 7], "faces": {"east": {"uv": [9, 6, 10, 7], "texture": "#side", "cullface": "east"}, "south": {"uv": [9, 6, 10, 7], "texture": "#side", "cullface": "east"}, "up": {"uv": [9, 6, 10, 7], "rotation": 270, "texture": "#side", "cullface": "east"}, "down": {"uv": [9, 6, 10, 7], "rotation": 90, "texture": "#side", "cullface": "east"}}}, {"from": [15.99, 9, 9], "to": [16.49, 10, 10], "faces": {"north": {"uv": [6, 6, 7, 7], "texture": "#side", "cullface": "east"}, "east": {"uv": [6, 6, 7, 7], "texture": "#side", "cullface": "east"}, "up": {"uv": [6, 6, 7, 7], "rotation": 270, "texture": "#side", "cullface": "east"}, "down": {"uv": [6, 6, 7, 7], "rotation": 90, "texture": "#side", "cullface": "east"}}}, {"from": [15.99, 7, 5], "to": [16.49, 10, 6], "faces": {"east": {"uv": [10, 6, 11, 9], "texture": "#side", "cullface": "east"}, "south": {"uv": [10, 6, 11, 9], "texture": "#side", "cullface": "east"}, "up": {"uv": [10, 6, 11, 7], "rotation": 270, "texture": "#side", "cullface": "east"}, "down": {"uv": [10, 8, 11, 9], "rotation": 90, "texture": "#side", "cullface": "east"}}}, {"from": [0.01, 1, 15.99], "to": [15.01, 6, 16.49], "faces": {"east": {"uv": [14, 10, 15, 15], "texture": "#side", "cullface": "south"}, "south": {"uv": [0, 10, 15, 15], "texture": "#side", "cullface": "south"}, "west": {"uv": [0, 10, 1, 15], "texture": "#side", "cullface": "south"}, "up": {"uv": [0, 10, 15, 11], "texture": "#side", "cullface": "south"}, "down": {"uv": [0, 14, 15, 15], "texture": "#side", "cullface": "south"}}}, {"from": [0.01, 7, 15.99], "to": [6.01, 10, 16.49], "faces": {"east": {"uv": [5, 6, 6, 9], "texture": "#side", "cullface": "south"}, "south": {"uv": [0, 6, 6, 9], "texture": "#side", "cullface": "south"}, "west": {"uv": [0, 6, 1, 9], "texture": "#side", "cullface": "south"}, "up": {"uv": [0, 6, 6, 7], "texture": "#side", "cullface": "south"}, "down": {"uv": [0, 8, 6, 9], "texture": "#side", "cullface": "south"}}}, {"from": [0.01, 10, 15.99], "to": [5.01, 13, 16.49], "faces": {"east": {"uv": [4, 3, 5, 6], "texture": "#side", "cullface": "south"}, "south": {"uv": [0, 3, 5, 6], "texture": "#side", "cullface": "south"}, "west": {"uv": [0, 3, 1, 6], "texture": "#side", "cullface": "south"}, "up": {"uv": [0, 3, 5, 4], "texture": "#side", "cullface": "south"}}}, {"from": [0, 13.99, 15.99], "to": [16, 15.99, 16.49], "faces": {"east": {"uv": [15, 0, 16, 2], "texture": "#side", "cullface": "south"}, "south": {"uv": [0, 0, 16, 2], "texture": "#side", "cullface": "south"}, "west": {"uv": [0, 0, 1, 2], "texture": "#side", "cullface": "south"}, "up": {"uv": [0, 0, 16, 1], "texture": "#side", "cullface": "south"}, "down": {"uv": [0, 1, 16, 2], "texture": "#side", "cullface": "south"}}}, {"from": [5, 12, 15.99], "to": [11, 13, 16.49], "faces": {"south": {"uv": [5, 3, 11, 4], "texture": "#side", "cullface": "south"}, "up": {"uv": [5, 3, 11, 4], "texture": "#side", "cullface": "south"}, "down": {"uv": [5, 3, 11, 4], "texture": "#side", "cullface": "south"}}}, {"from": [11, 7, 15.99], "to": [15, 13, 16.49], "faces": {"east": {"uv": [14, 3, 15, 9], "texture": "#side", "cullface": "south"}, "south": {"uv": [11, 3, 15, 9], "texture": "#side", "cullface": "south"}, "west": {"uv": [11, 3, 12, 9], "texture": "#side", "cullface": "south"}, "up": {"uv": [11, 3, 15, 4], "texture": "#side", "cullface": "south"}, "down": {"uv": [11, 8, 15, 9], "texture": "#side", "cullface": "south"}}}, {"from": [7, 10, 15.99], "to": [9, 12, 16.49], "faces": {"east": {"uv": [8, 4, 9, 6], "texture": "#side", "cullface": "south"}, "south": {"uv": [7, 4, 9, 6], "texture": "#side", "cullface": "south"}, "west": {"uv": [7, 4, 8, 6], "texture": "#side", "cullface": "south"}, "down": {"uv": [7, 5, 9, 6], "texture": "#side", "cullface": "south"}}}, {"from": [7, 7, 15.99], "to": [9, 8, 16.49], "faces": {"east": {"uv": [8, 8, 9, 9], "texture": "#side", "cullface": "south"}, "south": {"uv": [7, 8, 9, 9], "texture": "#side", "cullface": "south"}, "west": {"uv": [7, 8, 8, 9], "texture": "#side", "cullface": "south"}, "up": {"uv": [7, 8, 9, 9], "texture": "#side", "cullface": "south"}, "down": {"uv": [7, 8, 9, 9], "texture": "#side", "cullface": "south"}}}, {"from": [9, 9, 15.99], "to": [10, 10, 16.49], "faces": {"south": {"uv": [9, 6, 10, 7], "texture": "#side", "cullface": "south"}, "west": {"uv": [9, 6, 10, 7], "texture": "#side", "cullface": "south"}, "up": {"uv": [9, 6, 10, 7], "texture": "#side", "cullface": "south"}, "down": {"uv": [9, 6, 10, 7], "texture": "#side", "cullface": "south"}}}, {"from": [6, 9, 15.99], "to": [7, 10, 16.49], "faces": {"east": {"uv": [6, 6, 7, 7], "texture": "#side", "cullface": "south"}, "south": {"uv": [6, 6, 7, 7], "texture": "#side", "cullface": "south"}, "up": {"uv": [6, 6, 7, 7], "texture": "#side", "cullface": "south"}, "down": {"uv": [6, 6, 7, 7], "texture": "#side", "cullface": "south"}}}, {"from": [10, 7, 15.99], "to": [11, 10, 16.49], "faces": {"south": {"uv": [10, 6, 11, 9], "texture": "#side", "cullface": "south"}, "west": {"uv": [10, 6, 11, 9], "texture": "#side", "cullface": "south"}, "up": {"uv": [10, 6, 11, 7], "texture": "#side", "cullface": "south"}, "down": {"uv": [10, 8, 11, 9], "texture": "#side", "cullface": "south"}}}, {"from": [-0.49, 1, 0.01], "to": [0.01, 6, 15.01], "faces": {"north": {"uv": [0, 10, 1, 15], "texture": "#side", "cullface": "west"}, "south": {"uv": [14, 10, 15, 15], "texture": "#side", "cullface": "west"}, "west": {"uv": [0, 10, 15, 15], "texture": "#side", "cullface": "west"}, "up": {"uv": [0, 10, 15, 11], "rotation": 90, "texture": "#side", "cullface": "west"}, "down": {"uv": [0, 14, 15, 15], "rotation": 270, "texture": "#side", "cullface": "west"}}}, {"from": [-0.49, 7, 0.01], "to": [0.01, 10, 6.01], "faces": {"north": {"uv": [0, 6, 1, 9], "texture": "#side", "cullface": "west"}, "south": {"uv": [5, 6, 6, 9], "texture": "#side", "cullface": "west"}, "west": {"uv": [0, 6, 6, 9], "texture": "#side", "cullface": "west"}, "up": {"uv": [0, 6, 6, 7], "rotation": 90, "texture": "#side", "cullface": "west"}, "down": {"uv": [0, 8, 6, 9], "rotation": 270, "texture": "#side", "cullface": "west"}}}, {"from": [-0.49, 10, 0.01], "to": [0.01, 13, 5.01], "faces": {"north": {"uv": [0, 3, 1, 6], "texture": "#side", "cullface": "west"}, "south": {"uv": [4, 3, 5, 6], "texture": "#side", "cullface": "west"}, "west": {"uv": [0, 3, 5, 6], "texture": "#side", "cullface": "west"}, "up": {"uv": [0, 3, 5, 4], "rotation": 90, "texture": "#side", "cullface": "west"}}}, {"from": [-0.49, 13.99, 0], "to": [0.01, 15.99, 16], "faces": {"north": {"uv": [0, 0, 1, 2], "texture": "#side", "cullface": "west"}, "south": {"uv": [15, 0, 16, 2], "texture": "#side", "cullface": "west"}, "west": {"uv": [0, 0, 16, 2], "texture": "#side", "cullface": "west"}, "up": {"uv": [0, 0, 16, 1], "rotation": 90, "texture": "#side", "cullface": "west"}, "down": {"uv": [0, 1, 16, 2], "rotation": 270, "texture": "#side", "cullface": "west"}}}, {"from": [-0.49, 12, 5], "to": [0.01, 13, 11], "faces": {"west": {"uv": [5, 3, 11, 4], "texture": "#side", "cullface": "west"}, "up": {"uv": [5, 3, 11, 4], "rotation": 90, "texture": "#side", "cullface": "west"}, "down": {"uv": [5, 3, 11, 4], "rotation": 270, "texture": "#side", "cullface": "west"}}}, {"from": [-0.49, 7, 11], "to": [0.01, 13, 15], "faces": {"north": {"uv": [11, 3, 12, 9], "texture": "#side", "cullface": "west"}, "south": {"uv": [14, 3, 15, 9], "texture": "#side", "cullface": "west"}, "west": {"uv": [11, 3, 15, 9], "texture": "#side", "cullface": "west"}, "up": {"uv": [11, 3, 15, 4], "rotation": 90, "texture": "#side", "cullface": "west"}, "down": {"uv": [11, 8, 15, 9], "rotation": 270, "texture": "#side", "cullface": "west"}}}, {"from": [-0.49, 10, 7], "to": [0.01, 12, 9], "faces": {"north": {"uv": [7, 4, 8, 6], "texture": "#side", "cullface": "west"}, "south": {"uv": [8, 4, 9, 6], "texture": "#side", "cullface": "west"}, "west": {"uv": [7, 4, 9, 6], "texture": "#side", "cullface": "west"}, "down": {"uv": [7, 5, 9, 6], "rotation": 270, "texture": "#side", "cullface": "west"}}}, {"from": [-0.49, 7, 7], "to": [0.01, 8, 9], "faces": {"north": {"uv": [7, 8, 8, 9], "texture": "#side", "cullface": "west"}, "south": {"uv": [8, 8, 9, 9], "texture": "#side", "cullface": "west"}, "west": {"uv": [7, 8, 9, 9], "texture": "#side", "cullface": "west"}, "up": {"uv": [7, 8, 9, 9], "rotation": 90, "texture": "#side", "cullface": "west"}, "down": {"uv": [7, 8, 9, 9], "rotation": 270, "texture": "#side", "cullface": "west"}}}, {"from": [-0.49, 9, 9], "to": [0.01, 10, 10], "faces": {"north": {"uv": [9, 6, 10, 7], "texture": "#side", "cullface": "west"}, "west": {"uv": [9, 6, 10, 7], "texture": "#side", "cullface": "west"}, "up": {"uv": [9, 6, 10, 7], "rotation": 90, "texture": "#side", "cullface": "west"}, "down": {"uv": [9, 6, 10, 7], "rotation": 270, "texture": "#side", "cullface": "west"}}}, {"from": [-0.49, 9, 6], "to": [0.01, 10, 7], "faces": {"south": {"uv": [6, 6, 7, 7], "texture": "#side", "cullface": "west"}, "west": {"uv": [6, 6, 7, 7], "texture": "#side", "cullface": "west"}, "up": {"uv": [6, 6, 7, 7], "rotation": 90, "texture": "#side", "cullface": "west"}, "down": {"uv": [6, 6, 7, 7], "rotation": 270, "texture": "#side", "cullface": "west"}}}, {"from": [-0.49, 7, 10], "to": [0.01, 10, 11], "faces": {"north": {"uv": [10, 6, 11, 9], "texture": "#side", "cullface": "west"}, "west": {"uv": [10, 6, 11, 9], "texture": "#side", "cullface": "west"}, "up": {"uv": [10, 6, 11, 7], "rotation": 90, "texture": "#side", "cullface": "west"}, "down": {"uv": [10, 8, 11, 9], "rotation": 270, "texture": "#side", "cullface": "west"}}}], "groups": [0, {"name": "north", "origin": [8, 8, 8], "children": [1, 2, 3, 4, 5, 6, 7, 8, 9, 10, 11]}, {"name": "east", "origin": [8, 8, 8], "children": [12, 13, 14, 15, 16, 17, 18, 19, 20, 21, 22]}, {"name": "south", "origin": [8, 8, 8], "children": [23, 24, 25, 26, 27, 28, 29, 30, 31, 32, 33]}, {"name": "west", "origin": [8, 8, 8], "children": [34, 35, 36, 37, 38, 39, 40, 41, 42, 43, 44]}]}