{"ambientocclusion": false, "textures": {"particle": "block/cocoa_stage0", "cocoa": "block/cocoa_stage0"}, "elements": [{"from": [6, 7, 11], "to": [10, 12, 15], "faces": {"north": {"uv": [11, 4, 15, 9], "texture": "#cocoa"}, "east": {"uv": [11, 4, 15, 9], "texture": "#cocoa"}, "south": {"uv": [11, 4, 15, 9], "texture": "#cocoa"}, "west": {"uv": [11, 4, 15, 9], "texture": "#cocoa"}, "up": {"uv": [0, 0, 4, 4], "texture": "#cocoa"}, "down": {"uv": [0, 0, 4, 4], "texture": "#cocoa"}}}, {"from": [7.75, 14, 15], "to": [8.25, 16, 15.5], "faces": {"east": {"uv": [15, 0, 16, 2], "texture": "#cocoa"}, "south": {"uv": [15, 0, 15.5, 2], "texture": "#cocoa", "cullface": "south"}, "west": {"uv": [15, 0, 16, 2], "texture": "#cocoa"}, "up": {"uv": [15, 0, 15.5, 1], "texture": "#cocoa"}, "down": {"uv": [15, 1, 15.5, 2], "texture": "#cocoa"}}}, {"from": [7.75, 12, 14], "to": [8.25, 16, 15], "faces": {"north": {"uv": [14, 0, 14.5, 4], "texture": "#cocoa"}, "east": {"uv": [14, 0, 15, 4], "texture": "#cocoa"}, "south": {"uv": [14, 0, 14.5, 4], "texture": "#cocoa"}, "west": {"uv": [14, 0, 15, 4], "texture": "#cocoa"}, "up": {"uv": [14, 0, 14.5, 1], "texture": "#cocoa"}}}, {"from": [7.75, 12, 13], "to": [8.25, 15, 14], "faces": {"north": {"uv": [13, 1, 13.5, 4], "texture": "#cocoa"}, "east": {"uv": [13, 1, 14, 4], "texture": "#cocoa"}, "west": {"uv": [13, 1, 14, 4], "texture": "#cocoa"}, "up": {"uv": [13, 1, 13.5, 2], "texture": "#cocoa"}}}, {"from": [7.75, 12, 12], "to": [8.25, 14, 13], "faces": {"north": {"uv": [12, 2, 12.5, 4], "texture": "#cocoa"}, "east": {"uv": [12, 2, 13, 4], "texture": "#cocoa"}, "west": {"uv": [12, 2, 13, 4], "texture": "#cocoa"}, "up": {"uv": [12, 2, 12.5, 3], "texture": "#cocoa"}}}]}