{"parent": "block/block", "textures": {"top": "block/composter_top", "bottom": "block/composter_bottom", "particle": "block/composter_side", "side": "block/composter_side"}, "elements": [{"from": [0, 0, 0], "to": [16, 2, 16], "faces": {"up": {"uv": [0, 0, 16, 16], "texture": "#bottom", "cullface": "up"}, "down": {"uv": [0, 0, 16, 16], "texture": "#bottom", "cullface": "down"}}}, {"from": [0, 0, 0], "to": [2, 16, 16], "faces": {"north": {"uv": [14, 0, 16, 16], "texture": "#side", "cullface": "north"}, "east": {"uv": [0, 0, 16, 16], "texture": "#side", "cullface": "up"}, "south": {"uv": [0, 0, 2, 16], "texture": "#side", "cullface": "south"}, "west": {"uv": [0, 0, 16, 16], "texture": "#side", "cullface": "west"}, "up": {"uv": [0, 0, 2, 16], "texture": "#top", "cullface": "up"}}}, {"from": [14, 0, 0], "to": [16, 16, 16], "faces": {"north": {"uv": [0, 0, 2, 16], "texture": "#side", "cullface": "north"}, "east": {"uv": [0, 0, 16, 16], "texture": "#side", "cullface": "east"}, "south": {"uv": [14, 0, 16, 16], "texture": "#side", "cullface": "south"}, "west": {"uv": [0, 0, 16, 16], "texture": "#side", "cullface": "up"}, "up": {"uv": [14, 0, 16, 16], "texture": "#top", "cullface": "up"}}}, {"from": [2, 0, 0], "to": [14, 16, 2], "faces": {"north": {"uv": [2, 0, 14, 16], "texture": "#side", "cullface": "north"}, "south": {"uv": [2, 0, 14, 16], "texture": "#side", "cullface": "up"}, "up": {"uv": [2, 0, 14, 2], "texture": "#top", "cullface": "up"}}}, {"from": [2, 0, 14], "to": [14, 16, 16], "faces": {"north": {"uv": [2, 0, 14, 16], "texture": "#side", "cullface": "up"}, "south": {"uv": [2, 0, 14, 16], "texture": "#side", "cullface": "south"}, "up": {"uv": [2, 14, 14, 16], "texture": "#top", "cullface": "up"}}}, {"from": [0, 1, -0.25], "to": [16, 3, 0], "faces": {"north": {"uv": [0, 13, 16, 15], "texture": "#side", "cullface": "north"}, "east": {"uv": [0, 13, 1, 15], "texture": "#side", "cullface": "north"}, "west": {"uv": [15, 13, 16, 15], "texture": "#side", "cullface": "north"}, "up": {"uv": [0, 13, 16, 14], "rotation": 180, "texture": "#side", "cullface": "north"}, "down": {"uv": [0, 14, 16, 15], "rotation": 180, "texture": "#side", "cullface": "north"}}}, {"from": [0, 5, -0.25], "to": [16, 7, 0], "faces": {"north": {"uv": [0, 9, 16, 11], "texture": "#side", "cullface": "north"}, "east": {"uv": [0, 9, 1, 11], "texture": "#side", "cullface": "north"}, "west": {"uv": [15, 9, 16, 11], "texture": "#side", "cullface": "north"}, "up": {"uv": [0, 9, 16, 10], "rotation": 180, "texture": "#side", "cullface": "north"}, "down": {"uv": [0, 10, 16, 11], "rotation": 180, "texture": "#side", "cullface": "north"}}}, {"from": [0, 9, -0.25], "to": [16, 11, 0], "faces": {"north": {"uv": [0, 5, 16, 7], "texture": "#side", "cullface": "north"}, "east": {"uv": [0, 5, 1, 7], "texture": "#side", "cullface": "north"}, "west": {"uv": [15, 5, 16, 7], "texture": "#side", "cullface": "north"}, "up": {"uv": [0, 5, 16, 6], "rotation": 180, "texture": "#side", "cullface": "north"}, "down": {"uv": [0, 6, 16, 7], "rotation": 180, "texture": "#side", "cullface": "north"}}}, {"from": [0, 12.99, -0.25], "to": [16, 15.99, 0], "faces": {"north": {"uv": [0, 0, 16, 3], "texture": "#side", "cullface": "north"}, "east": {"uv": [0, 0, 1, 3], "texture": "#side", "cullface": "north"}, "west": {"uv": [15, 0, 16, 3], "texture": "#side", "cullface": "north"}, "up": {"uv": [0, 0, 16, 1], "rotation": 180, "texture": "#side", "cullface": "north"}, "down": {"uv": [0, 2, 16, 3], "rotation": 180, "texture": "#side", "cullface": "north"}}}, {"from": [16, 1, 0], "to": [16.25, 3, 16], "faces": {"north": {"uv": [15, 13, 16, 15], "texture": "#side", "cullface": "east"}, "east": {"uv": [0, 13, 16, 15], "texture": "#side", "cullface": "east"}, "south": {"uv": [0, 13, 1, 15], "texture": "#side", "cullface": "east"}, "up": {"uv": [0, 13, 16, 14], "rotation": 270, "texture": "#side", "cullface": "east"}, "down": {"uv": [0, 14, 16, 15], "rotation": 90, "texture": "#side", "cullface": "east"}}}, {"from": [16, 5, 0], "to": [16.25, 7, 16], "faces": {"north": {"uv": [15, 9, 16, 11], "texture": "#side", "cullface": "east"}, "east": {"uv": [0, 9, 16, 11], "texture": "#side", "cullface": "east"}, "south": {"uv": [0, 9, 1, 11], "texture": "#side", "cullface": "east"}, "up": {"uv": [0, 9, 16, 10], "rotation": 270, "texture": "#side", "cullface": "east"}, "down": {"uv": [0, 10, 16, 11], "rotation": 90, "texture": "#side", "cullface": "east"}}}, {"from": [16, 9, 0], "to": [16.25, 11, 16], "faces": {"north": {"uv": [15, 5, 16, 7], "texture": "#side", "cullface": "east"}, "east": {"uv": [0, 5, 16, 7], "texture": "#side", "cullface": "east"}, "south": {"uv": [0, 5, 1, 7], "texture": "#side", "cullface": "east"}, "up": {"uv": [0, 5, 16, 6], "rotation": 270, "texture": "#side", "cullface": "east"}, "down": {"uv": [0, 6, 16, 7], "rotation": 90, "texture": "#side", "cullface": "east"}}}, {"from": [16, 12.99, 0], "to": [16.25, 15.99, 16], "faces": {"north": {"uv": [15, 0, 16, 3], "texture": "#side", "cullface": "east"}, "east": {"uv": [0, 0, 16, 3], "texture": "#side", "cullface": "east"}, "south": {"uv": [0, 0, 1, 3], "texture": "#side", "cullface": "east"}, "up": {"uv": [0, 0, 16, 1], "rotation": 270, "texture": "#side", "cullface": "east"}, "down": {"uv": [0, 2, 16, 3], "rotation": 90, "texture": "#side", "cullface": "east"}}}, {"from": [0, 1, 16], "to": [16, 3, 16.25], "faces": {"east": {"uv": [15, 13, 16, 15], "texture": "#side", "cullface": "south"}, "south": {"uv": [0, 13, 16, 15], "texture": "#side", "cullface": "south"}, "west": {"uv": [0, 13, 1, 15], "texture": "#side", "cullface": "south"}, "up": {"uv": [0, 13, 16, 14], "texture": "#side", "cullface": "south"}, "down": {"uv": [0, 14, 16, 15], "texture": "#side", "cullface": "south"}}}, {"from": [0, 5, 16], "to": [16, 7, 16.25], "faces": {"east": {"uv": [15, 9, 16, 11], "texture": "#side", "cullface": "south"}, "south": {"uv": [0, 9, 16, 11], "texture": "#side", "cullface": "south"}, "west": {"uv": [0, 9, 1, 11], "texture": "#side", "cullface": "south"}, "up": {"uv": [0, 9, 16, 10], "texture": "#side", "cullface": "south"}, "down": {"uv": [0, 10, 16, 11], "texture": "#side", "cullface": "south"}}}, {"from": [0, 9, 16], "to": [16, 11, 16.25], "faces": {"east": {"uv": [15, 5, 16, 7], "texture": "#side", "cullface": "south"}, "south": {"uv": [0, 5, 16, 7], "texture": "#side", "cullface": "south"}, "west": {"uv": [0, 5, 1, 7], "texture": "#side", "cullface": "south"}, "up": {"uv": [0, 5, 16, 6], "texture": "#side", "cullface": "south"}, "down": {"uv": [0, 6, 16, 7], "texture": "#side", "cullface": "south"}}}, {"from": [0, 12.99, 16], "to": [16, 15.99, 16.25], "faces": {"east": {"uv": [15, 0, 16, 3], "texture": "#side", "cullface": "south"}, "south": {"uv": [0, 0, 16, 3], "texture": "#side", "cullface": "south"}, "west": {"uv": [0, 0, 1, 3], "texture": "#side", "cullface": "south"}, "up": {"uv": [0, 0, 16, 1], "texture": "#side", "cullface": "south"}, "down": {"uv": [0, 2, 16, 3], "texture": "#side", "cullface": "south"}}}, {"from": [-0.25, 1, 0], "to": [0, 3, 16], "faces": {"north": {"uv": [0, 13, 1, 15], "texture": "#side", "cullface": "west"}, "south": {"uv": [15, 13, 16, 15], "texture": "#side", "cullface": "west"}, "west": {"uv": [0, 13, 16, 15], "texture": "#side", "cullface": "west"}, "up": {"uv": [0, 13, 16, 14], "rotation": 90, "texture": "#side", "cullface": "west"}, "down": {"uv": [0, 14, 16, 15], "rotation": 270, "texture": "#side", "cullface": "west"}}}, {"from": [-0.25, 5, 0], "to": [0, 7, 16], "faces": {"north": {"uv": [0, 9, 1, 11], "texture": "#side", "cullface": "west"}, "south": {"uv": [15, 9, 16, 11], "texture": "#side", "cullface": "west"}, "west": {"uv": [0, 9, 16, 11], "texture": "#side", "cullface": "west"}, "up": {"uv": [0, 9, 16, 10], "rotation": 90, "texture": "#side", "cullface": "west"}, "down": {"uv": [0, 10, 16, 11], "rotation": 270, "texture": "#side", "cullface": "west"}}}, {"from": [-0.25, 9, 0], "to": [0, 11, 16], "faces": {"north": {"uv": [0, 5, 1, 7], "texture": "#side", "cullface": "west"}, "south": {"uv": [15, 5, 16, 7], "texture": "#side", "cullface": "west"}, "west": {"uv": [0, 5, 16, 7], "texture": "#side", "cullface": "west"}, "up": {"uv": [0, 5, 16, 6], "rotation": 90, "texture": "#side", "cullface": "west"}, "down": {"uv": [0, 6, 16, 7], "rotation": 270, "texture": "#side", "cullface": "west"}}}, {"from": [-0.25, 12.99, 0], "to": [0, 15.99, 16], "faces": {"north": {"uv": [0, 0, 1, 3], "texture": "#side", "cullface": "west"}, "south": {"uv": [15, 0, 16, 3], "texture": "#side", "cullface": "west"}, "west": {"uv": [0, 0, 16, 3], "texture": "#side", "cullface": "west"}, "up": {"uv": [0, 0, 16, 1], "rotation": 90, "texture": "#side", "cullface": "west"}, "down": {"uv": [0, 2, 16, 3], "rotation": 270, "texture": "#side", "cullface": "west"}}}, {"from": [0.01, -0.25, 0.01], "to": [1.01, 0, 15.99], "faces": {"north": {"uv": [0, 15, 1, 16], "rotation": 180, "texture": "#bottom", "cullface": "down"}, "east": {"uv": [0, 0, 1, 15.98], "rotation": 270, "texture": "#bottom", "cullface": "down"}, "south": {"uv": [0, 0, 1, 1], "texture": "#bottom", "cullface": "down"}, "west": {"uv": [0, 0, 1, 15.98], "rotation": 90, "texture": "#bottom", "cullface": "down"}, "down": {"uv": [0, 0, 1, 15.98], "texture": "#bottom", "cullface": "down"}}}, {"from": [14.99, -0.25, 0.01], "to": [15.99, 0, 15.99], "faces": {"north": {"uv": [15, 15, 16, 16], "rotation": 180, "texture": "#bottom", "cullface": "down"}, "east": {"uv": [15, 0, 16, 15.98], "rotation": 270, "texture": "#bottom", "cullface": "down"}, "south": {"uv": [15, 0, 16, 1], "texture": "#bottom", "cullface": "down"}, "west": {"uv": [15, 0, 16, 15.98], "rotation": 90, "texture": "#bottom", "cullface": "down"}, "down": {"uv": [15, 0, 16, 15.98], "texture": "#bottom", "cullface": "down"}}}, {"from": [1, -0.25, 14.99], "to": [15, 0, 15.99], "faces": {"north": {"uv": [1, 0, 15, 1], "rotation": 180, "texture": "#bottom", "cullface": "down"}, "south": {"uv": [1, 0, 15, 1], "texture": "#bottom", "cullface": "down"}, "down": {"uv": [1, 0, 15, 1], "texture": "#bottom", "cullface": "down"}}}, {"from": [1, -0.25, 0.01], "to": [15, 0, 1.01], "faces": {"north": {"uv": [1, 15, 15, 16], "rotation": 180, "texture": "#bottom", "cullface": "down"}, "south": {"uv": [1, 15, 15, 16], "texture": "#bottom", "cullface": "down"}, "down": {"uv": [1, 15, 15, 16], "texture": "#bottom", "cullface": "down"}}}, {"from": [2, -0.25, 2], "to": [5, 0, 14], "faces": {"north": {"uv": [2, 13, 5, 14], "rotation": 180, "texture": "#bottom", "cullface": "down"}, "east": {"uv": [4, 2, 5, 14], "rotation": 270, "texture": "#bottom", "cullface": "down"}, "south": {"uv": [2, 2, 5, 3], "texture": "#bottom", "cullface": "down"}, "west": {"uv": [2, 2, 3, 14], "rotation": 90, "texture": "#bottom", "cullface": "down"}, "down": {"uv": [2, 2, 5, 14], "texture": "#bottom", "cullface": "down"}}}, {"from": [6, -0.25, 2], "to": [10, 0, 14], "faces": {"north": {"uv": [6, 13, 10, 14], "rotation": 180, "texture": "#bottom", "cullface": "down"}, "east": {"uv": [9, 2, 10, 14], "rotation": 270, "texture": "#bottom", "cullface": "down"}, "south": {"uv": [6, 2, 10, 3], "texture": "#bottom", "cullface": "down"}, "west": {"uv": [6, 2, 7, 14], "rotation": 90, "texture": "#bottom", "cullface": "down"}, "down": {"uv": [6, 2, 10, 14], "texture": "#bottom", "cullface": "down"}}}, {"from": [11, -0.25, 2], "to": [14, 0, 14], "faces": {"north": {"uv": [11, 13, 14, 14], "rotation": 180, "texture": "#bottom", "cullface": "down"}, "east": {"uv": [13, 2, 14, 14], "rotation": 270, "texture": "#bottom", "cullface": "down"}, "south": {"uv": [11, 2, 14, 3], "texture": "#bottom", "cullface": "down"}, "west": {"uv": [11, 2, 12, 14], "rotation": 90, "texture": "#bottom", "cullface": "down"}, "down": {"uv": [11, 2, 14, 14], "texture": "#bottom", "cullface": "down"}}}, {"from": [1, 0.99, 2], "to": [15, 2.99, 2.25], "faces": {"south": {"uv": [0, 13, 14, 15], "texture": "#side", "cullface": "up"}, "up": {"uv": [0, 13, 14, 14], "texture": "#side", "cullface": "up"}}}, {"from": [1, 4.99, 2], "to": [15, 6.99, 2.25], "faces": {"south": {"uv": [0, 9, 14, 11], "texture": "#side", "cullface": "up"}, "up": {"uv": [0, 9, 14, 10], "texture": "#side", "cullface": "up"}, "down": {"uv": [0, 10, 14, 11], "texture": "#side", "cullface": "up"}}}, {"from": [1, 8.99, 2], "to": [15, 10.99, 2.25], "faces": {"south": {"uv": [0, 5, 14, 7], "texture": "#side", "cullface": "up"}, "up": {"uv": [0, 5, 14, 6], "texture": "#side", "cullface": "up"}, "down": {"uv": [0, 6, 14, 7], "texture": "#side", "cullface": "up"}}}, {"from": [1, 12.98, 2], "to": [15, 15.98, 2.25], "faces": {"south": {"uv": [0, 0, 14, 3], "texture": "#side", "cullface": "up"}, "up": {"uv": [0, 0, 14, 1], "texture": "#side", "cullface": "up"}, "down": {"uv": [0, 2, 14, 3], "texture": "#side", "cullface": "up"}}}, {"from": [13.75, 0.98, 1], "to": [14, 2.98, 15], "faces": {"west": {"uv": [0, 13, 14, 15], "texture": "#side", "cullface": "up"}, "up": {"uv": [0, 13, 14, 14], "rotation": 90, "texture": "#side", "cullface": "up"}}}, {"from": [13.75, 4.98, 1], "to": [14, 6.98, 15], "faces": {"west": {"uv": [0, 9, 14, 11], "texture": "#side", "cullface": "up"}, "up": {"uv": [0, 9, 14, 10], "rotation": 90, "texture": "#side", "cullface": "up"}, "down": {"uv": [0, 10, 14, 11], "rotation": 270, "texture": "#side", "cullface": "up"}}}, {"from": [13.75, 8.98, 1], "to": [14, 10.98, 15], "faces": {"west": {"uv": [0, 5, 14, 7], "texture": "#side", "cullface": "up"}, "up": {"uv": [0, 5, 14, 6], "rotation": 90, "texture": "#side", "cullface": "up"}, "down": {"uv": [0, 6, 14, 7], "rotation": 270, "texture": "#side", "cullface": "up"}}}, {"from": [13.75, 12.99, 1], "to": [14, 15.99, 15], "faces": {"west": {"uv": [0, 0, 14, 3], "texture": "#side", "cullface": "up"}, "up": {"uv": [0, 0, 14, 1], "rotation": 90, "texture": "#side", "cullface": "up"}, "down": {"uv": [0, 2, 14, 3], "rotation": 270, "texture": "#side", "cullface": "up"}}}, {"from": [1, 0.99, 13.75], "to": [15, 2.99, 14], "faces": {"north": {"uv": [0, 13, 14, 15], "texture": "#side", "cullface": "up"}, "up": {"uv": [0, 13, 14, 14], "rotation": 180, "texture": "#side", "cullface": "up"}}}, {"from": [1, 4.99, 13.75], "to": [15, 6.99, 14], "faces": {"north": {"uv": [0, 9, 14, 11], "texture": "#side", "cullface": "up"}, "up": {"uv": [0, 9, 14, 10], "rotation": 180, "texture": "#side", "cullface": "up"}, "down": {"uv": [0, 10, 14, 11], "rotation": 180, "texture": "#side", "cullface": "up"}}}, {"from": [1, 8.99, 13.75], "to": [15, 10.99, 14], "faces": {"north": {"uv": [0, 5, 14, 7], "texture": "#side", "cullface": "up"}, "up": {"uv": [0, 5, 14, 6], "rotation": 180, "texture": "#side", "cullface": "up"}, "down": {"uv": [0, 6, 14, 7], "rotation": 180, "texture": "#side", "cullface": "up"}}}, {"from": [1, 12.98, 13.75], "to": [15, 15.98, 14], "faces": {"north": {"uv": [0, 0, 14, 3], "texture": "#side", "cullface": "up"}, "up": {"uv": [0, 0, 14, 1], "rotation": 180, "texture": "#side", "cullface": "up"}, "down": {"uv": [0, 2, 14, 3], "rotation": 180, "texture": "#side", "cullface": "up"}}}, {"from": [2, 0.98, 1], "to": [2.25, 2.98, 15], "faces": {"east": {"uv": [0, 13, 14, 15], "texture": "#side", "cullface": "up"}, "up": {"uv": [0, 13, 14, 14], "rotation": 270, "texture": "#side", "cullface": "up"}}}, {"from": [2, 4.98, 1], "to": [2.25, 6.98, 15], "faces": {"east": {"uv": [0, 9, 14, 11], "texture": "#side", "cullface": "up"}, "up": {"uv": [0, 9, 14, 10], "rotation": 270, "texture": "#side", "cullface": "up"}, "down": {"uv": [0, 10, 14, 11], "rotation": 90, "texture": "#side", "cullface": "up"}}}, {"from": [2, 8.98, 1], "to": [2.25, 10.98, 15], "faces": {"east": {"uv": [0, 5, 14, 7], "texture": "#side", "cullface": "up"}, "up": {"uv": [0, 5, 14, 6], "rotation": 270, "texture": "#side", "cullface": "up"}, "down": {"uv": [0, 6, 14, 7], "rotation": 90, "texture": "#side", "cullface": "up"}}}, {"from": [2, 12.99, 1], "to": [2.25, 15.99, 15], "faces": {"east": {"uv": [0, 0, 14, 3], "texture": "#side", "cullface": "up"}, "up": {"uv": [0, 0, 14, 1], "rotation": 270, "texture": "#side", "cullface": "up"}, "down": {"uv": [0, 2, 14, 3], "rotation": 90, "texture": "#side", "cullface": "up"}}}, {"from": [2, 2, 2], "to": [5, 2.25, 14], "faces": {"east": {"uv": [4, 2, 5, 14], "rotation": 90, "texture": "#bottom", "cullface": "up"}, "up": {"uv": [2, 2, 5, 14], "texture": "#bottom", "cullface": "up"}}}, {"from": [6, 2, 2], "to": [10, 2.25, 14], "faces": {"east": {"uv": [9, 2, 10, 14], "rotation": 90, "texture": "#bottom", "cullface": "up"}, "west": {"uv": [6, 2, 7, 14], "rotation": 270, "texture": "#bottom", "cullface": "up"}, "up": {"uv": [6, 2, 10, 14], "texture": "#bottom", "cullface": "up"}}}, {"from": [11, 2, 2], "to": [14, 2.25, 14], "faces": {"west": {"uv": [11, 2, 12, 14], "rotation": 270, "texture": "#bottom", "cullface": "up"}, "up": {"uv": [11, 2, 14, 14], "texture": "#bottom", "cullface": "up"}}}], "groups": [0, 1, 2, 3, 4, {"name": "outer", "origin": [8, 8, 8], "color": 0, "children": [{"name": "north", "origin": [8, 8, 8], "color": 0, "children": [5, 6, 7, 8]}, {"name": "east", "origin": [8, 8, 8], "color": 0, "children": [9, 10, 11, 12]}, {"name": "south", "origin": [8, 8, 8], "color": 0, "children": [13, 14, 15, 16]}, {"name": "west", "origin": [8, 8, 8], "color": 0, "children": [17, 18, 19, 20]}, {"name": "down", "origin": [8, 8, 8], "color": 0, "children": [21, 22, 23, 24, 25, 26, 27]}]}, {"name": "inner", "origin": [8, 8, 8], "color": 0, "children": [{"name": "north", "origin": [8, 8, 8], "color": 0, "children": [28, 29, 30, 31]}, {"name": "east", "origin": [8, 8, 8], "color": 0, "children": [32, 33, 34, 35]}, {"name": "south", "origin": [8, 8, 8], "color": 0, "children": [36, 37, 38, 39]}, {"name": "west", "origin": [8, 8, 8], "color": 0, "children": [40, 41, 42, 43]}, {"name": "down", "origin": [8, 8, 8], "color": 0, "children": [44, 45, 46]}]}]}