{"parent": "block/template_torch", "ambientocclusion": false, "textures": {"unlit": "block/redstone_torch_off", "slab": "block/smooth_stone", "particle": "block/comparator", "top": "block/comparator"}, "elements": [{"from": [0, 0, 0], "to": [16, 2, 16], "faces": {"north": {"uv": [0, 14, 16, 16], "texture": "#slab", "cullface": "north"}, "east": {"uv": [0, 14, 16, 16], "texture": "#slab", "cullface": "east"}, "south": {"uv": [0, 14, 16, 16], "texture": "#slab", "cullface": "south"}, "west": {"uv": [0, 14, 16, 16], "texture": "#slab", "cullface": "west"}, "up": {"uv": [0, 0, 16, 16], "texture": "#top"}, "down": {"uv": [0, 0, 16, 16], "texture": "#slab", "cullface": "down"}}}, {"from": [4, 5, 10.5], "to": [6, 7, 11.5], "rotation": {"angle": 0, "axis": "y", "origin": [5, 5, 12]}, "faces": {"north": {"uv": [7, 6, 9, 8], "texture": "#unlit"}, "east": {"uv": [7, 6, 8, 8], "texture": "#unlit"}, "west": {"uv": [8, 6, 9, 8], "texture": "#unlit"}, "up": {"uv": [7, 6, 9, 7], "rotation": 180, "texture": "#unlit"}, "down": {"uv": [7, 7, 9, 8], "rotation": 180, "texture": "#unlit"}}}, {"from": [3.5, 5, 11], "to": [4.5, 7, 13], "rotation": {"angle": 0, "axis": "y", "origin": [5, 5, 12]}, "faces": {"north": {"uv": [7, 6, 8, 8], "texture": "#unlit"}, "south": {"uv": [8, 6, 9, 8], "texture": "#unlit"}, "west": {"uv": [7, 6, 9, 8], "texture": "#unlit"}, "up": {"uv": [7, 6, 9, 7], "rotation": 90, "texture": "#unlit"}, "down": {"uv": [7, 7, 9, 8], "rotation": 270, "texture": "#unlit"}}}, {"from": [4, 5, 12.5], "to": [6, 7, 13.5], "rotation": {"angle": 0, "axis": "y", "origin": [5, 5, 12]}, "faces": {"east": {"uv": [8, 6, 9, 8], "texture": "#unlit"}, "south": {"uv": [7, 6, 9, 8], "texture": "#unlit"}, "west": {"uv": [7, 6, 8, 8], "texture": "#unlit"}, "up": {"uv": [7, 6, 9, 7], "texture": "#unlit"}, "down": {"uv": [7, 7, 9, 8], "texture": "#unlit"}}}, {"from": [5.5, 5, 11], "to": [6.5, 7, 13], "rotation": {"angle": 0, "axis": "y", "origin": [5, 5, 12]}, "faces": {"north": {"uv": [8, 6, 9, 8], "texture": "#unlit"}, "east": {"uv": [7, 6, 9, 8], "texture": "#unlit"}, "south": {"uv": [7, 6, 8, 8], "texture": "#unlit"}, "up": {"uv": [7, 6, 9, 7], "rotation": 270, "texture": "#unlit"}, "down": {"uv": [7, 7, 9, 8], "rotation": 90, "texture": "#unlit"}}}, {"from": [4, 6.5, 11], "to": [6, 7.5, 13], "rotation": {"angle": 0, "axis": "y", "origin": [5, 5, 12]}, "faces": {"north": {"uv": [7, 6, 9, 8], "rotation": 90, "texture": "#unlit"}, "east": {"uv": [7, 7, 9, 8], "texture": "#unlit"}, "south": {"uv": [7, 6, 9, 8], "rotation": 270, "texture": "#unlit"}, "west": {"uv": [8, 6, 9, 8], "rotation": 270, "texture": "#unlit"}, "up": {"uv": [7, 6, 9, 8], "rotation": 270, "texture": "#unlit"}}}, {"from": [4, 2, 11], "to": [6, 7, 13], "faces": {"north": {"uv": [7, 6, 9, 11], "texture": "#unlit"}, "east": {"uv": [7, 6, 9, 11], "texture": "#unlit"}, "south": {"uv": [7, 6, 9, 11], "texture": "#unlit"}, "west": {"uv": [7, 6, 9, 11], "texture": "#unlit"}}}, {"from": [10, 5, 10.5], "to": [12, 7, 11.5], "rotation": {"angle": 0, "axis": "y", "origin": [11, 5, 12]}, "faces": {"north": {"uv": [7, 6, 9, 8], "texture": "#unlit"}, "east": {"uv": [7, 6, 8, 8], "texture": "#unlit"}, "west": {"uv": [8, 6, 9, 8], "texture": "#unlit"}, "up": {"uv": [7, 6, 9, 7], "rotation": 180, "texture": "#unlit"}, "down": {"uv": [7, 7, 9, 8], "rotation": 180, "texture": "#unlit"}}}, {"from": [9.5, 5, 11], "to": [10.5, 7, 13], "rotation": {"angle": 0, "axis": "y", "origin": [11, 5, 12]}, "faces": {"north": {"uv": [7, 6, 8, 8], "texture": "#unlit"}, "south": {"uv": [8, 6, 9, 8], "texture": "#unlit"}, "west": {"uv": [7, 6, 9, 8], "texture": "#unlit"}, "up": {"uv": [7, 6, 9, 7], "rotation": 90, "texture": "#unlit"}, "down": {"uv": [7, 7, 9, 8], "rotation": 270, "texture": "#unlit"}}}, {"from": [10, 5, 12.5], "to": [12, 7, 13.5], "rotation": {"angle": 0, "axis": "y", "origin": [11, 5, 12]}, "faces": {"east": {"uv": [8, 6, 9, 8], "texture": "#unlit"}, "south": {"uv": [7, 6, 9, 8], "texture": "#unlit"}, "west": {"uv": [7, 6, 8, 8], "texture": "#unlit"}, "up": {"uv": [7, 6, 9, 7], "texture": "#unlit"}, "down": {"uv": [7, 7, 9, 8], "texture": "#unlit"}}}, {"from": [11.5, 5, 11], "to": [12.5, 7, 13], "rotation": {"angle": 0, "axis": "y", "origin": [11, 5, 12]}, "faces": {"north": {"uv": [8, 6, 9, 8], "texture": "#unlit"}, "east": {"uv": [7, 6, 9, 8], "texture": "#unlit"}, "south": {"uv": [7, 6, 8, 8], "texture": "#unlit"}, "up": {"uv": [7, 6, 9, 7], "rotation": 270, "texture": "#unlit"}, "down": {"uv": [7, 7, 9, 8], "rotation": 90, "texture": "#unlit"}}}, {"from": [10, 6.5, 11], "to": [12, 7.5, 13], "rotation": {"angle": 0, "axis": "y", "origin": [11, 5, 12]}, "faces": {"north": {"uv": [7, 6, 9, 8], "rotation": 90, "texture": "#unlit"}, "east": {"uv": [7, 7, 9, 8], "texture": "#unlit"}, "south": {"uv": [7, 6, 9, 8], "rotation": 270, "texture": "#unlit"}, "west": {"uv": [8, 6, 9, 8], "rotation": 270, "texture": "#unlit"}, "up": {"uv": [7, 6, 9, 8], "rotation": 270, "texture": "#unlit"}}}, {"from": [10, 2, 11], "to": [12, 7, 13], "faces": {"north": {"uv": [7, 6, 9, 11], "texture": "#unlit"}, "east": {"uv": [7, 6, 9, 11], "texture": "#unlit"}, "south": {"uv": [7, 6, 9, 11], "texture": "#unlit"}, "west": {"uv": [7, 6, 9, 11], "texture": "#unlit"}}}, {"from": [7, 3, 1.5], "to": [9, 5, 2.5], "rotation": {"angle": 0, "axis": "y", "origin": [8, 2, 3]}, "faces": {"north": {"uv": [7, 6, 9, 8], "texture": "#unlit"}, "east": {"uv": [7, 6, 8, 8], "texture": "#unlit"}, "west": {"uv": [8, 6, 9, 8], "texture": "#unlit"}, "up": {"uv": [7, 6, 9, 7], "rotation": 180, "texture": "#unlit"}, "down": {"uv": [7, 7, 9, 8], "rotation": 180, "texture": "#unlit"}}}, {"from": [6.5, 3, 2], "to": [7.5, 5, 4], "rotation": {"angle": 0, "axis": "y", "origin": [8, 2, 3]}, "faces": {"north": {"uv": [7, 6, 8, 8], "texture": "#unlit"}, "south": {"uv": [8, 6, 9, 8], "texture": "#unlit"}, "west": {"uv": [7, 6, 9, 8], "texture": "#unlit"}, "up": {"uv": [7, 6, 9, 7], "rotation": 90, "texture": "#unlit"}, "down": {"uv": [7, 7, 9, 8], "rotation": 270, "texture": "#unlit"}}}, {"from": [7, 3, 3.5], "to": [9, 5, 4.5], "rotation": {"angle": 0, "axis": "y", "origin": [8, 2, 3]}, "faces": {"east": {"uv": [8, 6, 9, 8], "texture": "#unlit"}, "south": {"uv": [7, 6, 9, 8], "texture": "#unlit"}, "west": {"uv": [7, 6, 8, 8], "texture": "#unlit"}, "up": {"uv": [7, 6, 9, 7], "texture": "#unlit"}, "down": {"uv": [7, 7, 9, 8], "texture": "#unlit"}}}, {"from": [8.5, 3, 2], "to": [9.5, 5, 4], "rotation": {"angle": 0, "axis": "y", "origin": [8, 2, 3]}, "faces": {"north": {"uv": [8, 6, 9, 8], "texture": "#unlit"}, "east": {"uv": [7, 6, 9, 8], "texture": "#unlit"}, "south": {"uv": [7, 6, 8, 8], "texture": "#unlit"}, "up": {"uv": [7, 6, 9, 7], "rotation": 270, "texture": "#unlit"}, "down": {"uv": [7, 7, 9, 8], "rotation": 90, "texture": "#unlit"}}}, {"from": [7, 4.5, 2], "to": [9, 5.5, 4], "rotation": {"angle": 0, "axis": "y", "origin": [8, 2, 3]}, "faces": {"north": {"uv": [7, 6, 9, 8], "rotation": 90, "texture": "#unlit"}, "east": {"uv": [7, 7, 9, 8], "texture": "#unlit"}, "south": {"uv": [7, 6, 9, 8], "rotation": 270, "texture": "#unlit"}, "west": {"uv": [8, 6, 9, 8], "rotation": 270, "texture": "#unlit"}, "up": {"uv": [7, 6, 9, 8], "rotation": 270, "texture": "#unlit"}}}, {"from": [7, 2, 2], "to": [9, 3, 4], "faces": {"north": {"uv": [7, 8, 9, 9], "texture": "#unlit"}, "east": {"uv": [7, 8, 9, 9], "texture": "#unlit"}, "south": {"uv": [7, 8, 9, 9], "texture": "#unlit"}, "west": {"uv": [7, 8, 9, 9], "texture": "#unlit"}}}], "display": {"thirdperson_righthand": {"rotation": [75, 45, 0], "translation": [0, 2.5, 3.25], "scale": [0.375, 0.375, 0.375]}, "thirdperson_lefthand": {"rotation": [75, 45, 0], "translation": [0, 2.5, 3.25], "scale": [0.375, 0.375, 0.375]}, "firstperson_righthand": {"translation": [0, 3.75, 1.5], "scale": [0.4, 0.4, 0.4]}, "firstperson_lefthand": {"translation": [0, 3.75, 1.5], "scale": [0.4, 0.4, 0.4]}, "ground": {"translation": [0, 3, 0], "scale": [0.25, 0.25, 0.25]}, "gui": {"rotation": [30, 225, 0], "translation": [0, 3, 0], "scale": [0.625, 0.625, 0.625]}, "head": {"rotation": [0, 180, 0], "translation": [0, 13, 7]}, "fixed": {"rotation": [-90, 0, 0], "translation": [0, 0, -4], "scale": [0.5, 0.5, 0.5]}}, "groups": [0, {"name": "redstone torch 1", "origin": [8, 8, 8], "color": 0, "children": [1, 2, 3, 4, 5, 6]}, {"name": "redstone torch 2", "origin": [11, 5, 12], "color": 0, "children": [7, 8, 9, 10, 11, 12]}, {"name": "redstone torch 3", "origin": [11, 5, 12], "color": 0, "children": [13, 14, 15, 16, 17, 18]}]}