{"parent": "minecraft:block/plant", "textures": {"cross": "3d/block/cornflower"}, "elements": [{"from": [0.55, 0, 8], "to": [16.55, 6, 8], "shade": false, "rotation": {"angle": 45, "axis": "y", "origin": [8, 8, 8]}, "faces": {"north": {"uv": [0, 10, 16, 16], "texture": "#cross"}, "south": {"uv": [16, 10, 0, 16], "texture": "#cross"}}}, {"from": [8, 0, 0.55], "to": [8, 6, 16.55], "shade": false, "rotation": {"angle": 45, "axis": "y", "origin": [8, 8, 8]}, "faces": {"east": {"uv": [0, 10, 16, 16], "texture": "#cross"}, "west": {"uv": [16, 10, 0, 16], "texture": "#cross"}}}, {"name": "stem", "from": [7.5, 0, 7.5], "to": [8.5, 9, 8.5], "rotation": {"angle": 0, "axis": "y", "origin": [8, 8, 8]}, "faces": {"north": {"uv": [8, 7, 9, 16], "texture": "#cross"}, "east": {"uv": [8, 7, 9, 16], "texture": "#cross"}, "south": {"uv": [8, 7, 9, 16], "texture": "#cross"}, "west": {"uv": [8, 7, 9, 16], "texture": "#cross"}, "down": {"uv": [8, 15, 9, 16], "texture": "#cross", "cullface": "down"}}}, {"from": [6, 10, 7], "to": [10, 11, 9], "rotation": {"angle": 0, "axis": "y", "origin": [8, 8, 8]}, "faces": {"north": {"uv": [1, 4, 5, 5], "texture": "#cross"}, "east": {"uv": [2, 4, 4, 5], "texture": "#cross"}, "south": {"uv": [1, 3, 5, 4], "texture": "#cross"}, "west": {"uv": [2, 4, 4, 5], "texture": "#cross"}, "up": {"uv": [1, 2, 5, 4], "texture": "#cross"}}}, {"from": [7, 10, 6], "to": [9, 11, 10], "rotation": {"angle": 0, "axis": "y", "origin": [8, 8, 8]}, "faces": {"north": {"uv": [2, 4, 4, 5], "texture": "#cross"}, "east": {"uv": [1, 4, 5, 5], "texture": "#cross"}, "south": {"uv": [2, 4, 4, 5], "texture": "#cross"}, "west": {"uv": [1, 4, 5, 5], "texture": "#cross"}, "up": {"uv": [2, 1, 4, 5], "texture": "#cross"}}}, {"from": [7, 9, 5], "to": [9, 10, 11], "rotation": {"angle": 0, "axis": "y", "origin": [8, 8, 8]}, "faces": {"north": {"uv": [2, 5, 4, 6], "texture": "#cross"}, "east": {"uv": [0, 5, 6, 6], "texture": "#cross"}, "south": {"uv": [2, 5, 4, 6], "texture": "#cross"}, "west": {"uv": [0, 5, 6, 6], "texture": "#cross"}, "up": {"uv": [2, 0, 4, 6], "texture": "#cross"}, "down": {"uv": [2, 0, 4, 6], "texture": "#cross"}}}, {"from": [5, 9, 7], "to": [11, 10, 9], "rotation": {"angle": 0, "axis": "y", "origin": [8, 8, 8]}, "faces": {"north": {"uv": [0, 5, 6, 6], "texture": "#cross"}, "east": {"uv": [2, 5, 4, 6], "texture": "#cross"}, "south": {"uv": [0, 5, 6, 6], "texture": "#cross"}, "west": {"uv": [2, 5, 4, 6], "texture": "#cross"}, "up": {"uv": [0, 2, 6, 4], "texture": "#cross"}, "down": {"uv": [0, 2, 6, 4], "texture": "#cross"}}}, {"from": [6, 9, 6], "to": [10, 10, 10], "rotation": {"angle": 0, "axis": "y", "origin": [8, 8, 8]}, "faces": {"north": {"uv": [1, 5, 5, 6], "texture": "#cross"}, "east": {"uv": [1, 5, 5, 6], "texture": "#cross"}, "south": {"uv": [1, 5, 5, 6], "texture": "#cross"}, "west": {"uv": [1, 5, 5, 6], "texture": "#cross"}, "up": {"uv": [1, 1, 5, 5], "texture": "#cross"}, "down": {"uv": [1, 1, 5, 5], "texture": "#cross"}}}], "groups": [{"name": "cross", "origin": [8, 8, 8], "color": 0, "children": [0, 1]}, 2, {"name": "flower", "origin": [0, 0, 0], "color": 0, "children": [3, 4, 5, 6, 7]}]}