{"parent": "block/template_planks", "textures": {"extra": "3d/block/crafting_table_3d", "east": "block/crafting_table_side", "north": "block/crafting_table_front", "up": "block/crafting_table_top", "particle": "block/oak_planks", "down": "block/oak_planks"}, "elements": [{"name": "crafting_table", "from": [0, 0, 0], "to": [16, 16, 16], "faces": {"north": {"uv": [0, 0, 16, 16], "texture": "#north", "cullface": "north"}, "east": {"uv": [0, 0, 16, 16], "texture": "#east", "cullface": "east"}, "south": {"uv": [0, 0, 16, 16], "texture": "#east", "cullface": "south"}, "west": {"uv": [0, 0, 16, 16], "texture": "#north", "cullface": "west"}, "up": {"uv": [0, 0, 16, 16], "texture": "#up", "cullface": "up"}, "down": {"uv": [0, 0, 16, 16], "texture": "#down", "cullface": "down"}}}, {"from": [0, -0.5, 13], "to": [15, 0, 16], "faces": {"north": {"uv": [0, 2, 15, 3], "rotation": 180, "texture": "#down", "cullface": "down"}, "east": {"uv": [14, 0, 15, 3], "rotation": 270, "texture": "#down", "cullface": "down"}, "south": {"uv": [0, 0, 15, 1], "texture": "#down", "cullface": "down"}, "west": {"uv": [0, 0, 1, 3], "rotation": 90, "texture": "#down", "cullface": "down"}, "down": {"uv": [0, 0, 15, 3], "texture": "#down", "cullface": "down"}}}, {"from": [8, -0.5, 1], "to": [16, 0, 4], "faces": {"north": {"uv": [8, 14, 16, 15], "rotation": 180, "texture": "#down", "cullface": "down"}, "east": {"uv": [15, 12, 16, 15], "rotation": 270, "texture": "#down", "cullface": "down"}, "south": {"uv": [8, 12, 16, 13], "texture": "#down", "cullface": "down"}, "west": {"uv": [8, 12, 9, 15], "rotation": 90, "texture": "#down", "cullface": "down"}, "down": {"uv": [8, 12, 16, 15], "texture": "#down", "cullface": "down"}}}, {"from": [8, -0.5, 9], "to": [16, 0, 12], "faces": {"north": {"uv": [8, 6, 16, 7], "rotation": 180, "texture": "#down", "cullface": "down"}, "east": {"uv": [15, 4, 16, 7], "rotation": 270, "texture": "#down", "cullface": "down"}, "south": {"uv": [8, 4, 16, 5], "texture": "#down", "cullface": "down"}, "west": {"uv": [8, 4, 9, 7], "rotation": 90, "texture": "#down", "cullface": "down"}, "down": {"uv": [8, 4, 16, 7], "texture": "#down", "cullface": "down"}}}, {"from": [0, -0.5, 9], "to": [7, 0, 12], "faces": {"north": {"uv": [0, 6, 7, 7], "rotation": 180, "texture": "#down", "cullface": "down"}, "east": {"uv": [6, 4, 7, 7], "rotation": 270, "texture": "#down", "cullface": "down"}, "south": {"uv": [0, 4, 7, 5], "texture": "#down", "cullface": "down"}, "west": {"uv": [0, 4, 1, 7], "rotation": 90, "texture": "#down", "cullface": "down"}, "down": {"uv": [0, 4, 7, 7], "texture": "#down", "cullface": "down"}}}, {"from": [0, -0.5, 1], "to": [7, 0, 4], "faces": {"north": {"uv": [0, 14, 7, 15], "rotation": 180, "texture": "#down", "cullface": "down"}, "east": {"uv": [6, 12, 7, 15], "rotation": 270, "texture": "#down", "cullface": "down"}, "south": {"uv": [0, 12, 7, 13], "texture": "#down", "cullface": "down"}, "west": {"uv": [0, 12, 1, 15], "rotation": 90, "texture": "#down", "cullface": "down"}, "down": {"uv": [0, 12, 7, 15], "texture": "#down", "cullface": "down"}}}, {"from": [0, -0.5, 5], "to": [15, 0, 8], "faces": {"north": {"uv": [0, 10, 15, 11], "rotation": 180, "texture": "#down", "cullface": "down"}, "east": {"uv": [14, 8, 15, 11], "rotation": 270, "texture": "#down", "cullface": "down"}, "south": {"uv": [0, 8, 15, 9], "texture": "#down", "cullface": "down"}, "west": {"uv": [0, 8, 1, 11], "rotation": 90, "texture": "#down", "cullface": "down"}, "down": {"uv": [0, 8, 15, 11], "texture": "#down", "cullface": "down"}}}, {"name": "side_1", "from": [5, 15.75, -1], "to": [11, 16.75, 0], "faces": {"north": {"uv": [0, 15, 6, 16], "texture": "#extra", "cullface": "north"}, "east": {"uv": [0, 15, 1, 16], "texture": "#extra", "cullface": "north"}, "west": {"uv": [5, 15, 6, 16], "texture": "#extra", "cullface": "north"}, "up": {"uv": [0, 15, 6, 16], "texture": "#extra", "cullface": "north"}, "down": {"uv": [0, 15, 6, 16], "texture": "#extra", "cullface": "north"}}}, {"name": "side_2", "from": [6, 14.75, -1], "to": [10, 15.75, 0], "faces": {"north": {"uv": [0, 14, 4, 15], "texture": "#extra", "cullface": "north"}, "east": {"uv": [0, 14, 1, 15], "texture": "#extra", "cullface": "north"}, "west": {"uv": [0, 14, 1, 15], "texture": "#extra", "cullface": "north"}, "down": {"uv": [0, 14, 4, 15], "texture": "#extra", "cullface": "north"}}}, {"name": "side_3", "from": [7, 13.75, -1], "to": [9, 14.75, 0], "faces": {"north": {"uv": [7, 2, 9, 3], "texture": "#east", "cullface": "north"}, "east": {"uv": [7, 2, 8, 3], "texture": "#east", "cullface": "north"}, "west": {"uv": [8, 2, 9, 3], "texture": "#east", "cullface": "north"}, "down": {"uv": [7, 2, 9, 3], "texture": "#east", "cullface": "north"}}}, {"name": "hammer_handle", "from": [12, 7, -1], "to": [13, 11, 0], "faces": {"north": {"uv": [3, 5, 4, 9], "texture": "#north", "cullface": "north"}, "east": {"uv": [3, 5, 4, 9], "texture": "#north", "cullface": "north"}, "west": {"uv": [3, 5, 4, 9], "texture": "#north", "cullface": "north"}, "up": {"uv": [3, 5, 4, 6], "texture": "#north", "cullface": "north"}}}, {"name": "hammer_head", "from": [11, 5, -1], "to": [14, 7, 0], "faces": {"north": {"uv": [2, 9, 5, 11], "texture": "#north", "cullface": "north"}, "east": {"uv": [2, 9, 3, 11], "texture": "#north", "cullface": "north"}, "west": {"uv": [4, 9, 5, 11], "texture": "#north", "cullface": "north"}, "up": {"uv": [2, 9, 5, 10], "texture": "#north", "cullface": "north"}, "down": {"uv": [2, 10, 5, 11], "rotation": 180, "texture": "#north", "cullface": "north"}}}, {"name": "saw_1", "from": [2, 3, -1], "to": [3, 13, 0], "faces": {"north": {"uv": [13, 3, 14, 13], "texture": "#north", "cullface": "north"}, "east": {"uv": [13, 3, 14, 13], "texture": "#north", "cullface": "north"}, "west": {"uv": [13, 3, 14, 13], "texture": "#north", "cullface": "north"}, "up": {"uv": [13, 3, 14, 4], "texture": "#north", "cullface": "north"}, "down": {"uv": [13, 12, 14, 13], "texture": "#north", "cullface": "north"}}}, {"name": "saw_2", "from": [3, 5, -1], "to": [4, 11, 0], "faces": {"north": {"uv": [12, 5, 13, 11], "texture": "#north", "cullface": "north"}, "east": {"uv": [12, 5, 13, 11], "texture": "#north", "cullface": "north"}, "up": {"uv": [12, 5, 13, 6], "texture": "#north", "cullface": "north"}, "down": {"uv": [12, 10, 13, 11], "texture": "#north", "cullface": "north"}}}, {"name": "saw_3", "from": [4, 7, -1], "to": [5, 13, 0], "faces": {"north": {"uv": [11, 3, 12, 9], "texture": "#north", "cullface": "north"}, "east": {"uv": [11, 3, 12, 9], "texture": "#north", "cullface": "north"}, "west": {"uv": [11, 3, 12, 9], "texture": "#north", "cullface": "north"}, "up": {"uv": [11, 3, 12, 4], "texture": "#north", "cullface": "north"}, "down": {"uv": [11, 8, 12, 9], "texture": "#north", "cullface": "north"}}}, {"name": "saw_4", "from": [3, 12, -1], "to": [4, 13, 0], "faces": {"north": {"uv": [12, 3, 13, 4], "texture": "#north", "cullface": "north"}, "up": {"uv": [12, 3, 13, 4], "texture": "#north", "cullface": "north"}, "down": {"uv": [12, 3, 13, 4], "texture": "#north", "cullface": "north"}}}, {"name": "hammer_handle", "from": [-1, 7, 3], "to": [0, 11, 4], "faces": {"north": {"uv": [3, 5, 4, 9], "texture": "#north", "cullface": "west"}, "south": {"uv": [3, 5, 4, 9], "texture": "#north", "cullface": "west"}, "west": {"uv": [3, 5, 4, 9], "texture": "#north", "cullface": "west"}, "up": {"uv": [3, 5, 4, 6], "texture": "#north", "cullface": "west"}}}, {"name": "hammer_head", "from": [-1, 5, 2], "to": [0, 7, 5], "faces": {"north": {"uv": [2, 9, 3, 11], "texture": "#north", "cullface": "west"}, "south": {"uv": [4, 9, 5, 11], "texture": "#north", "cullface": "west"}, "west": {"uv": [2, 9, 5, 11], "texture": "#north", "cullface": "west"}, "up": {"uv": [2, 9, 5, 10], "texture": "#north", "cullface": "west"}, "down": {"uv": [2, 10, 5, 11], "rotation": 270, "texture": "#north", "cullface": "west"}}}, {"name": "saw_3", "from": [-1, 7, 11], "to": [0, 13, 12], "faces": {"north": {"uv": [11, 3, 12, 9], "texture": "#north", "cullface": "west"}, "south": {"uv": [11, 3, 12, 9], "texture": "#north", "cullface": "west"}, "west": {"uv": [11, 3, 12, 9], "texture": "#north", "cullface": "west"}, "up": {"uv": [11, 3, 12, 4], "texture": "#north", "cullface": "west"}, "down": {"uv": [11, 8, 12, 9], "texture": "#north", "cullface": "west"}}}, {"name": "saw_2", "from": [-1, 5, 12], "to": [0, 11, 13], "faces": {"north": {"uv": [12, 5, 13, 11], "texture": "#north", "cullface": "west"}, "west": {"uv": [12, 5, 13, 11], "texture": "#north", "cullface": "west"}, "up": {"uv": [12, 5, 13, 6], "texture": "#north", "cullface": "west"}, "down": {"uv": [12, 10, 13, 11], "texture": "#north", "cullface": "west"}}}, {"name": "saw_4", "from": [-1, 12, 12], "to": [0, 13, 13], "faces": {"west": {"uv": [12, 3, 13, 4], "texture": "#north", "cullface": "west"}, "up": {"uv": [12, 3, 13, 4], "texture": "#north", "cullface": "west"}, "down": {"uv": [12, 3, 13, 4], "texture": "#north", "cullface": "west"}}}, {"name": "saw_1", "from": [-1, 3, 13], "to": [0, 13, 14], "faces": {"north": {"uv": [13, 3, 14, 13], "texture": "#north", "cullface": "west"}, "south": {"uv": [13, 3, 14, 13], "texture": "#north", "cullface": "west"}, "west": {"uv": [13, 3, 14, 13], "texture": "#north", "cullface": "west"}, "up": {"uv": [13, 3, 14, 4], "texture": "#north", "cullface": "west"}, "down": {"uv": [13, 12, 14, 13], "texture": "#north", "cullface": "west"}}}, {"name": "side_4", "from": [-1, 15.75, 5], "to": [0, 16.75, 11], "faces": {"north": {"uv": [0, 15, 1, 16], "texture": "#extra", "cullface": "west"}, "south": {"uv": [5, 15, 6, 16], "texture": "#extra", "cullface": "west"}, "west": {"uv": [0, 15, 6, 16], "texture": "#extra", "cullface": "west"}, "up": {"uv": [0, 8, 1, 14], "texture": "#extra", "cullface": "west"}, "down": {"uv": [0, 8, 1, 14], "texture": "#extra", "cullface": "west"}}}, {"name": "side_5", "from": [-1, 14.75, 6], "to": [0, 15.75, 10], "faces": {"north": {"uv": [0, 14, 1, 15], "texture": "#extra", "cullface": "west"}, "south": {"uv": [3, 14, 4, 15], "texture": "#extra", "cullface": "west"}, "west": {"uv": [0, 14, 4, 15], "texture": "#extra", "cullface": "west"}, "down": {"uv": [1, 10, 2, 14], "texture": "#extra", "cullface": "west"}}}, {"name": "side_6", "from": [-1, 13.75, 7], "to": [0, 14.75, 9], "faces": {"north": {"uv": [7, 2, 8, 3], "texture": "#east", "cullface": "west"}, "south": {"uv": [8, 2, 9, 3], "texture": "#east", "cullface": "west"}, "west": {"uv": [7, 2, 9, 3], "texture": "#east", "cullface": "west"}, "down": {"uv": [7, 2, 8, 4], "texture": "#east", "cullface": "west"}}}, {"name": "scissor_handle", "from": [3, 9, 16], "to": [4, 11, 17], "faces": {"east": {"uv": [3, 5, 4, 7], "texture": "#east", "cullface": "south"}, "south": {"uv": [3, 5, 4, 7], "texture": "#east", "cullface": "south"}, "west": {"uv": [3, 5, 4, 7], "texture": "#east", "cullface": "south"}, "up": {"uv": [3, 5, 4, 6], "texture": "#east", "cullface": "south"}, "down": {"uv": [3, 6, 4, 7], "texture": "#east", "cullface": "south"}}}, {"name": "scissor_blade_1", "from": [4, 8, 16], "to": [5, 9, 17], "faces": {"east": {"uv": [4, 7, 5, 8], "texture": "#east", "cullface": "south"}, "south": {"uv": [4, 7, 5, 8], "texture": "#east", "cullface": "south"}, "west": {"uv": [4, 7, 5, 8], "texture": "#east", "cullface": "south"}, "up": {"uv": [4, 7, 5, 8], "texture": "#east", "cullface": "south"}, "down": {"uv": [4, 7, 5, 8], "texture": "#east", "cullface": "south"}}}, {"name": "scissor_blade_2", "from": [3, 6, 16], "to": [4, 8, 17], "faces": {"east": {"uv": [3, 8, 4, 10], "texture": "#east", "cullface": "south"}, "south": {"uv": [3, 8, 4, 10], "texture": "#east", "cullface": "south"}, "west": {"uv": [3, 8, 4, 10], "texture": "#east", "cullface": "south"}, "up": {"uv": [3, 8, 4, 9], "texture": "#east", "cullface": "south"}, "down": {"uv": [3, 9, 4, 10], "texture": "#east", "cullface": "south"}}}, {"name": "scissor_blade_2", "from": [5, 6, 16], "to": [6, 8, 17], "faces": {"east": {"uv": [3, 8, 4, 10], "texture": "#east", "cullface": "south"}, "south": {"uv": [3, 8, 4, 10], "texture": "#east", "cullface": "south"}, "west": {"uv": [3, 8, 4, 10], "texture": "#east", "cullface": "south"}, "up": {"uv": [3, 8, 4, 9], "texture": "#east", "cullface": "south"}, "down": {"uv": [3, 9, 4, 10], "texture": "#east", "cullface": "south"}}}, {"name": "scissor_handle", "from": [5, 9, 16], "to": [6, 11, 17], "faces": {"east": {"uv": [3, 5, 4, 7], "texture": "#east", "cullface": "south"}, "south": {"uv": [3, 5, 4, 7], "texture": "#east", "cullface": "south"}, "west": {"uv": [3, 5, 4, 7], "texture": "#east", "cullface": "south"}, "up": {"uv": [3, 5, 4, 6], "texture": "#east", "cullface": "south"}, "down": {"uv": [3, 6, 4, 7], "texture": "#east", "cullface": "south"}}}, {"name": "side_2", "from": [6, 14.75, 16], "to": [10, 15.75, 17], "faces": {"east": {"uv": [0, 14, 1, 15], "texture": "#extra", "cullface": "south"}, "south": {"uv": [0, 14, 4, 15], "texture": "#extra", "cullface": "south"}, "west": {"uv": [0, 14, 1, 15], "texture": "#extra", "cullface": "south"}, "down": {"uv": [0, 14, 4, 15], "texture": "#extra", "cullface": "south"}}}, {"name": "side_3", "from": [7, 13.75, 16], "to": [9, 14.75, 17], "faces": {"east": {"uv": [7, 2, 8, 3], "texture": "#east", "cullface": "south"}, "south": {"uv": [7, 2, 9, 3], "texture": "#east", "cullface": "south"}, "west": {"uv": [8, 2, 9, 3], "texture": "#east", "cullface": "south"}, "down": {"uv": [7, 2, 9, 3], "texture": "#east", "cullface": "south"}}}, {"name": "side_1", "from": [5, 15.75, 16], "to": [11, 16.75, 17], "faces": {"east": {"uv": [0, 15, 1, 16], "texture": "#extra", "cullface": "south"}, "south": {"uv": [0, 15, 6, 16], "texture": "#extra", "cullface": "south"}, "west": {"uv": [5, 15, 6, 16], "texture": "#extra", "cullface": "south"}, "up": {"uv": [0, 15, 6, 16], "texture": "#extra", "cullface": "south"}, "down": {"uv": [0, 15, 6, 16], "texture": "#extra", "cullface": "south"}}}, {"name": "side_4", "from": [16, 15.75, 5], "to": [17, 16.75, 11], "faces": {"north": {"uv": [0, 15, 1, 16], "texture": "#extra", "cullface": "east"}, "east": {"uv": [0, 15, 6, 16], "texture": "#extra", "cullface": "east"}, "south": {"uv": [5, 15, 6, 16], "texture": "#extra", "cullface": "east"}, "up": {"uv": [0, 8, 1, 14], "texture": "#extra", "cullface": "east"}, "down": {"uv": [0, 8, 1, 14], "texture": "#extra", "cullface": "east"}}}, {"name": "side_5", "from": [16, 14.75, 6], "to": [17, 15.75, 10], "faces": {"north": {"uv": [0, 14, 1, 15], "texture": "#extra", "cullface": "east"}, "east": {"uv": [0, 14, 4, 15], "texture": "#extra", "cullface": "east"}, "south": {"uv": [3, 14, 4, 15], "texture": "#extra", "cullface": "east"}, "down": {"uv": [1, 10, 2, 14], "texture": "#extra", "cullface": "east"}}}, {"name": "side_6", "from": [16, 13.75, 7], "to": [17, 14.75, 9], "faces": {"north": {"uv": [7, 2, 8, 3], "texture": "#east", "cullface": "east"}, "east": {"uv": [7, 2, 9, 3], "texture": "#east", "cullface": "east"}, "south": {"uv": [8, 2, 9, 3], "texture": "#east", "cullface": "east"}, "down": {"uv": [7, 2, 8, 4], "texture": "#east", "cullface": "east"}}}, {"name": "scissor_handle", "from": [16, 9, 10], "to": [17, 11, 11], "faces": {"north": {"uv": [3, 5, 4, 7], "texture": "#east", "cullface": "east"}, "east": {"uv": [3, 5, 4, 7], "texture": "#east", "cullface": "east"}, "south": {"uv": [3, 5, 4, 7], "texture": "#east", "cullface": "east"}, "up": {"uv": [3, 5, 4, 6], "texture": "#east", "cullface": "east"}, "down": {"uv": [3, 6, 4, 7], "texture": "#east", "cullface": "east"}}}, {"name": "scissor_handle", "from": [16, 9, 12], "to": [17, 11, 13], "faces": {"north": {"uv": [3, 5, 4, 7], "texture": "#east", "cullface": "east"}, "east": {"uv": [3, 5, 4, 7], "texture": "#east", "cullface": "east"}, "south": {"uv": [3, 5, 4, 7], "texture": "#east", "cullface": "east"}, "up": {"uv": [3, 5, 4, 6], "texture": "#east", "cullface": "east"}, "down": {"uv": [3, 6, 4, 7], "texture": "#east", "cullface": "east"}}}, {"name": "scissor_blade_1", "from": [16, 8, 11], "to": [17, 9, 12], "faces": {"north": {"uv": [4, 7, 5, 8], "texture": "#east", "cullface": "east"}, "east": {"uv": [4, 7, 5, 8], "texture": "#east", "cullface": "east"}, "south": {"uv": [4, 7, 5, 8], "texture": "#east", "cullface": "east"}, "up": {"uv": [4, 7, 5, 8], "texture": "#east", "cullface": "east"}, "down": {"uv": [4, 7, 5, 8], "texture": "#east", "cullface": "east"}}}, {"name": "scissor_blade_2", "from": [16, 6, 12], "to": [17, 8, 13], "faces": {"north": {"uv": [3, 8, 4, 10], "texture": "#east", "cullface": "east"}, "east": {"uv": [3, 8, 4, 10], "texture": "#east", "cullface": "east"}, "south": {"uv": [3, 8, 4, 10], "texture": "#east", "cullface": "east"}, "up": {"uv": [3, 8, 4, 9], "texture": "#east", "cullface": "east"}, "down": {"uv": [3, 9, 4, 10], "texture": "#east", "cullface": "east"}}}, {"name": "scissor_blade_2", "from": [16, 6, 10], "to": [17, 8, 11], "faces": {"north": {"uv": [3, 8, 4, 10], "texture": "#east", "cullface": "east"}, "east": {"uv": [3, 8, 4, 10], "texture": "#east", "cullface": "east"}, "south": {"uv": [3, 8, 4, 10], "texture": "#east", "cullface": "east"}, "up": {"uv": [3, 8, 4, 9], "texture": "#east", "cullface": "east"}, "down": {"uv": [3, 9, 4, 10], "texture": "#east", "cullface": "east"}}}, {"name": "top_3", "from": [13, 16, 2], "to": [14, 16.75, 14], "faces": {"north": {"uv": [4, 0, 5, 0.75], "texture": "#up", "cullface": "up"}, "east": {"uv": [15, 0, 16, 16], "rotation": 90, "texture": "#up", "cullface": "up"}, "south": {"uv": [4, 15, 5, 15.75], "texture": "#up", "cullface": "up"}, "up": {"uv": [2, 2, 3, 14], "texture": "#up", "cullface": "up"}}}, {"name": "top_4", "from": [14, 16, 3], "to": [15, 16.75, 13], "faces": {"north": {"uv": [4, 0, 5, 0.75], "texture": "#up", "cullface": "up"}, "east": {"uv": [15, 0, 16, 16], "rotation": 90, "texture": "#up", "cullface": "up"}, "south": {"uv": [4, 15, 5, 15.75], "texture": "#up", "cullface": "up"}, "up": {"uv": [1, 3, 2, 13], "texture": "#up", "cullface": "up"}}}, {"name": "top_5", "from": [15, 16, 4], "to": [16, 16.75, 12], "faces": {"north": {"uv": [4, 0, 5, 0.75], "texture": "#up", "cullface": "up"}, "east": {"uv": [15, 4, 16, 12], "rotation": 90, "texture": "#up", "cullface": "up"}, "south": {"uv": [4, 15, 5, 15.75], "texture": "#up", "cullface": "up"}, "up": {"uv": [0, 4, 1, 12], "texture": "#up", "cullface": "up"}}}, {"name": "top_2", "from": [12, 16, 1], "to": [13, 16.75, 15], "faces": {"north": {"uv": [4, 0, 5, 0.75], "texture": "#up", "cullface": "up"}, "east": {"uv": [15, 0, 16, 16], "rotation": 90, "texture": "#up", "cullface": "up"}, "south": {"uv": [4, 15, 5, 15.75], "texture": "#up", "cullface": "up"}, "up": {"uv": [3, 1, 4, 15], "texture": "#up", "cullface": "up"}}}, {"name": "top_1", "from": [4, 16, 0], "to": [12, 16.75, 16], "faces": {"north": {"uv": [4, 0, 12, 0.75], "texture": "#up", "cullface": "up"}, "east": {"uv": [11, 0, 12, 16], "rotation": 90, "texture": "#up", "cullface": "up"}, "south": {"uv": [4, 15, 12, 15.75], "texture": "#up", "cullface": "up"}, "west": {"uv": [4, 0, 5, 16], "rotation": 90, "texture": "#up", "cullface": "up"}, "up": {"uv": [4, 0, 12, 15.95], "texture": "#up", "cullface": "up"}}}, {"name": "top_2", "from": [3, 16, 1], "to": [4, 16.75, 15], "faces": {"north": {"uv": [4, 0, 5, 0.75], "texture": "#up", "cullface": "up"}, "south": {"uv": [4, 15, 5, 15.75], "texture": "#up", "cullface": "up"}, "west": {"uv": [0, 4, 1, 12], "rotation": 90, "texture": "#up", "cullface": "up"}, "up": {"uv": [3, 1, 4, 15], "texture": "#up", "cullface": "up"}}}, {"name": "top_3", "from": [2, 16, 2], "to": [3, 16.75, 14], "faces": {"north": {"uv": [4, 0, 5, 0.75], "texture": "#up", "cullface": "up"}, "south": {"uv": [4, 15, 5, 15.75], "texture": "#up", "cullface": "up"}, "west": {"uv": [0, 4, 1, 12], "rotation": 90, "texture": "#up", "cullface": "up"}, "up": {"uv": [2, 2, 3, 14], "texture": "#up", "cullface": "up"}}}, {"name": "top_4", "from": [1, 16, 3], "to": [2, 16.75, 13], "faces": {"north": {"uv": [4, 0, 5, 0.75], "texture": "#up", "cullface": "up"}, "south": {"uv": [4, 15, 5, 15.75], "texture": "#up", "cullface": "up"}, "west": {"uv": [0, 4, 1, 12], "rotation": 90, "texture": "#up", "cullface": "up"}, "up": {"uv": [1, 3, 2, 13], "texture": "#up", "cullface": "up"}}}, {"name": "top_5", "from": [0, 16, 4], "to": [1, 16.75, 12], "faces": {"north": {"uv": [4, 0, 5, 0.75], "texture": "#up", "cullface": "up"}, "south": {"uv": [4, 15, 5, 15.75], "texture": "#up", "cullface": "up"}, "west": {"uv": [0, 4, 1, 12], "rotation": 90, "texture": "#up", "cullface": "up"}, "up": {"uv": [0, 4, 1, 12], "texture": "#up", "cullface": "up"}}}, {"name": "Cube", "from": [12, 16.75, 3], "to": [13, 17, 13], "faces": {"north": {"uv": [12, 3, 13, 4], "texture": "#up", "cullface": "up"}, "east": {"uv": [12, 3, 13, 13], "rotation": 90, "texture": "#up", "cullface": "up"}, "south": {"uv": [12, 12, 13, 13], "texture": "#up", "cullface": "up"}, "west": {"uv": [12, 13, 13, 3], "rotation": 90, "texture": "#up", "cullface": "up"}, "up": {"uv": [12, 3, 13, 13], "texture": "#up", "cullface": "up"}}}, {"name": "Cube", "from": [4, 16.75, 12], "to": [12, 17, 13], "faces": {"north": {"uv": [12, 12, 4, 13], "texture": "#up", "cullface": "up"}, "south": {"uv": [4, 12, 12, 13], "texture": "#up", "cullface": "up"}, "up": {"uv": [4, 12, 12, 13], "texture": "#up", "cullface": "up"}}}, {"name": "Cube", "from": [4, 16.75, 9], "to": [12, 17, 10], "faces": {"north": {"uv": [12, 9, 4, 10], "texture": "#up", "cullface": "up"}, "south": {"uv": [4, 9, 12, 10], "texture": "#up", "cullface": "up"}, "up": {"uv": [4, 9, 12, 10], "texture": "#up", "cullface": "up"}}}, {"name": "Cube", "from": [9, 16.75, 4], "to": [10, 17, 12], "faces": {"east": {"uv": [9, 4, 10, 12], "rotation": 90, "texture": "#up", "cullface": "up"}, "west": {"uv": [9, 12, 10, 4], "rotation": 90, "texture": "#up", "cullface": "up"}, "up": {"uv": [9, 4, 10, 12], "texture": "#up", "cullface": "up"}}}, {"name": "Cube", "from": [6, 16.75, 4], "to": [7, 17, 12], "faces": {"east": {"uv": [6, 4, 7, 12], "rotation": 90, "texture": "#up", "cullface": "up"}, "west": {"uv": [6, 12, 7, 4], "rotation": 90, "texture": "#up", "cullface": "up"}, "up": {"uv": [6, 4, 7, 12], "texture": "#up", "cullface": "up"}}}, {"name": "Cube", "from": [3, 16.75, 3], "to": [4, 17, 13], "faces": {"north": {"uv": [3, 3, 4, 4], "texture": "#up", "cullface": "up"}, "east": {"uv": [3, 3, 4, 13], "rotation": 90, "texture": "#up", "cullface": "up"}, "south": {"uv": [3, 12, 4, 13], "texture": "#up", "cullface": "up"}, "west": {"uv": [3, 13, 4, 3], "rotation": 90, "texture": "#up", "cullface": "up"}, "up": {"uv": [3, 3, 4, 13], "texture": "#up", "cullface": "up"}}}, {"name": "Cube", "from": [4, 16.75, 6], "to": [12, 17, 7], "faces": {"north": {"uv": [12, 6, 4, 7], "texture": "#up", "cullface": "up"}, "south": {"uv": [4, 6, 12, 7], "texture": "#up", "cullface": "up"}, "up": {"uv": [4, 6, 12, 7], "texture": "#up", "cullface": "up"}}}, {"name": "Cube", "from": [4, 16.75, 3], "to": [12, 17, 4], "faces": {"north": {"uv": [12, 3, 4, 4], "texture": "#up", "cullface": "up"}, "south": {"uv": [4, 3, 12, 4], "texture": "#up", "cullface": "up"}, "up": {"uv": [4, 3, 12, 4], "texture": "#up", "cullface": "up"}}}], "groups": [0, {"name": "down", "origin": [8, 8, 8], "color": 0, "children": [1, 2, 3, 4, 5, 6]}, {"name": "north", "origin": [0, 0, 0], "color": 0, "children": [7, 8, 9, 10, 11, 12, 13, 14, 15]}, {"name": "west", "origin": [0, 0, 0], "color": 0, "children": [16, 17, 18, 19, 20, 21, 22, 23, 24]}, {"name": "south", "origin": [0, 0, 0], "color": 0, "children": [25, 26, 27, 28, 29, 30, 31, 32]}, {"name": "east", "origin": [0, 0, 0], "color": 0, "children": [33, 34, 35, 36, 37, 38, 39, 40]}, {"name": "top", "origin": [0, 0, 0], "color": 0, "children": [41, 42, 43, 44, 45, 46, 47, 48, 49, 50, 51, 52, 53, 54, 55, 56, 57]}]}