{"parent": "block/block", "textures": {"1": "block/damaged_anvil_top", "particle": "block/anvil", "body": "block/anvil"}, "elements": [{"name": "Anvil base", "from": [2, 0, 2], "to": [14, 4, 14], "faces": {"north": {"uv": [2, 12, 14, 16], "texture": "#body"}, "east": {"uv": [4, 2, 0, 14], "rotation": 270, "texture": "#body"}, "south": {"uv": [2, 12, 14, 16], "texture": "#body"}, "west": {"uv": [0, 2, 4, 14], "rotation": 90, "texture": "#body"}, "up": {"uv": [2, 2, 14, 14], "rotation": 180, "texture": "#body"}, "down": {"uv": [2, 2, 14, 14], "rotation": 180, "texture": "#body", "cullface": "down"}}}, {"name": "Lower narrow portion", "from": [4, 4, 3], "to": [12, 5, 13], "faces": {"north": {"uv": [4, 11, 12, 12], "texture": "#body"}, "east": {"uv": [5, 3, 4, 13], "rotation": 270, "texture": "#body"}, "south": {"uv": [4, 11, 12, 12], "texture": "#body"}, "west": {"uv": [4, 3, 5, 13], "rotation": 90, "texture": "#body"}, "up": {"uv": [4, 3, 12, 13], "rotation": 180, "texture": "#body"}}}, {"name": "Wider section beneath top portion", "from": [6, 5, 4], "to": [10, 10, 12], "faces": {"north": {"uv": [6, 6, 10, 11], "texture": "#body"}, "east": {"uv": [10, 4, 5, 12], "rotation": 270, "texture": "#body"}, "south": {"uv": [6, 6, 10, 11], "texture": "#body"}, "west": {"uv": [5, 4, 10, 12], "rotation": 90, "texture": "#body"}}}, {"name": "Anvil top", "from": [3, 10, 0], "to": [13, 15.5, 16], "faces": {"north": {"uv": [3, 0.5, 13, 6], "texture": "#body", "cullface": "north"}, "east": {"uv": [10.5, 0, 16, 16], "rotation": 90, "texture": "#body"}, "south": {"uv": [3, 0.5, 13, 6], "texture": "#body", "cullface": "south"}, "west": {"uv": [10.5, 0, 16, 16], "rotation": 90, "texture": "#body"}, "up": {"uv": [3, 0, 13, 16], "rotation": 180, "texture": "#1"}, "down": {"uv": [3, 0, 13, 16], "rotation": 180, "texture": "#body"}}}, {"from": [4, 15.5, 0], "to": [8, 16, 1], "faces": {"north": {"uv": [8, 0, 12, 1], "texture": "#body"}, "east": {"uv": [8, 15, 9, 16], "rotation": 270, "texture": "#1"}, "south": {"uv": [8, 15, 12, 16], "rotation": 180, "texture": "#1", "cullface": "up"}, "west": {"uv": [11, 15, 12, 16], "rotation": 90, "texture": "#1"}, "up": {"uv": [8, 15, 12, 16], "rotation": 180, "texture": "#1", "cullface": "up"}}}, {"from": [9, 15.5, 0], "to": [13, 16, 1], "faces": {"north": {"uv": [3, 0, 7, 1], "texture": "#body"}, "east": {"uv": [10, 0, 11, 1], "rotation": 270, "texture": "#body"}, "west": {"uv": [7, 14, 8, 15], "rotation": 90, "texture": "#1"}, "up": {"uv": [3, 15, 7, 16], "rotation": 180, "texture": "#1", "cullface": "up"}}}, {"from": [8, 15.5, 1], "to": [13, 16, 2], "faces": {"north": {"uv": [3, 14, 8, 15], "texture": "#1"}, "east": {"uv": [10, 1, 11, 2], "rotation": 270, "texture": "#body"}, "south": {"uv": [3, 14, 8, 15], "rotation": 180, "texture": "#1"}, "west": {"uv": [7, 14, 8, 15], "rotation": 90, "texture": "#1", "cullface": "up"}, "up": {"uv": [3, 14, 8, 15], "rotation": 180, "texture": "#1", "cullface": "up"}}}, {"from": [7, 15.5, 2], "to": [12, 16, 3], "faces": {"north": {"uv": [4, 13, 9, 14], "texture": "#1", "cullface": "up"}, "east": {"uv": [4, 13, 5, 14], "rotation": 270, "texture": "#1"}, "south": {"uv": [4, 13, 9, 14], "rotation": 180, "texture": "#1", "cullface": "up"}, "west": {"uv": [8, 13, 9, 14], "rotation": 90, "texture": "#1", "cullface": "up"}, "up": {"uv": [4, 13, 9, 14], "rotation": 180, "texture": "#1", "cullface": "up"}}}, {"from": [8, 15.5, 3], "to": [11, 16, 4], "faces": {"east": {"uv": [5, 12, 6, 13], "rotation": 270, "texture": "#1", "cullface": "up"}, "south": {"uv": [5, 12, 8, 13], "rotation": 180, "texture": "#1", "cullface": "up"}, "west": {"uv": [7, 12, 8, 13], "rotation": 90, "texture": "#1", "cullface": "up"}, "up": {"uv": [5, 12, 8, 13], "rotation": 180, "texture": "#1", "cullface": "up"}}}, {"from": [8, 15.5, 5], "to": [11, 16, 6], "faces": {"north": {"uv": [5, 10, 8, 11], "texture": "#1", "cullface": "up"}, "east": {"uv": [5, 12, 6, 13], "rotation": 270, "texture": "#1", "cullface": "up"}, "west": {"uv": [7, 10, 8, 11], "rotation": 90, "texture": "#1", "cullface": "up"}, "up": {"uv": [5, 10, 8, 11], "rotation": 180, "texture": "#1", "cullface": "up"}}}, {"from": [8, 15.5, 6], "to": [12, 16, 8], "faces": {"north": {"uv": [4, 9, 8, 10], "texture": "#1", "cullface": "up"}, "south": {"uv": [4, 8, 8, 9], "rotation": 180, "texture": "#1", "cullface": "up"}, "west": {"uv": [7, 8, 8, 10], "rotation": 90, "texture": "#1", "cullface": "up"}, "up": {"uv": [4, 8, 8, 10], "rotation": 180, "texture": "#1", "cullface": "up"}}}, {"from": [10, 15.5, 8], "to": [12, 16, 9], "faces": {"east": {"uv": [4, 7, 5, 8], "rotation": 270, "texture": "#1"}, "south": {"uv": [4, 7, 6, 8], "rotation": 180, "texture": "#1", "cullface": "up"}, "west": {"uv": [5, 7, 6, 8], "rotation": 90, "texture": "#1", "cullface": "up"}, "up": {"uv": [4, 7, 6, 8], "rotation": 180, "texture": "#1", "cullface": "up"}}}, {"from": [12, 15.5, 9], "to": [13, 16, 15], "faces": {"north": {"uv": [3, 6, 4, 7], "texture": "#1", "cullface": "up"}, "east": {"uv": [10, 9, 11, 15], "rotation": 90, "texture": "#body"}, "west": {"uv": [3, 1, 4, 7], "rotation": 90, "texture": "#1", "cullface": "up"}, "up": {"uv": [3, 1, 4, 7], "rotation": 180, "texture": "#1", "cullface": "up"}}}, {"from": [11, 15.5, 12], "to": [12, 16, 13], "faces": {"south": {"uv": [4, 3, 5, 4], "rotation": 180, "texture": "#1", "cullface": "up"}, "west": {"uv": [4, 3, 5, 4], "rotation": 90, "texture": "#1", "cullface": "up"}, "up": {"uv": [4, 3, 5, 4], "rotation": 180, "texture": "#1", "cullface": "up"}}}, {"from": [10, 15.5, 10], "to": [12, 16, 12], "faces": {"north": {"uv": [4, 5, 6, 6], "texture": "#1", "cullface": "up"}, "south": {"uv": [4, 4, 6, 5], "rotation": 180, "texture": "#1", "cullface": "up"}, "west": {"uv": [5, 4, 6, 6], "rotation": 90, "texture": "#1", "cullface": "up"}, "up": {"uv": [4, 4, 6, 6], "rotation": 180, "texture": "#1", "cullface": "up"}}}, {"from": [8, 15.5, 13], "to": [11, 16, 14], "faces": {"north": {"uv": [5, 2, 8, 3], "texture": "#1", "cullface": "up"}, "east": {"uv": [5, 2, 6, 3], "rotation": 270, "texture": "#1", "cullface": "up"}, "south": {"uv": [5, 2, 8, 3], "rotation": 180, "texture": "#1", "cullface": "up"}, "west": {"uv": [7, 2, 8, 3], "rotation": 90, "texture": "#1", "cullface": "up"}, "up": {"uv": [5, 2, 8, 3], "rotation": 180, "texture": "#1", "cullface": "up"}}}, {"from": [5, 15.5, 14], "to": [10, 16, 15], "faces": {"north": {"uv": [6, 1, 11, 2], "texture": "#1", "cullface": "up"}, "east": {"uv": [6, 1, 7, 2], "rotation": 270, "texture": "#1", "cullface": "up"}, "west": {"uv": [10, 1, 11, 2], "rotation": 90, "texture": "#1", "cullface": "up"}, "up": {"uv": [6, 1, 11, 2], "rotation": 180, "texture": "#1", "cullface": "up"}}}, {"from": [4, 15.5, 15], "to": [13, 16, 16], "faces": {"north": {"uv": [3, 0, 12, 1], "texture": "#1", "cullface": "up"}, "east": {"uv": [10, 15, 11, 16], "rotation": 270, "texture": "#body"}, "south": {"uv": [4, 0, 13, 1], "texture": "#body"}, "west": {"uv": [11, 0, 12, 1], "rotation": 90, "texture": "#1"}, "up": {"uv": [3, 0, 12, 1], "rotation": 180, "texture": "#1", "cullface": "up"}}}, {"from": [5, 15.5, 1], "to": [7, 16, 2], "faces": {"east": {"uv": [9, 14, 10, 15], "rotation": 270, "texture": "#1", "cullface": "up"}, "south": {"uv": [9, 14, 11, 15], "rotation": 180, "texture": "#1", "cullface": "up"}, "west": {"uv": [10, 14, 11, 15], "rotation": 90, "texture": "#1", "cullface": "up"}, "up": {"uv": [9, 14, 11, 15], "rotation": 180, "texture": "#1", "cullface": "up"}}}, {"from": [3, 15.5, 3], "to": [7, 16, 5], "faces": {"north": {"uv": [9, 12, 13, 13], "texture": "#1", "cullface": "up"}, "east": {"uv": [9, 11, 10, 13], "rotation": 270, "texture": "#1", "cullface": "up"}, "south": {"uv": [9, 11, 13, 12], "rotation": 180, "texture": "#1"}, "west": {"uv": [10, 11, 11, 13], "rotation": 90, "texture": "#body"}, "up": {"uv": [9, 11, 13, 13], "rotation": 180, "texture": "#1", "cullface": "up"}}}, {"from": [4, 15.5, 5], "to": [5, 16, 6], "faces": {"south": {"uv": [11, 10, 12, 11], "rotation": 180, "texture": "#1", "cullface": "up"}, "west": {"uv": [11, 10, 12, 11], "rotation": 90, "texture": "#1"}, "up": {"uv": [11, 10, 12, 11], "rotation": 180, "texture": "#1", "cullface": "up"}}}, {"from": [5, 15.5, 5], "to": [7, 16, 8], "faces": {"east": {"uv": [9, 8, 10, 11], "rotation": 270, "texture": "#1", "cullface": "up"}, "south": {"uv": [9, 8, 11, 9], "rotation": 180, "texture": "#1", "cullface": "up"}, "west": {"uv": [10, 8, 11, 11], "rotation": 90, "texture": "#1", "cullface": "up"}, "up": {"uv": [9, 8, 11, 11], "rotation": 180, "texture": "#1", "cullface": "up"}}}, {"from": [3, 15.5, 6], "to": [4, 16, 10], "faces": {"north": {"uv": [12, 9, 13, 10], "texture": "#1"}, "east": {"uv": [12, 6, 13, 10], "rotation": 270, "texture": "#1", "cullface": "up"}, "west": {"uv": [10, 6, 11, 10], "rotation": 90, "texture": "#body"}, "up": {"uv": [12, 6, 13, 10], "rotation": 180, "texture": "#1", "cullface": "up"}}}, {"from": [7, 15.5, 8], "to": [8, 16, 12], "faces": {"north": {"uv": [8, 7, 9, 8], "texture": "#1", "cullface": "up"}, "east": {"uv": [8, 4, 9, 8], "rotation": 270, "texture": "#1", "cullface": "up"}, "west": {"uv": [8, 4, 9, 8], "rotation": 90, "texture": "#1", "cullface": "up"}, "up": {"uv": [8, 4, 9, 8], "rotation": 180, "texture": "#1", "cullface": "up"}}}, {"from": [8, 15.5, 9], "to": [9, 16, 12], "faces": {"north": {"uv": [7, 6, 8, 7], "texture": "#1", "cullface": "up"}, "east": {"uv": [7, 4, 8, 7], "rotation": 270, "texture": "#1", "cullface": "up"}, "south": {"uv": [7, 4, 8, 5], "rotation": 180, "texture": "#1", "cullface": "up"}, "up": {"uv": [7, 4, 8, 7], "rotation": 180, "texture": "#1", "cullface": "up"}}}, {"from": [9, 15.5, 9], "to": [10, 16, 10], "faces": {"north": {"uv": [6, 6, 7, 7], "texture": "#1", "cullface": "up"}, "east": {"uv": [6, 6, 7, 7], "rotation": 270, "texture": "#1", "cullface": "up"}, "south": {"uv": [6, 6, 7, 7], "rotation": 180, "texture": "#1", "cullface": "up"}, "up": {"uv": [6, 6, 7, 7], "rotation": 180, "texture": "#1", "cullface": "up"}}}, {"from": [6, 15.5, 12], "to": [8, 16, 13], "faces": {"north": {"uv": [8, 3, 10, 4], "texture": "#1", "cullface": "up"}, "east": {"uv": [8, 3, 9, 4], "rotation": 270, "texture": "#1", "cullface": "up"}, "south": {"uv": [8, 3, 10, 4], "rotation": 180, "texture": "#1", "cullface": "up"}, "up": {"uv": [8, 3, 10, 4], "rotation": 180, "texture": "#1", "cullface": "up"}}}, {"from": [3, 15.5, 10], "to": [6, 16, 13], "faces": {"north": {"uv": [10, 5, 13, 6], "texture": "#1", "cullface": "up"}, "east": {"uv": [10, 3, 11, 6], "rotation": 270, "texture": "#1", "cullface": "up"}, "south": {"uv": [10, 3, 13, 4], "rotation": 180, "texture": "#1", "cullface": "up"}, "west": {"uv": [10, 3, 11, 6], "rotation": 90, "texture": "#body"}, "up": {"uv": [10, 3, 13, 6], "rotation": 180, "texture": "#1", "cullface": "up"}}}, {"from": [3, 15.5, 13], "to": [5, 16, 14], "faces": {"east": {"uv": [11, 2, 12, 3], "rotation": 270, "texture": "#1", "cullface": "up"}, "south": {"uv": [11, 2, 13, 3], "rotation": 180, "texture": "#1", "cullface": "up"}, "west": {"uv": [10, 2, 11, 3], "rotation": 90, "texture": "#body"}, "up": {"uv": [11, 2, 13, 3], "rotation": 180, "texture": "#1", "cullface": "up"}}}, {"from": [3, 15.5, 14], "to": [4, 16, 15], "faces": {"east": {"uv": [12, 1, 13, 2], "rotation": 270, "texture": "#1", "cullface": "up"}, "south": {"uv": [12, 1, 13, 2], "rotation": 180, "texture": "#1"}, "west": {"uv": [10, 1, 11, 2], "rotation": 90, "texture": "#body"}, "up": {"uv": [12, 1, 13, 2], "rotation": 180, "texture": "#1", "cullface": "up"}}}, {"from": [3, 15.5, 2], "to": [5, 16, 3], "faces": {"north": {"uv": [11, 13, 13, 14], "texture": "#1", "cullface": "up"}, "east": {"uv": [11, 13, 12, 14], "rotation": 270, "texture": "#1", "cullface": "up"}, "west": {"uv": [10, 13, 11, 14], "rotation": 90, "texture": "#body"}, "up": {"uv": [11, 13, 13, 14], "rotation": 180, "texture": "#1", "cullface": "up"}}}, {"from": [3, 15.5, 1], "to": [4, 16, 2], "faces": {"north": {"uv": [12, 14, 13, 15], "texture": "#1"}, "east": {"uv": [12, 14, 13, 15], "rotation": 270, "texture": "#1", "cullface": "up"}, "west": {"uv": [10, 14, 11, 15], "rotation": 90, "texture": "#body"}, "up": {"uv": [12, 14, 13, 15], "texture": "#1", "cullface": "up"}}}, {"from": [11, 15.5, 4], "to": [12, 16, 5], "faces": {"north": {"uv": [4, 11, 5, 12], "texture": "#1", "cullface": "up"}, "south": {"uv": [4, 11, 5, 12], "rotation": 180, "texture": "#1", "cullface": "up"}, "west": {"uv": [4, 11, 5, 12], "rotation": 90, "texture": "#1", "cullface": "up"}, "up": {"uv": [4, 11, 5, 12], "rotation": 180, "texture": "#1", "cullface": "up"}}}, {"from": [7, 15.5, 4], "to": [8, 16, 5], "faces": {"north": {"uv": [8, 11, 9, 12], "texture": "#1", "cullface": "up"}, "east": {"uv": [8, 11, 9, 12], "rotation": 270, "texture": "#1", "cullface": "up"}, "south": {"uv": [8, 11, 9, 12], "rotation": 180, "texture": "#1", "cullface": "up"}, "up": {"uv": [8, 11, 9, 12], "rotation": 180, "texture": "#1", "cullface": "up"}}}, {"from": [12, 15.5, 3], "to": [13, 16, 8], "faces": {"north": {"uv": [3, 12, 4, 13], "texture": "#1", "cullface": "up"}, "east": {"uv": [10, 3, 11, 8], "rotation": 90, "texture": "#body"}, "south": {"uv": [3, 8, 4, 9], "rotation": 180, "texture": "#1"}, "west": {"uv": [3, 8, 4, 13], "rotation": 90, "texture": "#1", "cullface": "up"}, "up": {"uv": [3, 8, 4, 13], "rotation": 180, "texture": "#1", "cullface": "up"}}}, {"from": [5, 15.5, 8], "to": [6, 16, 9], "faces": {"east": {"uv": [10, 7, 11, 8], "rotation": 270, "texture": "#1", "cullface": "up"}, "south": {"uv": [10, 7, 11, 8], "rotation": 180, "texture": "#1", "cullface": "up"}, "west": {"uv": [10, 7, 11, 8], "rotation": 90, "texture": "#1", "cullface": "up"}, "up": {"uv": [10, 7, 11, 8], "rotation": 180, "texture": "#1", "cullface": "up"}}}, {"from": [6, 15.5, 9], "to": [7, 16, 10], "faces": {"north": {"uv": [9, 6, 10, 7], "texture": "#1", "cullface": "up"}, "south": {"uv": [9, 6, 10, 7], "rotation": 180, "texture": "#1", "cullface": "up"}, "west": {"uv": [9, 6, 10, 7], "rotation": 90, "texture": "#1", "cullface": "up"}, "up": {"uv": [9, 6, 10, 7], "rotation": 180, "texture": "#1", "cullface": "up"}}}, {"from": [11, 15.5, 14], "to": [12, 16, 15], "faces": {"north": {"uv": [4, 1, 5, 2], "texture": "#1", "cullface": "up"}, "west": {"uv": [4, 1, 5, 2], "rotation": 90, "texture": "#1", "cullface": "up"}, "up": {"uv": [4, 1, 5, 2], "texture": "#1", "cullface": "up"}}}], "display": {"fixed": {"rotation": [0, 90, 0], "scale": [0.5, 0.5, 0.5]}}, "groups": [0, 1, 2, 3, {"name": "top", "origin": [8, 8, 8], "color": 0, "children": [4, 5, 6, 7, 8, 9, 10, 11, 12, 13, 14, 15, 16, 17, 18, 19, 20, 21, 22, 23, 24, 25, 26, 27, 28, 29, 30, 31, 32, 33, 34, 35, 36, 37]}]}