{"parent": "block/template_trapdoor_top", "textures": {"texture": "block/dark_oak_trapdoor"}, "elements": [{"from": [0, 13, 0], "to": [16, 16, 1], "faces": {"north": {"uv": [0, 16, 16, 13], "texture": "texture", "cullface": "north"}, "east": {"uv": [15, 13, 16, 16], "texture": "texture", "cullface": "east"}, "south": {"uv": [0, 13, 16, 16], "texture": "texture"}, "west": {"uv": [0, 13, 1, 16], "texture": "texture", "cullface": "west"}, "up": {"uv": [0, 0, 16, 1], "texture": "texture", "cullface": "up"}, "down": {"uv": [0, 15, 16, 16], "texture": "texture"}}}, {"from": [0, 13, 15], "to": [16, 16, 16], "faces": {"north": {"uv": [0, 13, 16, 16], "texture": "texture"}, "east": {"uv": [0, 13, 1, 16], "texture": "texture", "cullface": "east"}, "south": {"uv": [0, 16, 16, 13], "texture": "texture", "cullface": "south"}, "west": {"uv": [15, 13, 16, 16], "texture": "texture", "cullface": "west"}, "up": {"uv": [0, 15, 16, 16], "texture": "texture", "cullface": "up"}, "down": {"uv": [0, 0, 16, 1], "texture": "texture"}}}, {"from": [0, 13, 1], "to": [1, 16, 15], "faces": {"east": {"uv": [1, 13, 15, 16], "texture": "texture"}, "west": {"uv": [1, 16, 15, 13], "texture": "texture", "cullface": "west"}, "up": {"uv": [0, 1, 1, 15], "texture": "texture", "cullface": "up"}, "down": {"uv": [0, 1, 1, 15], "texture": "texture"}}}, {"from": [15, 13, 1], "to": [16, 16, 15], "faces": {"east": {"uv": [1, 16, 15, 13], "texture": "texture", "cullface": "east"}, "west": {"uv": [1, 13, 15, 16], "texture": "texture"}, "up": {"uv": [15, 1, 16, 15], "texture": "texture", "cullface": "up"}, "down": {"uv": [15, 1, 16, 15], "texture": "texture"}}}, {"from": [7, 13, 1], "to": [9, 16, 15], "faces": {"east": {"uv": [1, 13, 15, 16], "texture": "texture"}, "west": {"uv": [1, 13, 15, 16], "texture": "texture"}, "up": {"uv": [7, 1, 9, 15], "texture": "texture", "cullface": "up"}, "down": {"uv": [7, 1, 9, 15], "texture": "texture"}}}, {"from": [1, 13, 7], "to": [7, 16, 9], "faces": {"north": {"uv": [2, 13, 8, 16], "texture": "texture"}, "south": {"uv": [2, 13, 8, 16], "texture": "texture"}, "up": {"uv": [1, 7, 7, 9], "texture": "texture", "cullface": "up"}, "down": {"uv": [1, 7, 7, 9], "texture": "texture"}}}, {"from": [9, 13, 7], "to": [15, 16, 9], "faces": {"north": {"uv": [10, 13, 16, 16], "texture": "texture"}, "south": {"uv": [10, 13, 16, 16], "texture": "texture"}, "up": {"uv": [9, 7, 15, 9], "texture": "texture", "cullface": "up"}, "down": {"uv": [9, 7, 15, 9], "texture": "texture"}}}, {"from": [9, 13.5, 1], "to": [15, 15.5, 7], "faces": {"up": {"uv": [9, 1, 15, 7], "texture": "texture", "cullface": "up"}, "down": {"uv": [9, 9, 15, 15], "texture": "texture"}}}, {"from": [1, 13.5, 1], "to": [7, 15.5, 7], "faces": {"up": {"uv": [1, 1, 7, 7], "texture": "texture", "cullface": "up"}, "down": {"uv": [1, 9, 7, 15], "texture": "texture"}}}, {"from": [1, 13.5, 9], "to": [7, 15.5, 15], "faces": {"up": {"uv": [1, 9, 7, 15], "texture": "texture", "cullface": "up"}, "down": {"uv": [1, 1, 7, 7], "texture": "texture"}}}, {"from": [9, 13.5, 9], "to": [15, 15.5, 15], "faces": {"up": {"uv": [9, 9, 15, 15], "texture": "texture", "cullface": "up"}, "down": {"uv": [9, 1, 15, 7], "texture": "texture"}}}]}