{"parent": "block/template_trapdoor_open", "textures": {"texture": "block/dark_oak_trapdoor"}, "elements": [{"from": [0, 15, 13], "to": [16, 16, 16], "faces": {"north": {"uv": [0, 15, 16, 16], "rotation": 180, "texture": "texture"}, "east": {"uv": [15, 13, 16, 16], "rotation": 270, "texture": "texture", "cullface": "east"}, "south": {"uv": [0, 0, 16, 1], "texture": "texture", "cullface": "south"}, "west": {"uv": [0, 13, 1, 16], "rotation": 90, "texture": "texture", "cullface": "west"}, "up": {"uv": [0, 16, 16, 13], "rotation": 180, "texture": "texture", "cullface": "up"}, "down": {"uv": [0, 13, 16, 16], "texture": "texture"}}}, {"from": [0, 0, 13], "to": [16, 1, 16], "faces": {"north": {"uv": [0, 0, 16, 1], "rotation": 180, "texture": "texture"}, "east": {"uv": [0, 13, 1, 16], "rotation": 270, "texture": "texture", "cullface": "east"}, "south": {"uv": [0, 15, 16, 16], "texture": "texture", "cullface": "south"}, "west": {"uv": [15, 13, 16, 16], "rotation": 90, "texture": "texture", "cullface": "west"}, "up": {"uv": [0, 13, 16, 16], "rotation": 180, "texture": "texture"}, "down": {"uv": [0, 16, 16, 13], "texture": "texture", "cullface": "down"}}}, {"from": [0, 1, 13], "to": [1, 15, 16], "faces": {"north": {"uv": [0, 1, 1, 15], "rotation": 180, "texture": "texture"}, "east": {"uv": [1, 13, 15, 16], "rotation": 270, "texture": "texture"}, "south": {"uv": [0, 1, 1, 15], "texture": "texture", "cullface": "south"}, "west": {"uv": [1, 16, 15, 13], "rotation": 90, "texture": "texture", "cullface": "west"}}}, {"from": [15, 1, 13], "to": [16, 15, 16], "faces": {"north": {"uv": [15, 1, 16, 15], "rotation": 180, "texture": "texture"}, "east": {"uv": [1, 16, 15, 13], "rotation": 270, "texture": "texture", "cullface": "east"}, "south": {"uv": [15, 1, 16, 15], "texture": "texture", "cullface": "south"}, "west": {"uv": [1, 13, 15, 16], "rotation": 90, "texture": "texture"}}}, {"from": [7, 1, 13], "to": [9, 15, 16], "faces": {"north": {"uv": [7, 1, 9, 15], "rotation": 180, "texture": "texture"}, "east": {"uv": [1, 13, 15, 16], "rotation": 270, "texture": "texture"}, "south": {"uv": [7, 1, 9, 15], "texture": "texture", "cullface": "south"}, "west": {"uv": [1, 13, 15, 16], "rotation": 90, "texture": "texture"}}}, {"from": [1, 7, 13], "to": [7, 9, 16], "faces": {"north": {"uv": [1, 7, 7, 9], "rotation": 180, "texture": "texture"}, "south": {"uv": [1, 7, 7, 9], "texture": "texture", "cullface": "south"}, "up": {"uv": [2, 13, 8, 16], "rotation": 180, "texture": "texture"}, "down": {"uv": [2, 13, 8, 16], "texture": "texture"}}}, {"from": [9, 7, 13], "to": [15, 9, 16], "faces": {"north": {"uv": [9, 7, 15, 9], "rotation": 180, "texture": "texture"}, "south": {"uv": [9, 7, 15, 9], "texture": "texture", "cullface": "south"}, "up": {"uv": [10, 13, 16, 16], "rotation": 180, "texture": "texture"}, "down": {"uv": [10, 13, 16, 16], "texture": "texture"}}}, {"from": [9, 9, 13.5], "to": [15, 15, 15.5], "faces": {"north": {"uv": [9, 9, 15, 15], "rotation": 180, "texture": "texture"}, "south": {"uv": [9, 1, 15, 7], "texture": "texture", "cullface": "south"}}}, {"from": [1, 9, 13.5], "to": [7, 15, 15.5], "faces": {"north": {"uv": [1, 9, 7, 15], "rotation": 180, "texture": "texture"}, "south": {"uv": [1, 1, 7, 7], "texture": "texture", "cullface": "south"}}}, {"from": [1, 1, 13.5], "to": [7, 7, 15.5], "faces": {"north": {"uv": [1, 1, 7, 7], "rotation": 180, "texture": "texture"}, "south": {"uv": [1, 9, 7, 15], "texture": "texture", "cullface": "south"}}}, {"from": [9, 1, 13.5], "to": [15, 7, 15.5], "faces": {"north": {"uv": [9, 1, 15, 7], "rotation": 180, "texture": "texture"}, "south": {"uv": [9, 9, 15, 15], "texture": "texture", "cullface": "south"}}}]}