{"parent": "block/slab", "textures": {"particle": "block/dark_prismarine", "all": "block/dark_prismarine"}, "elements": [{"from": [0, 0, 0], "to": [16, 8, 16], "faces": {"north": {"uv": [0, 8, 16, 16], "texture": "#all", "cullface": "north"}, "east": {"uv": [0, 8, 16, 16], "texture": "#all", "cullface": "east"}, "south": {"uv": [0, 8, 16, 16], "texture": "#all", "cullface": "south"}, "west": {"uv": [0, 8, 16, 16], "texture": "#all", "cullface": "west"}, "up": {"uv": [0, 0, 16, 16], "texture": "#all"}, "down": {"uv": [0, 0, 16, 16], "texture": "#all", "cullface": "down"}}}, {"from": [0, 8, 0], "to": [16, 16, 8], "faces": {"north": {"uv": [0, 0, 16, 8], "texture": "#all", "cullface": "north"}, "east": {"uv": [8, 0, 16, 8], "texture": "#all", "cullface": "east"}, "south": {"uv": [0, 0, 16, 8], "texture": "#all"}, "west": {"uv": [0, 0, 8, 8], "texture": "#all", "cullface": "west"}, "up": {"uv": [0, 0, 16, 8], "texture": "#all", "cullface": "up"}}}, {"from": [0.01, -0.49, 13.01], "to": [2.99, 0.01, 15.99], "faces": {"north": {"uv": [0, 2, 3, 3], "rotation": 180, "texture": "#all", "cullface": "down"}, "east": {"uv": [2, 0, 3, 3], "rotation": 270, "texture": "#all", "cullface": "down"}, "south": {"uv": [0, 0, 3, 1], "texture": "#all", "cullface": "down"}, "west": {"uv": [0, 0, 1, 3], "rotation": 90, "texture": "#all", "cullface": "down"}, "down": {"uv": [0, 0, 3, 3], "texture": "#all", "cullface": "down"}}}, {"from": [4, -0.49, 13.01], "to": [7, 0.01, 15.99], "faces": {"north": {"uv": [4, 2, 7, 3], "rotation": 180, "texture": "#all", "cullface": "down"}, "east": {"uv": [6, 0, 7, 3], "rotation": 270, "texture": "#all", "cullface": "down"}, "south": {"uv": [4, 0, 7, 1], "texture": "#all", "cullface": "down"}, "west": {"uv": [4, 0, 5, 3], "rotation": 90, "texture": "#all", "cullface": "down"}, "down": {"uv": [4, 0, 7, 3], "texture": "#all", "cullface": "down"}}}, {"from": [8.01, -0.49, 13.01], "to": [10.99, 0.01, 15.99], "faces": {"north": {"uv": [8, 2, 11, 3], "rotation": 180, "texture": "#all", "cullface": "down"}, "east": {"uv": [10, 0, 11, 3], "rotation": 270, "texture": "#all", "cullface": "down"}, "south": {"uv": [8, 0, 11, 1], "texture": "#all", "cullface": "down"}, "west": {"uv": [8, 0, 9, 3], "rotation": 90, "texture": "#all", "cullface": "down"}, "down": {"uv": [8, 0, 11, 3], "texture": "#all", "cullface": "down"}}}, {"from": [12, -0.49, 13.01], "to": [15, 0.01, 15.99], "faces": {"north": {"uv": [12, 2, 15, 3], "rotation": 180, "texture": "#all", "cullface": "down"}, "east": {"uv": [14, 0, 15, 3], "rotation": 270, "texture": "#all", "cullface": "down"}, "south": {"uv": [12, 0, 15, 1], "texture": "#all", "cullface": "down"}, "west": {"uv": [12, 0, 13, 3], "rotation": 90, "texture": "#all", "cullface": "down"}, "down": {"uv": [12, 0, 15, 3], "texture": "#all", "cullface": "down"}}}, {"from": [12, -0.49, 9.01], "to": [15, 0.01, 11.99], "faces": {"north": {"uv": [12, 6, 15, 7], "rotation": 180, "texture": "#all", "cullface": "down"}, "east": {"uv": [14, 4, 15, 7], "rotation": 270, "texture": "#all", "cullface": "down"}, "south": {"uv": [12, 4, 15, 5], "texture": "#all", "cullface": "down"}, "west": {"uv": [12, 4, 13, 7], "rotation": 90, "texture": "#all", "cullface": "down"}, "down": {"uv": [12, 4, 15, 7], "texture": "#all", "cullface": "down"}}}, {"from": [8.01, -0.49, 9.01], "to": [10.99, 0.01, 11.99], "faces": {"north": {"uv": [8, 6, 11, 7], "rotation": 180, "texture": "#all", "cullface": "down"}, "east": {"uv": [10, 4, 11, 7], "rotation": 270, "texture": "#all", "cullface": "down"}, "south": {"uv": [8, 4, 11, 5], "texture": "#all", "cullface": "down"}, "west": {"uv": [8, 4, 9, 7], "rotation": 90, "texture": "#all", "cullface": "down"}, "down": {"uv": [8, 4, 11, 7], "texture": "#all", "cullface": "down"}}}, {"from": [4, -0.49, 9.01], "to": [7, 0.01, 11.99], "faces": {"north": {"uv": [4, 6, 7, 7], "rotation": 180, "texture": "#all", "cullface": "down"}, "east": {"uv": [6, 4, 7, 7], "rotation": 270, "texture": "#all", "cullface": "down"}, "south": {"uv": [4, 4, 7, 5], "texture": "#all", "cullface": "down"}, "west": {"uv": [4, 4, 5, 7], "rotation": 90, "texture": "#all", "cullface": "down"}, "down": {"uv": [4, 4, 7, 7], "texture": "#all", "cullface": "down"}}}, {"from": [0.01, -0.49, 9.01], "to": [2.99, 0.01, 11.99], "faces": {"north": {"uv": [0, 6, 3, 7], "rotation": 180, "texture": "#all", "cullface": "down"}, "east": {"uv": [2, 4, 3, 7], "rotation": 270, "texture": "#all", "cullface": "down"}, "south": {"uv": [0, 4, 3, 5], "texture": "#all", "cullface": "down"}, "west": {"uv": [0, 4, 1, 7], "rotation": 90, "texture": "#all", "cullface": "down"}, "down": {"uv": [0, 4, 3, 7], "texture": "#all", "cullface": "down"}}}, {"from": [0.01, -0.49, 5.01], "to": [2.99, 0.01, 7.99], "faces": {"north": {"uv": [0, 10, 3, 11], "rotation": 180, "texture": "#all", "cullface": "down"}, "east": {"uv": [2, 8, 3, 11], "rotation": 270, "texture": "#all", "cullface": "down"}, "south": {"uv": [0, 8, 3, 9], "texture": "#all", "cullface": "down"}, "west": {"uv": [0, 8, 1, 11], "rotation": 90, "texture": "#all", "cullface": "down"}, "down": {"uv": [0, 8, 3, 11], "texture": "#all", "cullface": "down"}}}, {"from": [4, -0.49, 5.01], "to": [7, 0.01, 7.99], "faces": {"north": {"uv": [4, 10, 7, 11], "rotation": 180, "texture": "#all", "cullface": "down"}, "east": {"uv": [6, 8, 7, 11], "rotation": 270, "texture": "#all", "cullface": "down"}, "south": {"uv": [4, 8, 7, 9], "texture": "#all", "cullface": "down"}, "west": {"uv": [4, 8, 5, 11], "rotation": 90, "texture": "#all", "cullface": "down"}, "down": {"uv": [4, 8, 7, 11], "texture": "#all", "cullface": "down"}}}, {"from": [8.01, -0.49, 5.01], "to": [10.99, 0.01, 7.99], "faces": {"north": {"uv": [8, 10, 11, 11], "rotation": 180, "texture": "#all", "cullface": "down"}, "east": {"uv": [10, 8, 11, 11], "rotation": 270, "texture": "#all", "cullface": "down"}, "south": {"uv": [8, 8, 11, 9], "texture": "#all", "cullface": "down"}, "west": {"uv": [8, 8, 9, 11], "rotation": 90, "texture": "#all", "cullface": "down"}, "down": {"uv": [8, 8, 11, 11], "texture": "#all", "cullface": "down"}}}, {"from": [12, -0.49, 5.01], "to": [15, 0.01, 7.99], "faces": {"north": {"uv": [12, 10, 15, 11], "rotation": 180, "texture": "#all", "cullface": "down"}, "east": {"uv": [14, 8, 15, 11], "rotation": 270, "texture": "#all", "cullface": "down"}, "south": {"uv": [12, 8, 15, 9], "texture": "#all", "cullface": "down"}, "west": {"uv": [12, 8, 13, 11], "rotation": 90, "texture": "#all", "cullface": "down"}, "down": {"uv": [12, 8, 15, 11], "texture": "#all", "cullface": "down"}}}, {"from": [12, -0.49, 1], "to": [15, 0.01, 4], "faces": {"north": {"uv": [12, 14, 15, 15], "rotation": 180, "texture": "#all", "cullface": "down"}, "east": {"uv": [14, 12, 15, 15], "rotation": 270, "texture": "#all", "cullface": "down"}, "south": {"uv": [12, 12, 15, 13], "texture": "#all", "cullface": "down"}, "west": {"uv": [12, 12, 13, 15], "rotation": 90, "texture": "#all", "cullface": "down"}, "down": {"uv": [12, 12, 15, 15], "texture": "#all", "cullface": "down"}}}, {"from": [8.01, -0.49, 1], "to": [10.99, 0.01, 4], "faces": {"north": {"uv": [8, 14, 11, 15], "rotation": 180, "texture": "#all", "cullface": "down"}, "east": {"uv": [10, 12, 11, 15], "rotation": 270, "texture": "#all", "cullface": "down"}, "south": {"uv": [8, 12, 11, 13], "texture": "#all", "cullface": "down"}, "west": {"uv": [8, 12, 9, 15], "rotation": 90, "texture": "#all", "cullface": "down"}, "down": {"uv": [8, 12, 11, 15], "texture": "#all", "cullface": "down"}}}, {"from": [4, -0.49, 1], "to": [7, 0.01, 4], "faces": {"north": {"uv": [4, 14, 7, 15], "rotation": 180, "texture": "#all", "cullface": "down"}, "east": {"uv": [6, 12, 7, 15], "rotation": 270, "texture": "#all", "cullface": "down"}, "south": {"uv": [4, 12, 7, 13], "texture": "#all", "cullface": "down"}, "west": {"uv": [4, 12, 5, 15], "rotation": 90, "texture": "#all", "cullface": "down"}, "down": {"uv": [4, 12, 7, 15], "texture": "#all", "cullface": "down"}}}, {"from": [0.01, -0.49, 1], "to": [2.99, 0.01, 4], "faces": {"north": {"uv": [0, 14, 3, 15], "rotation": 180, "texture": "#all", "cullface": "down"}, "east": {"uv": [2, 12, 3, 15], "rotation": 270, "texture": "#all", "cullface": "down"}, "south": {"uv": [0, 12, 3, 13], "texture": "#all", "cullface": "down"}, "west": {"uv": [0, 12, 1, 15], "rotation": 90, "texture": "#all", "cullface": "down"}, "down": {"uv": [0, 12, 3, 15], "texture": "#all", "cullface": "down"}}}, {"from": [0.01, 15.99, 0.01], "to": [2.99, 16.49, 2.99], "faces": {"north": {"uv": [0, 0, 3, 1], "rotation": 180, "texture": "#all", "cullface": "up"}, "east": {"uv": [2, 0, 3, 3], "rotation": 90, "texture": "#all", "cullface": "up"}, "south": {"uv": [0, 2, 3, 3], "texture": "#all", "cullface": "up"}, "west": {"uv": [0, 0, 1, 3], "rotation": 270, "texture": "#all", "cullface": "up"}, "up": {"uv": [0, 0, 3, 3], "texture": "#all", "cullface": "up"}}}, {"from": [4, 15.99, 0.01], "to": [7, 16.49, 2.99], "faces": {"north": {"uv": [4, 0, 7, 1], "rotation": 180, "texture": "#all", "cullface": "up"}, "east": {"uv": [6, 0, 7, 3], "rotation": 90, "texture": "#all", "cullface": "up"}, "south": {"uv": [4, 2, 7, 3], "texture": "#all", "cullface": "up"}, "west": {"uv": [4, 0, 5, 3], "rotation": 270, "texture": "#all", "cullface": "up"}, "up": {"uv": [4, 0, 7, 3], "texture": "#all", "cullface": "up"}}}, {"from": [8.01, 15.99, 0.01], "to": [10.99, 16.49, 2.99], "faces": {"north": {"uv": [8, 0, 11, 1], "rotation": 180, "texture": "#all", "cullface": "up"}, "east": {"uv": [10, 0, 11, 3], "rotation": 90, "texture": "#all", "cullface": "up"}, "south": {"uv": [8, 2, 11, 3], "texture": "#all", "cullface": "up"}, "west": {"uv": [8, 0, 9, 3], "rotation": 270, "texture": "#all", "cullface": "up"}, "up": {"uv": [8, 0, 11, 3], "texture": "#all", "cullface": "up"}}}, {"from": [12, 15.99, 0.01], "to": [15, 16.49, 2.99], "faces": {"north": {"uv": [12, 0, 15, 1], "rotation": 180, "texture": "#all", "cullface": "up"}, "east": {"uv": [14, 0, 15, 3], "rotation": 90, "texture": "#all", "cullface": "up"}, "south": {"uv": [12, 2, 15, 3], "texture": "#all", "cullface": "up"}, "west": {"uv": [12, 0, 13, 3], "rotation": 270, "texture": "#all", "cullface": "up"}, "up": {"uv": [12, 0, 15, 3], "texture": "#all", "cullface": "up"}}}, {"from": [12, 15.99, 4.01], "to": [15, 16.49, 6.99], "faces": {"north": {"uv": [12, 4, 15, 5], "rotation": 180, "texture": "#all", "cullface": "up"}, "east": {"uv": [14, 4, 15, 7], "rotation": 90, "texture": "#all", "cullface": "up"}, "south": {"uv": [12, 6, 15, 7], "texture": "#all", "cullface": "up"}, "west": {"uv": [12, 4, 13, 7], "rotation": 270, "texture": "#all", "cullface": "up"}, "up": {"uv": [12, 4, 15, 7], "texture": "#all", "cullface": "up"}}}, {"from": [8.01, 15.99, 4.01], "to": [10.99, 16.49, 6.99], "faces": {"north": {"uv": [8, 4, 11, 5], "rotation": 180, "texture": "#all", "cullface": "up"}, "east": {"uv": [10, 4, 11, 7], "rotation": 90, "texture": "#all", "cullface": "up"}, "south": {"uv": [8, 6, 11, 7], "texture": "#all", "cullface": "up"}, "west": {"uv": [8, 4, 9, 7], "rotation": 270, "texture": "#all", "cullface": "up"}, "up": {"uv": [8, 4, 11, 7], "texture": "#all", "cullface": "up"}}}, {"from": [4, 15.99, 4.01], "to": [7, 16.49, 6.99], "faces": {"north": {"uv": [4, 4, 7, 5], "rotation": 180, "texture": "#all", "cullface": "up"}, "east": {"uv": [6, 4, 7, 7], "rotation": 90, "texture": "#all", "cullface": "up"}, "south": {"uv": [4, 6, 7, 7], "texture": "#all", "cullface": "up"}, "west": {"uv": [4, 4, 5, 7], "rotation": 270, "texture": "#all", "cullface": "up"}, "up": {"uv": [4, 4, 7, 7], "texture": "#all", "cullface": "up"}}}, {"from": [0.01, 15.99, 4.01], "to": [2.99, 16.49, 6.99], "faces": {"north": {"uv": [0, 4, 3, 5], "rotation": 180, "texture": "#all", "cullface": "up"}, "east": {"uv": [2, 4, 3, 7], "rotation": 90, "texture": "#all", "cullface": "up"}, "south": {"uv": [0, 6, 3, 7], "texture": "#all", "cullface": "up"}, "west": {"uv": [0, 4, 1, 7], "rotation": 270, "texture": "#all", "cullface": "up"}, "up": {"uv": [0, 4, 3, 7], "texture": "#all", "cullface": "up"}}}, {"from": [-0.49, 13.01, 0.01], "to": [0.01, 15.99, 2.99], "faces": {"north": {"uv": [0, 0, 1, 3], "texture": "#all", "cullface": "west"}, "south": {"uv": [2, 0, 3, 3], "texture": "#all", "cullface": "west"}, "west": {"uv": [0, 0, 3, 3], "texture": "#all", "cullface": "west"}, "up": {"uv": [0, 0, 3, 1], "rotation": 90, "texture": "#all", "cullface": "west"}, "down": {"uv": [0, 2, 3, 3], "rotation": 270, "texture": "#all", "cullface": "west"}}}, {"from": [-0.49, 13.01, 4], "to": [0.01, 15.99, 7], "faces": {"north": {"uv": [4, 0, 5, 3], "texture": "#all", "cullface": "west"}, "south": {"uv": [6, 0, 7, 3], "texture": "#all", "cullface": "west"}, "west": {"uv": [4, 0, 7, 3], "texture": "#all", "cullface": "west"}, "up": {"uv": [4, 0, 7, 1], "rotation": 90, "texture": "#all", "cullface": "west"}, "down": {"uv": [4, 2, 7, 3], "rotation": 270, "texture": "#all", "cullface": "west"}}}, {"from": [-0.49, 9.01, 4], "to": [0.01, 11.99, 7], "faces": {"north": {"uv": [4, 4, 5, 7], "texture": "#all", "cullface": "west"}, "south": {"uv": [6, 4, 7, 7], "texture": "#all", "cullface": "west"}, "west": {"uv": [4, 4, 7, 7], "texture": "#all", "cullface": "west"}, "up": {"uv": [4, 4, 7, 5], "rotation": 90, "texture": "#all", "cullface": "west"}, "down": {"uv": [4, 6, 7, 7], "rotation": 270, "texture": "#all", "cullface": "west"}}}, {"from": [-0.49, 9.01, 0.01], "to": [0.01, 11.99, 2.99], "faces": {"north": {"uv": [0, 4, 1, 7], "texture": "#all", "cullface": "west"}, "south": {"uv": [2, 4, 3, 7], "texture": "#all", "cullface": "west"}, "west": {"uv": [0, 4, 3, 7], "texture": "#all", "cullface": "west"}, "up": {"uv": [0, 4, 3, 5], "rotation": 90, "texture": "#all", "cullface": "west"}, "down": {"uv": [0, 6, 3, 7], "rotation": 270, "texture": "#all", "cullface": "west"}}}, {"from": [-0.49, 5.01, 0.01], "to": [0.01, 7.99, 2.99], "faces": {"north": {"uv": [0, 8, 1, 11], "texture": "#all", "cullface": "west"}, "south": {"uv": [2, 8, 3, 11], "texture": "#all", "cullface": "west"}, "west": {"uv": [0, 8, 3, 11], "texture": "#all", "cullface": "west"}, "up": {"uv": [0, 8, 3, 9], "rotation": 90, "texture": "#all", "cullface": "west"}, "down": {"uv": [0, 10, 3, 11], "rotation": 270, "texture": "#all", "cullface": "west"}}}, {"from": [-0.49, 5.01, 4], "to": [0.01, 7.99, 7], "faces": {"north": {"uv": [4, 8, 5, 11], "texture": "#all", "cullface": "west"}, "south": {"uv": [6, 8, 7, 11], "texture": "#all", "cullface": "west"}, "west": {"uv": [4, 8, 7, 11], "texture": "#all", "cullface": "west"}, "up": {"uv": [4, 8, 7, 9], "rotation": 90, "texture": "#all", "cullface": "west"}, "down": {"uv": [4, 10, 7, 11], "rotation": 270, "texture": "#all", "cullface": "west"}}}, {"from": [-0.49, 5.01, 8.01], "to": [0.01, 7.99, 10.99], "faces": {"north": {"uv": [8, 8, 9, 11], "texture": "#all", "cullface": "west"}, "south": {"uv": [10, 8, 11, 11], "texture": "#all", "cullface": "west"}, "west": {"uv": [8, 8, 11, 11], "texture": "#all", "cullface": "west"}, "up": {"uv": [8, 8, 11, 9], "rotation": 90, "texture": "#all", "cullface": "west"}, "down": {"uv": [8, 10, 11, 11], "rotation": 270, "texture": "#all", "cullface": "west"}}}, {"from": [-0.49, 5.01, 12], "to": [0.01, 7.99, 15], "faces": {"north": {"uv": [12, 8, 13, 11], "texture": "#all", "cullface": "west"}, "south": {"uv": [14, 8, 15, 11], "texture": "#all", "cullface": "west"}, "west": {"uv": [12, 8, 15, 11], "texture": "#all", "cullface": "west"}, "up": {"uv": [12, 8, 15, 9], "rotation": 90, "texture": "#all", "cullface": "west"}, "down": {"uv": [12, 10, 15, 11], "rotation": 270, "texture": "#all", "cullface": "west"}}}, {"from": [-0.49, 1, 12], "to": [0.01, 4, 15], "faces": {"north": {"uv": [12, 12, 13, 15], "texture": "#all", "cullface": "west"}, "south": {"uv": [14, 12, 15, 15], "texture": "#all", "cullface": "west"}, "west": {"uv": [12, 12, 15, 15], "texture": "#all", "cullface": "west"}, "up": {"uv": [12, 12, 15, 13], "rotation": 90, "texture": "#all", "cullface": "west"}, "down": {"uv": [12, 14, 15, 15], "rotation": 270, "texture": "#all", "cullface": "west"}}}, {"from": [-0.49, 1, 8.01], "to": [0.01, 4, 10.99], "faces": {"north": {"uv": [8, 12, 9, 15], "texture": "#all", "cullface": "west"}, "south": {"uv": [10, 12, 11, 15], "texture": "#all", "cullface": "west"}, "west": {"uv": [8, 12, 11, 15], "texture": "#all", "cullface": "west"}, "up": {"uv": [8, 12, 11, 13], "rotation": 90, "texture": "#all", "cullface": "west"}, "down": {"uv": [8, 14, 11, 15], "rotation": 270, "texture": "#all", "cullface": "west"}}}, {"from": [-0.49, 1, 4], "to": [0.01, 4, 7], "faces": {"north": {"uv": [4, 12, 5, 15], "texture": "#all", "cullface": "west"}, "south": {"uv": [6, 12, 7, 15], "texture": "#all", "cullface": "west"}, "west": {"uv": [4, 12, 7, 15], "texture": "#all", "cullface": "west"}, "up": {"uv": [4, 12, 7, 13], "rotation": 90, "texture": "#all", "cullface": "west"}, "down": {"uv": [4, 14, 7, 15], "rotation": 270, "texture": "#all", "cullface": "west"}}}, {"from": [-0.49, 1, 0.01], "to": [0.01, 4, 2.99], "faces": {"north": {"uv": [0, 12, 1, 15], "texture": "#all", "cullface": "west"}, "south": {"uv": [2, 12, 3, 15], "texture": "#all", "cullface": "west"}, "west": {"uv": [0, 12, 3, 15], "texture": "#all", "cullface": "west"}, "up": {"uv": [0, 12, 3, 13], "rotation": 90, "texture": "#all", "cullface": "west"}, "down": {"uv": [0, 14, 3, 15], "rotation": 270, "texture": "#all", "cullface": "west"}}}, {"from": [0.01, 5.01, 15.99], "to": [2.99, 7.99, 16.49], "faces": {"east": {"uv": [2, 8, 3, 11], "texture": "#all", "cullface": "south"}, "south": {"uv": [0, 8, 3, 11], "texture": "#all", "cullface": "south"}, "west": {"uv": [0, 8, 1, 11], "texture": "#all", "cullface": "south"}, "up": {"uv": [0, 8, 3, 9], "texture": "#all", "cullface": "south"}, "down": {"uv": [0, 10, 3, 11], "texture": "#all", "cullface": "south"}}}, {"from": [4, 5.01, 15.99], "to": [7, 7.99, 16.49], "faces": {"east": {"uv": [6, 8, 7, 11], "texture": "#all", "cullface": "south"}, "south": {"uv": [4, 8, 7, 11], "texture": "#all", "cullface": "south"}, "west": {"uv": [4, 8, 5, 11], "texture": "#all", "cullface": "south"}, "up": {"uv": [4, 8, 7, 9], "texture": "#all", "cullface": "south"}, "down": {"uv": [4, 10, 7, 11], "texture": "#all", "cullface": "south"}}}, {"from": [8.01, 5.01, 15.99], "to": [10.99, 7.99, 16.49], "faces": {"east": {"uv": [10, 8, 11, 11], "texture": "#all", "cullface": "south"}, "south": {"uv": [8, 8, 11, 11], "texture": "#all", "cullface": "south"}, "west": {"uv": [8, 8, 9, 11], "texture": "#all", "cullface": "south"}, "up": {"uv": [8, 8, 11, 9], "texture": "#all", "cullface": "south"}, "down": {"uv": [8, 10, 11, 11], "texture": "#all", "cullface": "south"}}}, {"from": [12, 5.01, 15.99], "to": [15, 7.99, 16.49], "faces": {"east": {"uv": [14, 8, 15, 11], "texture": "#all", "cullface": "south"}, "south": {"uv": [12, 8, 15, 11], "texture": "#all", "cullface": "south"}, "west": {"uv": [12, 8, 13, 11], "texture": "#all", "cullface": "south"}, "up": {"uv": [12, 8, 15, 9], "texture": "#all", "cullface": "south"}, "down": {"uv": [12, 10, 15, 11], "texture": "#all", "cullface": "south"}}}, {"from": [12, 1, 15.99], "to": [15, 4, 16.49], "faces": {"east": {"uv": [14, 12, 15, 15], "texture": "#all", "cullface": "south"}, "south": {"uv": [12, 12, 15, 15], "texture": "#all", "cullface": "south"}, "west": {"uv": [12, 12, 13, 15], "texture": "#all", "cullface": "south"}, "up": {"uv": [12, 12, 15, 13], "texture": "#all", "cullface": "south"}, "down": {"uv": [12, 14, 15, 15], "texture": "#all", "cullface": "south"}}}, {"from": [8.01, 1, 15.99], "to": [10.99, 4, 16.49], "faces": {"east": {"uv": [10, 12, 11, 15], "texture": "#all", "cullface": "south"}, "south": {"uv": [8, 12, 11, 15], "texture": "#all", "cullface": "south"}, "west": {"uv": [8, 12, 9, 15], "texture": "#all", "cullface": "south"}, "up": {"uv": [8, 12, 11, 13], "texture": "#all", "cullface": "south"}, "down": {"uv": [8, 14, 11, 15], "texture": "#all", "cullface": "south"}}}, {"from": [4, 1, 15.99], "to": [7, 4, 16.49], "faces": {"east": {"uv": [6, 12, 7, 15], "texture": "#all", "cullface": "south"}, "south": {"uv": [4, 12, 7, 15], "texture": "#all", "cullface": "south"}, "west": {"uv": [4, 12, 5, 15], "texture": "#all", "cullface": "south"}, "up": {"uv": [4, 12, 7, 13], "texture": "#all", "cullface": "south"}, "down": {"uv": [4, 14, 7, 15], "texture": "#all", "cullface": "south"}}}, {"from": [0.01, 1, 15.99], "to": [2.99, 4, 16.49], "faces": {"east": {"uv": [2, 12, 3, 15], "texture": "#all", "cullface": "south"}, "south": {"uv": [0, 12, 3, 15], "texture": "#all", "cullface": "south"}, "west": {"uv": [0, 12, 1, 15], "texture": "#all", "cullface": "south"}, "up": {"uv": [0, 12, 3, 13], "texture": "#all", "cullface": "south"}, "down": {"uv": [0, 14, 3, 15], "texture": "#all", "cullface": "south"}}}, {"from": [15.99, 13.01, 5.01], "to": [16.49, 15.99, 7.99], "faces": {"north": {"uv": [10, 0, 11, 3], "texture": "#all", "cullface": "east"}, "east": {"uv": [8, 0, 11, 3], "texture": "#all", "cullface": "east"}, "south": {"uv": [8, 0, 9, 3], "texture": "#all", "cullface": "east"}, "up": {"uv": [8, 0, 11, 1], "rotation": 270, "texture": "#all", "cullface": "east"}, "down": {"uv": [8, 2, 11, 3], "rotation": 90, "texture": "#all", "cullface": "east"}}}, {"from": [15.99, 13.01, 1], "to": [16.49, 15.99, 4], "faces": {"north": {"uv": [14, 0, 15, 3], "texture": "#all", "cullface": "east"}, "east": {"uv": [12, 0, 15, 3], "texture": "#all", "cullface": "east"}, "south": {"uv": [12, 0, 13, 3], "texture": "#all", "cullface": "east"}, "up": {"uv": [12, 0, 15, 1], "rotation": 270, "texture": "#all", "cullface": "east"}, "down": {"uv": [12, 2, 15, 3], "rotation": 90, "texture": "#all", "cullface": "east"}}}, {"from": [15.99, 9.01, 1], "to": [16.49, 11.99, 4], "faces": {"north": {"uv": [14, 4, 15, 7], "texture": "#all", "cullface": "east"}, "east": {"uv": [12, 4, 15, 7], "texture": "#all", "cullface": "east"}, "south": {"uv": [12, 4, 13, 7], "texture": "#all", "cullface": "east"}, "up": {"uv": [12, 4, 15, 5], "rotation": 270, "texture": "#all", "cullface": "east"}, "down": {"uv": [12, 6, 15, 7], "rotation": 90, "texture": "#all", "cullface": "east"}}}, {"from": [15.99, 9.01, 5.01], "to": [16.49, 11.99, 7.99], "faces": {"north": {"uv": [10, 4, 11, 7], "texture": "#all", "cullface": "east"}, "east": {"uv": [8, 4, 11, 7], "texture": "#all", "cullface": "east"}, "south": {"uv": [8, 4, 9, 7], "texture": "#all", "cullface": "east"}, "up": {"uv": [8, 4, 11, 5], "rotation": 270, "texture": "#all", "cullface": "east"}, "down": {"uv": [8, 6, 11, 7], "rotation": 90, "texture": "#all", "cullface": "east"}}}, {"from": [15.99, 5.01, 13.01], "to": [16.49, 7.99, 15.99], "faces": {"north": {"uv": [2, 8, 3, 11], "texture": "#all", "cullface": "east"}, "east": {"uv": [0, 8, 3, 11], "texture": "#all", "cullface": "east"}, "south": {"uv": [0, 8, 1, 11], "texture": "#all", "cullface": "east"}, "up": {"uv": [0, 8, 3, 9], "rotation": 270, "texture": "#all", "cullface": "east"}, "down": {"uv": [0, 10, 3, 11], "rotation": 90, "texture": "#all", "cullface": "east"}}}, {"from": [15.99, 5.01, 9], "to": [16.49, 7.99, 12], "faces": {"north": {"uv": [6, 8, 7, 11], "texture": "#all", "cullface": "east"}, "east": {"uv": [4, 8, 7, 11], "texture": "#all", "cullface": "east"}, "south": {"uv": [4, 8, 5, 11], "texture": "#all", "cullface": "east"}, "up": {"uv": [4, 8, 7, 9], "rotation": 270, "texture": "#all", "cullface": "east"}, "down": {"uv": [4, 10, 7, 11], "rotation": 90, "texture": "#all", "cullface": "east"}}}, {"from": [15.99, 5.01, 5.01], "to": [16.49, 7.99, 7.99], "faces": {"north": {"uv": [10, 8, 11, 11], "texture": "#all", "cullface": "east"}, "east": {"uv": [8, 8, 11, 11], "texture": "#all", "cullface": "east"}, "south": {"uv": [8, 8, 9, 11], "texture": "#all", "cullface": "east"}, "up": {"uv": [8, 8, 11, 9], "rotation": 270, "texture": "#all", "cullface": "east"}, "down": {"uv": [8, 10, 11, 11], "rotation": 90, "texture": "#all", "cullface": "east"}}}, {"from": [15.99, 5.01, 1], "to": [16.49, 7.99, 4], "faces": {"north": {"uv": [14, 8, 15, 11], "texture": "#all", "cullface": "east"}, "east": {"uv": [12, 8, 15, 11], "texture": "#all", "cullface": "east"}, "south": {"uv": [12, 8, 13, 11], "texture": "#all", "cullface": "east"}, "up": {"uv": [12, 8, 15, 9], "rotation": 270, "texture": "#all", "cullface": "east"}, "down": {"uv": [12, 10, 15, 11], "rotation": 90, "texture": "#all", "cullface": "east"}}}, {"from": [15.99, 1, 1], "to": [16.49, 4, 4], "faces": {"north": {"uv": [14, 12, 15, 15], "texture": "#all", "cullface": "east"}, "east": {"uv": [12, 12, 15, 15], "texture": "#all", "cullface": "east"}, "south": {"uv": [12, 12, 13, 15], "texture": "#all", "cullface": "east"}, "up": {"uv": [12, 12, 15, 13], "rotation": 270, "texture": "#all", "cullface": "east"}, "down": {"uv": [12, 14, 15, 15], "rotation": 90, "texture": "#all", "cullface": "east"}}}, {"from": [15.99, 1, 5.01], "to": [16.49, 4, 7.99], "faces": {"north": {"uv": [10, 12, 11, 15], "texture": "#all", "cullface": "east"}, "east": {"uv": [8, 12, 11, 15], "texture": "#all", "cullface": "east"}, "south": {"uv": [8, 12, 9, 15], "texture": "#all", "cullface": "east"}, "up": {"uv": [8, 12, 11, 13], "rotation": 270, "texture": "#all", "cullface": "east"}, "down": {"uv": [8, 14, 11, 15], "rotation": 90, "texture": "#all", "cullface": "east"}}}, {"from": [15.99, 1, 9], "to": [16.49, 4, 12], "faces": {"north": {"uv": [6, 12, 7, 15], "texture": "#all", "cullface": "east"}, "east": {"uv": [4, 12, 7, 15], "texture": "#all", "cullface": "east"}, "south": {"uv": [4, 12, 5, 15], "texture": "#all", "cullface": "east"}, "up": {"uv": [4, 12, 7, 13], "rotation": 270, "texture": "#all", "cullface": "east"}, "down": {"uv": [4, 14, 7, 15], "rotation": 90, "texture": "#all", "cullface": "east"}}}, {"from": [15.99, 1, 13.01], "to": [16.49, 4, 15.99], "faces": {"north": {"uv": [2, 12, 3, 15], "texture": "#all", "cullface": "east"}, "east": {"uv": [0, 12, 3, 15], "texture": "#all", "cullface": "east"}, "south": {"uv": [0, 12, 1, 15], "texture": "#all", "cullface": "east"}, "up": {"uv": [0, 12, 3, 13], "rotation": 270, "texture": "#all", "cullface": "east"}, "down": {"uv": [0, 14, 3, 15], "rotation": 90, "texture": "#all", "cullface": "east"}}}, {"from": [13.01, 13.01, -0.49], "to": [15.99, 15.99, 0.01], "faces": {"north": {"uv": [0, 0, 3, 3], "texture": "#all", "cullface": "north"}, "east": {"uv": [0, 0, 1, 3], "texture": "#all", "cullface": "north"}, "west": {"uv": [2, 0, 3, 3], "texture": "#all", "cullface": "north"}, "up": {"uv": [0, 0, 3, 1], "rotation": 180, "texture": "#all", "cullface": "north"}, "down": {"uv": [0, 2, 3, 3], "rotation": 180, "texture": "#all", "cullface": "north"}}}, {"from": [9, 13.01, -0.49], "to": [12, 15.99, 0.01], "faces": {"north": {"uv": [4, 0, 7, 3], "texture": "#all", "cullface": "north"}, "east": {"uv": [4, 0, 5, 3], "texture": "#all", "cullface": "north"}, "west": {"uv": [6, 0, 7, 3], "texture": "#all", "cullface": "north"}, "up": {"uv": [4, 0, 7, 1], "rotation": 180, "texture": "#all", "cullface": "north"}, "down": {"uv": [4, 2, 7, 3], "rotation": 180, "texture": "#all", "cullface": "north"}}}, {"from": [5.01, 13.01, -0.49], "to": [7.99, 15.99, 0.01], "faces": {"north": {"uv": [8, 0, 11, 3], "texture": "#all", "cullface": "north"}, "east": {"uv": [8, 0, 9, 3], "texture": "#all", "cullface": "north"}, "west": {"uv": [10, 0, 11, 3], "texture": "#all", "cullface": "north"}, "up": {"uv": [8, 0, 11, 1], "rotation": 180, "texture": "#all", "cullface": "north"}, "down": {"uv": [8, 2, 11, 3], "rotation": 180, "texture": "#all", "cullface": "north"}}}, {"from": [1, 13.01, -0.49], "to": [4, 15.99, 0.01], "faces": {"north": {"uv": [12, 0, 15, 3], "texture": "#all", "cullface": "north"}, "east": {"uv": [12, 0, 13, 3], "texture": "#all", "cullface": "north"}, "west": {"uv": [14, 0, 15, 3], "texture": "#all", "cullface": "north"}, "up": {"uv": [12, 0, 15, 1], "rotation": 180, "texture": "#all", "cullface": "north"}, "down": {"uv": [12, 2, 15, 3], "rotation": 180, "texture": "#all", "cullface": "north"}}}, {"from": [1, 9.01, -0.49], "to": [4, 11.99, 0.01], "faces": {"north": {"uv": [12, 4, 15, 7], "texture": "#all", "cullface": "north"}, "east": {"uv": [12, 4, 13, 7], "texture": "#all", "cullface": "north"}, "west": {"uv": [14, 4, 15, 7], "texture": "#all", "cullface": "north"}, "up": {"uv": [12, 4, 15, 5], "rotation": 180, "texture": "#all", "cullface": "north"}, "down": {"uv": [12, 6, 15, 7], "rotation": 180, "texture": "#all", "cullface": "north"}}}, {"from": [5.01, 9.01, -0.49], "to": [7.99, 11.99, 0.01], "faces": {"north": {"uv": [8, 4, 11, 7], "texture": "#all", "cullface": "north"}, "east": {"uv": [8, 4, 9, 7], "texture": "#all", "cullface": "north"}, "west": {"uv": [10, 4, 11, 7], "texture": "#all", "cullface": "north"}, "up": {"uv": [8, 4, 11, 5], "rotation": 180, "texture": "#all", "cullface": "north"}, "down": {"uv": [8, 6, 11, 7], "rotation": 180, "texture": "#all", "cullface": "north"}}}, {"from": [9, 9.01, -0.49], "to": [12, 11.99, 0.01], "faces": {"north": {"uv": [4, 4, 7, 7], "texture": "#all", "cullface": "north"}, "east": {"uv": [4, 4, 5, 7], "texture": "#all", "cullface": "north"}, "west": {"uv": [6, 4, 7, 7], "texture": "#all", "cullface": "north"}, "up": {"uv": [4, 4, 7, 5], "rotation": 180, "texture": "#all", "cullface": "north"}, "down": {"uv": [4, 6, 7, 7], "rotation": 180, "texture": "#all", "cullface": "north"}}}, {"from": [13.01, 9.01, -0.49], "to": [15.99, 11.99, 0.01], "faces": {"north": {"uv": [0, 4, 3, 7], "texture": "#all", "cullface": "north"}, "east": {"uv": [0, 4, 1, 7], "texture": "#all", "cullface": "north"}, "west": {"uv": [2, 4, 3, 7], "texture": "#all", "cullface": "north"}, "up": {"uv": [0, 4, 3, 5], "rotation": 180, "texture": "#all", "cullface": "north"}, "down": {"uv": [0, 6, 3, 7], "rotation": 180, "texture": "#all", "cullface": "north"}}}, {"from": [13.01, 5.01, -0.49], "to": [15.99, 7.99, 0.01], "faces": {"north": {"uv": [0, 8, 3, 11], "texture": "#all", "cullface": "north"}, "east": {"uv": [0, 8, 1, 11], "texture": "#all", "cullface": "north"}, "west": {"uv": [2, 8, 3, 11], "texture": "#all", "cullface": "north"}, "up": {"uv": [0, 8, 3, 9], "rotation": 180, "texture": "#all", "cullface": "north"}, "down": {"uv": [0, 10, 3, 11], "rotation": 180, "texture": "#all", "cullface": "north"}}}, {"from": [9, 5.01, -0.49], "to": [12, 7.99, 0.01], "faces": {"north": {"uv": [4, 8, 7, 11], "texture": "#all", "cullface": "north"}, "east": {"uv": [4, 8, 5, 11], "texture": "#all", "cullface": "north"}, "west": {"uv": [6, 8, 7, 11], "texture": "#all", "cullface": "north"}, "up": {"uv": [4, 8, 7, 9], "rotation": 180, "texture": "#all", "cullface": "north"}, "down": {"uv": [4, 10, 7, 11], "rotation": 180, "texture": "#all", "cullface": "north"}}}, {"from": [5.01, 5.01, -0.49], "to": [7.99, 7.99, 0.01], "faces": {"north": {"uv": [8, 8, 11, 11], "texture": "#all", "cullface": "north"}, "east": {"uv": [8, 8, 9, 11], "texture": "#all", "cullface": "north"}, "west": {"uv": [10, 8, 11, 11], "texture": "#all", "cullface": "north"}, "up": {"uv": [8, 8, 11, 9], "rotation": 180, "texture": "#all", "cullface": "north"}, "down": {"uv": [8, 10, 11, 11], "rotation": 180, "texture": "#all", "cullface": "north"}}}, {"from": [1, 5.01, -0.49], "to": [4, 7.99, 0.01], "faces": {"north": {"uv": [12, 8, 15, 11], "texture": "#all", "cullface": "north"}, "east": {"uv": [12, 8, 13, 11], "texture": "#all", "cullface": "north"}, "west": {"uv": [14, 8, 15, 11], "texture": "#all", "cullface": "north"}, "up": {"uv": [12, 8, 15, 9], "rotation": 180, "texture": "#all", "cullface": "north"}, "down": {"uv": [12, 10, 15, 11], "rotation": 180, "texture": "#all", "cullface": "north"}}}, {"from": [1, 1, -0.49], "to": [4, 4, 0.01], "faces": {"north": {"uv": [12, 12, 15, 15], "texture": "#all", "cullface": "north"}, "east": {"uv": [12, 12, 13, 15], "texture": "#all", "cullface": "north"}, "west": {"uv": [14, 12, 15, 15], "texture": "#all", "cullface": "north"}, "up": {"uv": [12, 12, 15, 13], "rotation": 180, "texture": "#all", "cullface": "north"}, "down": {"uv": [12, 14, 15, 15], "rotation": 180, "texture": "#all", "cullface": "north"}}}, {"from": [5.01, 1, -0.49], "to": [7.99, 4, 0.01], "faces": {"north": {"uv": [8, 12, 11, 15], "texture": "#all", "cullface": "north"}, "east": {"uv": [8, 12, 9, 15], "texture": "#all", "cullface": "north"}, "west": {"uv": [10, 12, 11, 15], "texture": "#all", "cullface": "north"}, "up": {"uv": [8, 12, 11, 13], "rotation": 180, "texture": "#all", "cullface": "north"}, "down": {"uv": [8, 14, 11, 15], "rotation": 180, "texture": "#all", "cullface": "north"}}}, {"from": [9, 1, -0.49], "to": [12, 4, 0.01], "faces": {"north": {"uv": [4, 12, 7, 15], "texture": "#all", "cullface": "north"}, "east": {"uv": [4, 12, 5, 15], "texture": "#all", "cullface": "north"}, "west": {"uv": [6, 12, 7, 15], "texture": "#all", "cullface": "north"}, "up": {"uv": [4, 12, 7, 13], "rotation": 180, "texture": "#all", "cullface": "north"}, "down": {"uv": [4, 14, 7, 15], "rotation": 180, "texture": "#all", "cullface": "north"}}}, {"from": [13.01, 1, -0.49], "to": [15.99, 4, 0.01], "faces": {"north": {"uv": [0, 12, 3, 15], "texture": "#all", "cullface": "north"}, "east": {"uv": [0, 12, 1, 15], "texture": "#all", "cullface": "north"}, "west": {"uv": [2, 12, 3, 15], "texture": "#all", "cullface": "north"}, "up": {"uv": [0, 12, 3, 13], "rotation": 180, "texture": "#all", "cullface": "north"}, "down": {"uv": [0, 14, 3, 15], "rotation": 180, "texture": "#all", "cullface": "north"}}}, {"from": [0.01, 13.01, 7.99], "to": [2.99, 15.99, 8.49], "rotation": {"angle": 0, "axis": "y", "origin": [8, 8, 0]}, "faces": {"east": {"uv": [2, 0, 3, 3], "texture": "#all"}, "south": {"uv": [0, 0, 3, 3], "texture": "#all"}, "west": {"uv": [0, 0, 1, 3], "texture": "#all"}, "up": {"uv": [0, 0, 3, 1], "texture": "#all"}, "down": {"uv": [0, 2, 3, 3], "texture": "#all"}}}, {"from": [4, 13.01, 7.99], "to": [7, 15.99, 8.49], "rotation": {"angle": 0, "axis": "y", "origin": [8, 8, 0]}, "faces": {"east": {"uv": [6, 0, 7, 3], "texture": "#all"}, "south": {"uv": [4, 0, 7, 3], "texture": "#all"}, "west": {"uv": [4, 0, 5, 3], "texture": "#all"}, "up": {"uv": [4, 0, 7, 1], "texture": "#all"}, "down": {"uv": [4, 2, 7, 3], "texture": "#all"}}}, {"from": [8.01, 13.01, 7.99], "to": [10.99, 15.99, 8.49], "rotation": {"angle": 0, "axis": "y", "origin": [8, 8, 0]}, "faces": {"east": {"uv": [10, 0, 11, 3], "texture": "#all"}, "south": {"uv": [8, 0, 11, 3], "texture": "#all"}, "west": {"uv": [8, 0, 9, 3], "texture": "#all"}, "up": {"uv": [8, 0, 11, 1], "texture": "#all"}, "down": {"uv": [8, 2, 11, 3], "texture": "#all"}}}, {"from": [12, 13.01, 7.99], "to": [15, 15.99, 8.49], "rotation": {"angle": 0, "axis": "y", "origin": [8, 8, 0]}, "faces": {"east": {"uv": [14, 0, 15, 3], "texture": "#all"}, "south": {"uv": [12, 0, 15, 3], "texture": "#all"}, "west": {"uv": [12, 0, 13, 3], "texture": "#all"}, "up": {"uv": [12, 0, 15, 1], "texture": "#all"}, "down": {"uv": [12, 2, 15, 3], "texture": "#all"}}}, {"from": [12, 9.01, 7.99], "to": [15, 11.99, 8.49], "rotation": {"angle": 0, "axis": "y", "origin": [8, 8, 0]}, "faces": {"east": {"uv": [14, 4, 15, 7], "texture": "#all"}, "south": {"uv": [12, 4, 15, 7], "texture": "#all"}, "west": {"uv": [12, 4, 13, 7], "texture": "#all"}, "up": {"uv": [12, 4, 15, 5], "texture": "#all"}, "down": {"uv": [12, 6, 15, 7], "texture": "#all"}}}, {"from": [8.01, 9.01, 7.99], "to": [10.99, 11.99, 8.49], "rotation": {"angle": 0, "axis": "y", "origin": [8, 8, 0]}, "faces": {"east": {"uv": [10, 4, 11, 7], "texture": "#all"}, "south": {"uv": [8, 4, 11, 7], "texture": "#all"}, "west": {"uv": [8, 4, 9, 7], "texture": "#all"}, "up": {"uv": [8, 4, 11, 5], "texture": "#all"}, "down": {"uv": [8, 6, 11, 7], "texture": "#all"}}}, {"from": [4, 9.01, 7.99], "to": [7, 11.99, 8.49], "rotation": {"angle": 0, "axis": "y", "origin": [8, 8, 0]}, "faces": {"east": {"uv": [6, 4, 7, 7], "texture": "#all"}, "south": {"uv": [4, 4, 7, 7], "texture": "#all"}, "west": {"uv": [4, 4, 5, 7], "texture": "#all"}, "up": {"uv": [4, 4, 7, 5], "texture": "#all"}, "down": {"uv": [4, 6, 7, 7], "texture": "#all"}}}, {"from": [0.01, 9.01, 7.99], "to": [2.99, 11.99, 8.49], "rotation": {"angle": 0, "axis": "y", "origin": [8, 8, 0]}, "faces": {"east": {"uv": [2, 4, 3, 7], "texture": "#all"}, "south": {"uv": [0, 4, 3, 7], "texture": "#all"}, "west": {"uv": [0, 4, 1, 7], "texture": "#all"}, "up": {"uv": [0, 4, 3, 5], "texture": "#all"}, "down": {"uv": [0, 6, 3, 7], "texture": "#all"}}}, {"from": [0.01, 7.99, 8.01], "to": [2.99, 8.49, 10.99], "rotation": {"angle": 0, "axis": "y", "origin": [8, 0, 8]}, "faces": {"north": {"uv": [0, 8, 3, 9], "rotation": 180, "texture": "#all"}, "east": {"uv": [2, 8, 3, 11], "rotation": 90, "texture": "#all"}, "south": {"uv": [0, 10, 3, 11], "texture": "#all"}, "west": {"uv": [0, 8, 1, 11], "rotation": 270, "texture": "#all"}, "up": {"uv": [0, 8, 3, 11], "texture": "#all"}}}, {"from": [0.01, 7.99, 12], "to": [2.99, 8.49, 15], "rotation": {"angle": 0, "axis": "y", "origin": [8, 0, 8]}, "faces": {"north": {"uv": [0, 12, 3, 13], "rotation": 180, "texture": "#all"}, "east": {"uv": [2, 12, 3, 15], "rotation": 90, "texture": "#all"}, "south": {"uv": [0, 14, 3, 15], "texture": "#all"}, "west": {"uv": [0, 12, 1, 15], "rotation": 270, "texture": "#all"}, "up": {"uv": [0, 12, 3, 15], "texture": "#all"}}}, {"from": [4, 7.99, 12], "to": [7, 8.49, 15], "rotation": {"angle": 0, "axis": "y", "origin": [8, 0, 8]}, "faces": {"north": {"uv": [4, 12, 7, 13], "rotation": 180, "texture": "#all"}, "east": {"uv": [6, 12, 7, 15], "rotation": 90, "texture": "#all"}, "south": {"uv": [4, 14, 7, 15], "texture": "#all"}, "west": {"uv": [4, 12, 5, 15], "rotation": 270, "texture": "#all"}, "up": {"uv": [4, 12, 7, 15], "texture": "#all"}}}, {"from": [4, 7.99, 8.01], "to": [7, 8.49, 10.99], "rotation": {"angle": 0, "axis": "y", "origin": [8, 0, 8]}, "faces": {"north": {"uv": [4, 8, 7, 9], "rotation": 180, "texture": "#all"}, "east": {"uv": [6, 8, 7, 11], "rotation": 90, "texture": "#all"}, "south": {"uv": [4, 10, 7, 11], "texture": "#all"}, "west": {"uv": [4, 8, 5, 11], "rotation": 270, "texture": "#all"}, "up": {"uv": [4, 8, 7, 11], "texture": "#all"}}}, {"from": [8.01, 7.99, 8.01], "to": [10.99, 8.49, 10.99], "rotation": {"angle": 0, "axis": "y", "origin": [8, 0, 8]}, "faces": {"north": {"uv": [8, 8, 11, 9], "rotation": 180, "texture": "#all"}, "east": {"uv": [10, 8, 11, 11], "rotation": 90, "texture": "#all"}, "south": {"uv": [8, 10, 11, 11], "texture": "#all"}, "west": {"uv": [8, 8, 9, 11], "rotation": 270, "texture": "#all"}, "up": {"uv": [8, 8, 11, 11], "texture": "#all"}}}, {"from": [8.01, 7.99, 12], "to": [10.99, 8.49, 15], "rotation": {"angle": 0, "axis": "y", "origin": [8, 0, 8]}, "faces": {"north": {"uv": [8, 12, 11, 13], "rotation": 180, "texture": "#all"}, "east": {"uv": [10, 12, 11, 15], "rotation": 90, "texture": "#all"}, "south": {"uv": [8, 14, 11, 15], "texture": "#all"}, "west": {"uv": [8, 12, 9, 15], "rotation": 270, "texture": "#all"}, "up": {"uv": [8, 12, 11, 15], "texture": "#all"}}}, {"from": [12, 7.99, 8.01], "to": [15, 8.49, 10.99], "rotation": {"angle": 0, "axis": "y", "origin": [8, 0, 8]}, "faces": {"north": {"uv": [12, 8, 15, 9], "rotation": 180, "texture": "#all"}, "east": {"uv": [14, 8, 15, 11], "rotation": 90, "texture": "#all"}, "south": {"uv": [12, 10, 15, 11], "texture": "#all"}, "west": {"uv": [12, 8, 13, 11], "rotation": 270, "texture": "#all"}, "up": {"uv": [12, 8, 15, 11], "texture": "#all"}}}, {"from": [12, 7.99, 12], "to": [15, 8.49, 15], "rotation": {"angle": 0, "axis": "y", "origin": [8, 0, 8]}, "faces": {"north": {"uv": [12, 12, 15, 13], "rotation": 180, "texture": "#all"}, "east": {"uv": [14, 12, 15, 15], "rotation": 90, "texture": "#all"}, "south": {"uv": [12, 14, 15, 15], "texture": "#all"}, "west": {"uv": [12, 12, 13, 15], "rotation": 270, "texture": "#all"}, "up": {"uv": [12, 12, 15, 15], "texture": "#all"}}}], "display": {"thirdperson_lefthand": {"rotation": [75, -135, 0], "translation": [0, 2.5, 0], "scale": [0.375, 0.375, 0.375]}, "gui": {"rotation": [30, 135, 0], "scale": [0.625, 0.625, 0.625]}, "head": {"rotation": [0, -90, 0]}}, "groups": [0, 1, {"name": "down", "origin": [19.975, 8, 8], "children": [2, 3, 4, 5, 6, 7, 8, 9, 10, 11, 12, 13, 14, 15, 16, 17]}, {"name": "up", "origin": [19.975, 8, 8], "children": [18, 19, 20, 21, 22, 23, 24, 25]}, {"name": "west", "origin": [19.975, 8, 8], "children": [26, 27, 28, 29, 30, 31, 32, 33, 34, 35, 36, 37]}, {"name": "south", "origin": [19.975, 8, 8], "children": [38, 39, 40, 41, 42, 43, 44, 45]}, {"name": "east", "origin": [19.975, 8, 8], "children": [46, 47, 48, 49, 50, 51, 52, 53, 54, 55, 56, 57]}, {"name": "north", "origin": [19.975, 8, 8], "children": [58, 59, 60, 61, 62, 63, 64, 65, 66, 67, 68, 69, 70, 71, 72, 73]}, {"name": "other south", "origin": [8, 8, 8], "children": [74, 75, 76, 77, 78, 79, 80, 81]}, {"name": "other up", "origin": [8, 8, 8], "children": [82, 83, 84, 85, 86, 87, 88, 89]}]}