{"multipart": [{"when": {"up": "true"}, "apply": {"model": "minecraft:block/glow_lichen_up"}}, {"when": {"down": "true"}, "apply": {"model": "minecraft:block/glow_lichen_down"}}, {"when": {"north": "true"}, "apply": {"model": "minecraft:block/glow_lichen_north"}}, {"when": {"west": "true"}, "apply": {"model": "minecraft:block/glow_lichen_west"}}, {"when": {"south": "true"}, "apply": {"model": "minecraft:block/glow_lichen_south"}}, {"when": {"east": "true"}, "apply": {"model": "minecraft:block/glow_lichen_east"}}]}